"SEQN","BMDSTATS","BMXWT","BMIWT","BMXRECUM","BMIRECUM","BMXHEAD","BMIHEAD","BMXHT","BMIHT","BMXBMI","BMDBMIC","BMXLEG","BMILEG","BMXARML","BMIARML","BMXARMC","BMIARMC","BMXWAIST","BMIWAIST","BMXHIP","BMIHIP"
130378,1,86.9,,,,,,179.5,,27,,42.8,,42,,35.7,,98.3,,102.9,
130379,1,101.8,,,,,,174.2,,33.5,,38.5,,38.7,,33.7,,114.7,,112.4,
130380,1,69.4,,,,,,152.9,,29.7,,38.5,,35.5,,36.3,,93.5,,98,
130381,1,34.3,,,,,,120.1,,23.8,4,,,25.4,,23.4,,70.4,,,
130382,3,13.6,,,1,,,,1,,,,,,1,,1,,1,,
130386,1,90.6,,,,,,173.3,,30.2,,42.8,,36.2,,35.7,,106.1,,110.6,
130387,1,103.5,,,,,,155.9,,42.6,,36.1,,37.7,,37.4,,122,,148.9,
130388,1,123.7,,,,,,168.2,,43.7,,40,,39.5,,45.7,,118.5,,134,
130389,1,79.8,,,,,,168.9,,28,,36.2,,39.2,,31.9,,98.7,,97.4,
130390,1,122.7,,,,,,163.3,,46,,34,,40.4,,46,,131,,138.5,
130391,1,116.3,,,,,,172.8,,38.9,,35.6,,38,,41.8,,123.8,,138.9,
130392,3,98.7,3,,,,,151.5,,43,,,1,37,,43.9,,,1,,1
130393,1,142,,,,,,175.6,,46.1,,37.6,,37.2,,43.7,,143.8,,137,
130394,1,76.7,,,,,,177.3,,24.4,,41,,38.2,,29.5,,92.1,,99.4,
130395,1,138.4,,,,,,159.2,,54.6,,36.2,,36,,45.2,,142.5,,146.1,
130396,1,65.6,,,,,,154.9,,27.3,,32.7,,35.9,,29.7,,97.9,,101.6,
130397,3,130.2,,,,,,161.8,,49.7,,,1,42.6,,44.4,,136.1,,151.6,
130398,1,73.1,,,,,,159.5,,28.7,,38.6,,36.7,,32.9,,94.8,,97.8,
130399,1,70.8,,,,,,176.7,,22.7,,38.4,,36.3,,31.9,,86,,96.9,
130400,1,73.6,,,,,,160.3,,28.6,,39.7,,37.2,,32.5,,97,,101,
130401,1,85.1,,,,,,173.5,,28.3,3,40,,38.1,,33,,100.3,,107.5,
130402,4,,,,,,,,,,,,,,,,,,,,
130403,2,50.9,,,,,,138.1,,26.7,4,,1,,1,,1,,1,,1
130404,1,75.9,,,,,,171.8,,25.7,,37.1,,36.3,,28.8,,103,,103.2,
130405,1,16.9,,109.9,,,,108.1,,14.5,2,,,22,,16.6,,51.1,,,
130406,1,69,,,,,,165.7,,25.1,,41,,37.5,,32.6,,82.6,,108.5,
130407,1,67.2,,,,,,154.6,,28.1,,35.6,,35,,28.4,,89.9,,104.9,
130408,1,55,,,,,,160.2,,21.4,,42.3,,37.5,,30.4,,77.6,,85.7,
130409,1,86.7,,,,,,181,,26.5,,37.8,,42.6,,32.7,,108.4,,103.3,
130411,1,17.7,,,,,,102.8,,16.7,2,,,20.4,,17.6,,52,,,
130412,1,35,,,,,,127.4,,21.6,4,,,26.5,,23.1,,69.8,,,
130413,1,75.5,,,,,,144.6,,36.1,,28.9,,34.6,,34.1,,111.5,,119.2,
130414,1,136.6,,,,,,162.3,,51.9,4,40.4,,37.4,,40,,132.2,,137,
130415,1,96.4,,,,,,152.7,,41.3,,34.5,,38.8,,42.9,,114.5,,137.8,
130416,1,78.2,,,,,,154.1,,32.9,,34.5,,36.2,,34.5,,88.3,,109.7,
130418,1,93.2,,,,,,174.2,,30.7,,40.5,,39.5,,34.2,,107,,106.9,
130419,1,83.2,,,,,,166.2,,30.1,3,40.9,,37.1,,31.4,,101,,112.3,
130420,1,95.1,,,,,,166.3,,34.4,4,42,,38.2,,38,,112,,113.8,
130422,1,77.5,,,,,,170,,26.8,,39.2,,40.5,,32.6,,98.1,,95.5,
130423,1,102.4,,,,,,178.4,,32.2,4,42.5,,40.1,,36.9,,106.2,,115,
130424,4,,,,,,,,,,,,,,,,,,,,
130425,1,95.8,,,,,,157.9,,38.4,,37.3,,38,,34.1,,113.8,,120.4,
130426,1,69.5,,,,,,159.9,,27.2,,36.1,,35.6,,31.3,,98.3,,99.2,
130429,1,34.4,,,,,,150.2,,15.2,1,38.9,,29.6,,19.8,,58.9,,73.9,
130430,1,63,,,,,,168.5,,22.2,,38.2,,35.6,,29.1,,77.4,,98.5,
130431,1,63.4,,,,,,145.7,,29.9,,33.5,,36.2,,27.9,,100.1,,103.2,
130432,1,66,,,,,,157.3,,26.7,4,38.9,,36.2,,31.1,,90.9,,,
130433,1,47.2,,,,,,165.2,,17.3,2,39,,35,,24.1,,65.2,,85.2,
130434,1,160.2,,,,,,179.6,,49.7,,44.9,,45.4,,47,,150.5,,141.4,
130435,1,67.4,,,,,,169,,23.6,2,40,,36.8,,31.5,,81.6,,94.9,
130436,1,94,,,,,,171.7,,31.9,,40.5,,38.9,,35.2,,105,,101.9,
130437,1,92.3,,,,,,158,,37,,35.7,,35.5,,36.5,,109,,121.6,
130438,1,70.5,,,,,,168.5,,24.8,,38.9,,38.8,,29.8,,98,,94.2,
130440,1,75.2,,,,,,156.5,,30.7,3,39.8,,36,,36.1,,94.7,,110.2,
130441,1,56.9,,,,,,163.7,,21.2,,36.9,,34.5,,26,,77.5,,92.6,
130442,2,124.2,3,,,,,170.8,,42.6,,,1,,1,,1,,1,,1
130443,1,87.6,,,,,,187.6,,24.9,,44.2,,40,,34,,93.2,,106.1,
130444,1,95,,,,,,165.6,,34.6,,38.3,,43.3,,37.3,,101.8,,121.6,
130447,1,43.4,,,,,,162,,16.5,2,37.5,,35.9,,19.9,,63.6,,76.8,
130449,1,99.6,,,,,,169.6,,34.6,,38.2,,35.6,,36,,117.2,,115.8,
130450,1,97,,,,,,163.4,,36.3,,39,,38.7,,38.6,,116,,109.5,
130453,1,121.4,,,,,,187.5,,34.5,,44.5,,43.7,,40.1,,133.3,,122,
130454,1,66.3,,,,,,157.2,,26.8,4,38.7,,37.5,,30.3,,88.1,,96.1,
130456,1,57,,,,,,160.8,,22,,38.2,,35.7,,27.2,,77.2,,99.1,
130457,1,57,,,,,,157.3,,23,,33.6,,36.6,,31.3,,78,,91.8,
130458,1,17.4,,,,,,110.8,,14.2,2,,,22.2,,16.1,,49.8,,,
130460,1,68.6,,,,,,178.1,,21.6,2,41,,39.8,,28.4,,77,,95.2,
130461,1,99.9,,,,,,160.7,,38.7,,32.7,,36.2,,33,,138,,140,
130463,1,23.8,,,,,,130,,14.1,2,,,26.7,,16.6,,53.2,,,
130465,1,108.3,,,,,,169,,37.9,,38.6,,39.3,,36.3,,125,,124.2,
130466,1,69.1,,,,,,167.2,,24.7,,37.1,,37.6,,27.7,,81.2,,96.3,
130467,1,61.8,,,,,,169.9,,21.4,,39.2,,37.9,,26.8,,89.2,,93.2,
130471,1,29.4,,,,,,139,,15.2,2,32,,29.5,,18,,59.5,,,
130472,1,71.8,,,,,,147.6,,33,4,40.2,,32,,33,,98.2,,,
130473,1,56.5,,,,,,158.1,,22.6,,35.8,,33,,27.7,,76.1,,93.9,
130474,1,56.4,,,,,,164.9,,20.7,,36.3,,34,,25.6,,77.6,,93.5,
130475,1,88.2,,,,,,163,,33.2,,36.8,,34.3,,40.4,,105.8,,111.2,
130477,1,68.2,,,,,,168.5,,24,,38.4,,38.2,,29.8,,87.6,,95.5,
130478,1,38.2,,,,,,151.2,,16.7,,33,,33,,22,,66,,80.5,
130479,1,32.9,,,,,,122.9,,21.8,4,,,27.8,,24.2,,66.5,,,
130480,1,65,,,,,,163.3,,24.4,2,35.6,,37.2,,28.2,,79.5,,102.3,
130481,1,17.7,,,,,,107.7,,15.3,2,,,22,,17.5,,51,,,
130482,3,88.6,3,,,,,156,,36.4,4,,1,35.5,,36,,106.5,,,1
130484,1,101.7,,,,,,165.2,,37.3,,40.3,,36.2,,37.7,,117.5,,124.7,
130488,1,35.6,,,,,,144,,17.2,2,37.2,,30,,21,,55.5,,,
130489,1,75.1,,,,,,161,,29,,38.8,,37.1,,34.4,,97,,98,
130490,1,17.4,,,,,,108.9,,14.7,2,,,22.7,,16.6,,48.9,,,
130491,1,98.7,,,,,,164.3,,36.6,,33,,38.2,,38.2,,125,,126.9,
130492,1,107.8,,,,,,162.1,,41,4,37.2,,37,,41,,118.6,,120.5,
130493,1,89.9,,,,,,160.3,,35,,37,,37,,39,,105.4,,135.3,
130494,1,82.5,,,,,,166.9,,29.6,,38.8,,38,,32.9,,100.6,,112.8,
130495,1,90.9,,,,,,167.9,,32.2,,40.5,,39.5,,33.8,,116.2,,104.4,
130497,1,92.4,,,,,,168.8,,32.4,,37.6,,37,,33.6,,109.1,,110.4,
130498,1,55.6,,,,,,153,,23.8,4,35.1,,33.5,,26.6,,82.4,,,
130500,1,79.4,,,,,,161.2,,30.6,,38.4,,37,,30.5,,82.3,,121.5,
130502,1,79.2,,,,,,177.1,,25.3,,40.2,,40.1,,29.7,,96.9,,102.9,
130503,1,135.1,,,,,,172.8,,45.2,,39.1,,44.8,,41.5,,140.3,,150.6,
130504,3,169.2,3,,,,,175.3,,55.1,,,1,40.3,,47.5,,,1,,1
130506,1,65.6,,,,,,170.1,,22.7,,39.7,,36.6,,26.1,,74,,102.3,
130507,1,12.1,,79.5,,,,,,,,,,17.5,,16.5,,,,,
130508,1,60.5,,,,,,162.7,,22.9,,39,,39.3,,28.1,,85.6,,99.2,
130509,1,119.4,,,,,,167.2,,42.7,,37.1,,37,,46.5,,117,,137.4,
130510,1,30.5,,,,,,132.8,,17.3,2,32.6,,29,,21.5,,62.7,,,
130511,1,21.2,,,,,,113.6,,16.4,2,,,24.1,,17.9,,56.2,,,
130513,1,31,,,,,,139,,16,2,31.6,,29,,20.6,,58,,,
130515,1,59.8,,,,,,157.1,,24.2,,36.9,,34.1,,28.7,,88.4,,95.6,
130517,1,74.4,,,,,,168,,26.4,,39.5,,36.1,,32.9,,91.1,,96.9,
130518,1,19.7,,,,,,111,,16,2,,,22.5,,17.6,,50.5,,,
130520,1,74.7,,,,,,174.8,,24.4,,42.1,,40.7,,33.9,,77.2,,95.7,
130521,1,40.4,,,,,,134.6,,22.3,4,30.6,,28,,26.3,,71.6,,,
130522,3,83.2,3,,,,,171.4,,28.3,,,1,39.3,,33.3,,106.5,,,1
130523,1,57.3,,,,,,169.5,,19.9,,38.3,,37.9,,27,,84,,95.5,
130524,1,51.6,,,,,,161.9,,19.7,2,40.2,,34.2,,25,,68.1,,86.8,
130525,1,75.1,,,,,,182.2,,22.6,,42,,41,,28.8,,92.9,,96.7,
130527,1,68.9,,,,,,158.7,,27.4,,36.6,,38.6,,30.8,,99.5,,97.5,
130528,1,49.1,,,,,,157.9,,19.7,2,34.8,,31.3,,23.4,,65.7,,84.7,
130530,1,64.3,,,,,,170.6,,22.1,,38.3,,39.1,,28.8,,80.1,,96.3,
130531,1,41.8,,,,,,149.4,,18.7,2,34.1,,30.4,,23.1,,62.7,,,
130533,2,100.8,3,,,,,173.5,3,33.5,,,1,,1,,1,,1,,1
130534,1,40,,,,,,150.3,,17.7,2,34,,30.8,,23.2,,65.4,,,
130535,1,19.5,,,,,,116.2,,14.4,2,,,24.3,,16.6,,51.4,,,
130536,1,30.2,,,,,,141,,15.2,2,33.8,,28.4,,18.8,,59.9,,,
130537,1,79.7,,,,,,171.8,,27,,40,,40,,33.2,,99,,97.6,
130538,1,82,,,,,,162.7,,31,,38.8,,35,,34.2,,103.1,,101.4,
130539,1,53.6,,,,,,164.4,,19.8,2,38.5,,36.4,,25.9,,71.6,,90.7,
130540,1,159,,,,,,168.1,,56.3,,33.3,,39,,54.6,,139.7,,157.8,
130541,1,59.4,,,,,,165.3,,21.7,,37.7,,33.1,,27.5,,76.7,,97.8,
130542,1,84.3,,,,,,154.5,,35.3,4,36.2,,35,,37.2,,99.8,,110.6,
130545,1,85.4,,,,,,184.1,,25.2,,41.7,,40,,33.2,,91.3,,100.2,
130546,1,58,,,,,,171.1,,19.8,,40,,38,,27,,75,,88,
130547,3,68.4,3,,,,,175.8,,22.1,,,1,37.9,,26.6,,,1,,1
130550,1,61.3,,,,,,160.8,,23.7,,36.8,,33,,28.6,,83.4,,102.7,
130551,1,9.6,,79.8,,,,,,,,,,15,,14.6,,,,,
130552,1,92.3,,,,,,165.7,,33.6,,38.4,,39.3,,34,,99.1,,116.2,
130553,1,85,,,,,,165.7,,31,,44,,35.7,,34.2,,92.8,,118.9,
130555,1,87.7,,,,,,179.8,,27.1,,43.2,,37.5,,33.4,,101.8,,103.7,
130556,1,51.9,,,,,,156,,21.3,2,38,,33.2,,24,,70.5,,91,
130557,1,102.6,,,,,,169.3,,35.8,,36.3,,40.1,,36.9,,130.4,,117.1,
130558,1,83.1,,,,,,171.6,,28.2,,37.8,,37.1,,35.1,,106.8,,103,
130559,1,79.1,,,,,,179.5,,24.5,,43,,39,,31.5,,95.3,,103.1,
130562,1,71.5,,,,,,142.6,,35.2,,30.2,,32,,36.9,,104.7,,112.1,
130563,1,72.9,,,,,,171.8,,24.7,,42,,40.5,,32.5,,98,,100.2,
130564,3,14.2,,88.7,,,,,1,,,,,,1,,1,48.5,,,
130566,1,89.9,,,,,,164,,33.4,,35.9,,35.7,,34.6,,107.6,,107.2,
130568,1,77.2,,,,,,161.2,,29.7,,36.3,,38,,33.1,,99.6,,117.4,
130569,1,54.4,,,,,,153.6,,23.1,,34.5,,34,,26.4,,84.2,,93.1,
130570,1,94.5,,,,,,160.1,,36.9,,35.1,,34.9,,36.3,,118.5,,119.2,
130571,1,73.5,,,,,,157.8,,29.5,,35.4,,36.4,,32.3,,104.9,,107.4,
130573,1,61.6,,,,,,149,,27.7,,32.8,,33.5,,31,,104,,98.1,
130574,1,54.5,,,,,,158,,21.8,,37.4,,35,,27.2,,78,,93.5,
130575,1,80.7,,,,,,172.2,,27.2,4,40.3,,38.8,,33.5,,91,,102.5,
130576,1,90.7,,,,,,168.2,,32.1,,40.5,,37,,35.3,,102.8,,102.5,
130577,1,91.2,,,,,,167.9,,32.4,,41.2,,38.5,,36.7,,109.3,,111.2,
130578,1,83.9,,,,,,169.5,,29.2,,41,,37.4,,33.6,,90.7,,104,
130579,1,78.5,,,,,,170.3,,27.1,,37.8,,44.4,,30.2,,100.1,,101.2,
130580,1,89.6,,,,,,181.9,,27.1,,39.2,,42.9,,33.8,,107.4,,101.7,
130582,1,100.7,,,,,,178.5,,31.6,,45.7,,41.5,,40.8,,100.3,,110.7,
130583,1,11.3,,91.1,,,,89.9,,14,1,,,17,,14.5,,44.4,,,
130584,1,46.3,,,,,,151.2,,20.3,2,37.3,,32.9,,25,,74.7,,,
130585,1,94.1,,,,,,168.6,,33.1,,35.3,,41,,35.7,,113.7,,104.1,
130587,1,69.1,,,,,,159,,27.3,3,38.5,,35.2,,30.1,,89.2,,106.1,
130588,1,74.5,,,,,,159.6,,29.2,,41.5,,35.5,,31.5,,91.6,,113.5,
130589,4,,,,,,,,,,,,,,,,,,,,
130590,1,68.1,,,,,,151.4,,29.7,,32.9,,33.3,,33.6,,98.7,,106.1,
130591,1,96.4,,,,,,170.2,,33.3,4,42.9,,39,,38,,93.2,,116,
130593,1,98.2,,,,,,175.6,3,31.8,,35.5,,39.9,,40.7,,112.6,,109.3,
130594,1,71.4,,,,,,157.5,,28.8,4,38.7,,34.3,,33,,97.5,,102,
130596,1,91.9,,,,,,159.4,,36.2,,38.8,,38.9,,35.8,,122,,125.1,
130598,1,81.1,,,,,,171.3,,27.6,,41.4,,39.1,,34.2,,97,,97.2,
130599,1,110.3,,,,,,148.3,,50.2,,31.5,,36,,51.8,,133,,136.9,
130600,1,86.7,,,,,,175.9,,28,,41.6,,38.5,,35.1,,98.6,,101.7,
130601,1,64.3,,,,,,163.5,,24.1,,38.3,,39.2,,30.9,,86.2,,99.6,
130602,1,25.2,,,,,,134.6,,13.9,2,,,27.8,,18,,55.2,,,
130603,1,91.2,,,,,,175.2,,29.7,,41,,40.6,,33.8,,109,,100.7,
130604,1,86.4,,,,,,147.6,,39.7,,30.1,,32.2,,42.4,,118,,124.9,
130605,1,10.4,,77.8,,,,,,,,,,14.8,,15.3,,,,,
130606,1,95.6,,,,,,163.3,,35.8,,39,,36.7,,35.2,,110.8,,117,
130607,1,99.4,,,,,,160.9,,38.4,,33.5,,33.5,,43.1,,109,,125.3,
130609,1,55.8,,,,,,153.8,,23.6,,34.9,,32.1,,29.2,,80.9,,92.2,
130611,1,66.6,,,,,,155,,27.7,,35,,36.3,,31.8,,101.9,,101.3,
130613,1,61.2,,,,,,153.2,,26.1,3,36.8,,34,,31.5,,81.6,,102.4,
130616,1,85.8,,,,,,170.8,,29.4,,40.5,,39,,35.4,,95,,105.2,
130617,1,54.9,,,,,,157.7,,22.1,,37.5,,32.6,,26.6,,72.5,,98,
130619,1,81.7,,,,,,176,,26.4,,43,,41,,32.8,,94.4,,101.1,
130621,1,95.5,,,,,,178.5,,30,,36.9,,39.6,,34.5,,102.8,,105.5,
130623,1,78.2,,,,,,172,,26.4,,40,,35.6,,29.4,,88.5,,112.8,
130624,1,19.7,,,,,,113.4,,15.3,2,,,23,,17.4,,51.7,,,
130627,1,101.3,,,,,,178.3,,31.9,,39.3,,39.8,,34.8,,121.8,,114.5,
130628,1,66.9,,,,,,184.5,,19.7,,40.5,,41.5,,29.7,,75.5,,90.2,
130629,1,82.7,,,,,,175.8,,26.8,,41.1,,38,,33,,99.5,,97.4,
130632,1,3.8,,51.5,,36.5,,,,,,,,,,,,,,,
130634,1,62.4,,,,,,166.1,,22.6,,34.4,,37.4,,29.3,,73.7,,100.6,
130636,3,47.7,,,,,,154,,20.1,,35,,32,,23.6,,,,91.2,
130637,1,90.8,,,,,,172.8,,30.4,,39.7,,40.7,,38.2,,99.2,,104.2,
130638,1,88.4,,,,,,171.3,,30.1,4,42.2,,41.8,,35.7,,95.9,,105.3,
130639,1,15.1,,,,,,94.6,,16.9,3,,,21.4,,17.5,,50.4,,,
130640,1,77.2,,,,,,155.8,,31.8,,38.3,,36,,35.8,,81.5,,110,
130641,1,5.7,,58.1,,41.2,,,,,,,,12,,12.3,,,,,
130642,1,92,,,,,,171,,31.5,,41.1,,40.8,,38.4,,106,,102,
130643,1,76.6,,,,,,162.5,,29,,41,,41,,37.6,,101.8,,97.5,
130644,1,77.4,,,,,,153.3,,32.9,,37.3,,36.4,,35.5,,99.7,,110.3,
130645,1,55.4,,,,,,170.3,,19.1,,38.4,,37.3,,25.2,,72.3,,90.3,
130646,1,96.1,,,,,,161.7,,36.8,,41.5,,40.9,,36.6,,123.2,,131.5,
130647,1,183.9,,,,,,180.8,,56.3,,45,,46,,51.7,,168,,149.5,
130651,3,74.1,3,,,,,161.6,,28.4,,,1,36.5,,26.2,,,1,,1
130652,1,68.4,,,,,,171.3,,23.3,,41,,38,,31.1,,87,,93.2,
130654,1,70.8,,,,,,164.4,,26.2,,38.1,,36.8,,33.8,,92,,107.6,
130655,1,74.2,,,,,,171.3,,25.3,,38.5,,39,,30,,89.8,,97,
130656,1,83.4,,,,,,157.6,,33.6,,37.1,,36,,42.1,,98,,110.9,
130657,4,,,,,,,,,,,,,,,,,,,,
130658,1,108.9,,,,,,180.9,,33.3,,46.5,,42.5,,39,,116.9,,108.8,
130660,1,17.3,,,,,,104.5,,15.8,2,,,20.7,,17,,51.3,,,
130661,1,50.9,,,,,,173.3,,16.9,1,42.2,,40.1,,23.3,,67.9,,89.7,
130662,1,75,,,,,,155.8,,30.9,,39.2,,35.6,,32.9,,98.8,,115.7,
130663,1,70.9,,,,,,165.6,,25.9,,38.5,,37.3,,30.6,,93.2,,100,
130664,4,,,,,,,,,,,,,,,,,,,,
130665,1,56.8,,,,,,155.9,,23.4,,37.4,,36.6,,28,,80.8,,90.2,
130666,1,135.7,,,,,,180.4,,41.7,,42.2,,45.5,,44.5,,127.3,,127.8,
130667,1,79.6,,,,,,180.6,,24.4,,43.7,,38.4,,32.4,,80.7,,99.4,
130668,1,90.2,,,,,,160.6,,35,,41.1,,38.9,,43.4,,106.8,,118.5,
130670,1,96.2,,,,,,152.3,,41.5,,29.8,,38.6,,40.7,,115.7,,125,
130671,1,80.4,,,,,,166.6,,29,,37.2,,35.5,,34.5,,98,,112.4,
130673,1,41.2,,,,,,146.7,,19.1,2,36.7,,32.8,,23.6,,67.2,,80.7,
130674,1,55.5,,,,,,159.8,,21.7,,34,,36.5,,27.9,,86.4,,89.1,
130676,1,54.7,,,,,,158,,21.9,,35.4,,33.7,,28.1,,76.7,,96.1,
130677,1,46.1,,,,,,144.9,,22,3,33.1,,30.1,,28.3,,88,,,
130680,1,42,,,,,,152.5,,18.1,2,32.5,,33.7,,21.6,,65.6,,80,
130682,1,28.7,,,,,,130.9,,16.7,2,32.8,,29.2,,20.2,,55.5,,,
130683,1,62.4,,,,,,158.5,,24.8,,35.6,,34.8,,29.1,,89.5,,97.9,
130684,1,62.3,,,,,,161.3,,23.9,2,37.8,,37.5,,29,,78.9,,95.7,
130686,1,78.8,,,,,,171.3,,26.9,,36.2,,37,,33,,102.6,,96.5,
130687,1,82.8,,,,,,173.7,,27.4,,38.7,,40,,33.3,,107.9,,103.4,
130688,1,86.9,,,,,,159.2,,34.3,,34,,37.2,,32.7,,115.1,,115.8,
130689,1,29.2,,,,,,139.9,,14.9,2,31.7,,27.5,,18.4,,61.4,,,
130690,1,65.1,,,,,,168,,23.1,,38.6,,38.4,,24.6,,91.1,,91.5,
130691,3,70.2,3,,,,,166,,25.5,,34.6,,34.6,,30,,84,,,1
130692,2,87.9,3,,,,,170.4,,30.3,,,1,,1,,1,,1,,1
130693,1,154.4,,,,,,189.2,,43.1,4,49.2,,44,,45.8,,122,,136,
130695,1,76.5,,,,,,164.7,,28.2,4,39.9,,35.2,,29.9,,104.1,,102.7,
130696,1,12.8,,77.4,,,,,,,,,,15,,17,,,,,
130697,1,58.4,,,,,,165.3,,21.4,,35.7,,33,,27.9,,75.9,,100,
130698,1,99.1,,,,,,163,,37.3,4,41.5,,36.4,,36.3,,99.3,,125.5,
130699,1,16.4,,,,,,109.8,,13.6,1,,,20.8,,15.5,,49.5,,,
130701,1,50.3,,,,,,159.2,,19.8,,34,,32.8,,24.7,,76.7,,89.2,
130702,1,22.9,,,,,,126,,14.4,2,,,25.4,,18.9,,54.3,,,
130703,1,99.9,,,,,,159.6,,39.2,,35,,36.4,,34.3,,126.2,,128.6,
130704,1,64.7,,,,,,159.3,,25.5,,40,,37,,31.7,,89.3,,91.2,
130705,1,125.2,,,,,,181.3,,38.1,,49.5,,43.5,,40.7,,132.2,,120,
130707,1,54.8,,,,,,171.5,,18.6,,39.5,,36.5,,24.5,,68.5,,90,
130708,1,67.5,,,,,,156.4,,27.6,,35.3,,37,,33.1,,99.8,,103.8,
130710,1,71.9,,,,,,170.8,,24.6,,39.5,,38.9,,27.7,,101.5,,104.8,
130711,1,63.4,,,,,,171.8,,21.5,,41,,35.2,,25.7,,72.2,,97,
130713,1,76,,,,,,173.5,,25.2,,38.6,,39,,28.7,,97.2,,96,
130715,1,75.2,,,,,,174.9,,24.6,,40.4,,39.6,,30.8,,87.5,,97.6,
130716,1,18.7,4,,,,,112.8,,14.7,2,,,21.2,,15.9,,51,,,
130717,1,77.4,,,,,,164.8,,28.5,,36.9,,36.8,,32.3,,101.3,,102.7,
130718,1,93.7,,,,,,168.6,,33,,39.8,,41.6,,37.2,,113.3,,101.5,
130720,1,60.4,,,,,,159.3,,23.8,,38.7,,34.5,,26.9,,76.5,,95.4,
130721,1,48.2,,,,,,154.5,,20.2,2,33.8,,32.7,,26,,69,,82,
130722,3,103.1,,,,,,170.2,,35.6,,38,,37.8,,40.3,,,1,126.5,
130723,1,74.1,,,,,,157.9,,29.7,,36.5,,35.3,,34.3,,101.4,,95.3,
130725,1,108.8,,,,,,171.1,,37.2,4,42,,40.5,,40.6,,111.9,,122.1,
130727,1,55.5,,,,,,146.3,,25.9,4,31.7,,30,,30.2,,88.7,,,
130728,1,46.4,,,,,,158.7,,18.4,2,39.5,,35,,25.8,,67.2,,82.5,
130729,1,65.8,,,,,,159.5,,25.9,2,38.5,,35.6,,30.7,,92.1,,100,
130730,1,76.7,3,,,,,166.3,,27.7,,36.3,,40.2,,31.6,,100.2,,106.5,
130731,3,11.7,,83.6,,,,,1,,,,,16.8,,16.1,,46.8,,,
130734,1,93.2,,,,,,184.9,,27.3,,44.4,,43,,39.8,,86.8,,100.5,
130735,1,39,,,,,,146.3,,18.2,2,32.8,,32.4,,22.4,,68.7,,,
130737,1,14.1,,97.4,,,,94.5,,15.8,2,,,21.4,,17.1,,40.3,,,
130739,1,78.8,,,,,,161.8,,30.1,,36.8,,37,,32.5,,103,,99,
130740,1,15.3,,,,,,101.9,,14.7,2,,,21.5,,15.1,,48.3,,,
130742,3,109,,,,,,164.2,,40.4,,,,41.9,,41.3,,127.8,,126.6,
130743,1,55.9,,,,,,167.5,,19.9,,38.6,,36.5,,23.2,,85.7,,91.7,
130744,1,117,,,,,,167.3,,41.8,,34.8,,41.3,,45.5,,122,,131,
130745,1,70.7,,,,,,152.2,,30.5,,35.3,,36,,32.2,,93.5,,110.8,
130746,1,99.9,,,,,,157.8,,40.1,,32,,34.5,,36.5,,115.4,,126,
130752,1,68.1,,,,,,159,,26.9,,36,,36.8,,29.8,,99.9,,103.2,
130754,1,97.4,,,,,,175.7,,31.6,,40.7,,40,,37.5,,111.5,,105.7,
130755,1,21.4,,,,,,107.4,,18.6,4,,,22.5,,19.5,,57,,,
130757,1,27.2,,,,,,136.3,,14.6,2,31.5,,27.5,,18.5,,55.5,,,
130758,1,53.3,,,,,,176.8,,17.1,1,41.9,,37.2,,23.7,,69.1,,84.2,
130759,1,61.3,,,,,,174.9,,20,,40,,38.1,,24.5,,83.3,,89.4,
130760,1,67.1,,,,,,176.9,,21.4,,41.8,,38,,31.6,,80.8,,97.3,
130761,1,57.5,,,,,,162.1,,21.9,,38.5,,33.3,,26.5,,80.9,,94.5,
130762,1,61.4,,,,,,162.5,,23.3,,38.5,,35,,29,,79.7,,94.8,
130763,1,58.1,,,,,,169.2,,20.3,2,37.3,,35,,24.2,,74.5,,94,
130765,1,45.2,,,,,,152,,19.6,2,37,,34.5,,22.3,,73.8,,86.4,
130766,2,90.4,,,,,,172.1,,30.5,,,1,,1,,1,,1,,1
130767,1,70.5,,,,,,152.4,,30.4,,36.5,,36.4,,35.9,,102.4,,98.7,
130768,1,55,,,,,,155,,22.9,,34.5,,34.3,,27.8,,81.1,,97,
130769,1,80.7,,,,,,185.4,,23.5,,43.4,,40.3,,32.3,,89.3,,104.3,
130771,1,73.2,,,,,,187,,20.9,,49,,39.9,,31.7,,84.7,,94.2,
130772,1,21.4,,,,,,117.6,,15.5,2,,,24,,18.1,,53,,,
130774,1,70,,,,,,153.2,,29.8,,35.6,,34,,32.1,,89,,101,
130775,1,94.6,,,,,,183.7,,28,,42.4,,40.6,,36.7,,101.9,,102.3,
130776,1,61.8,,,,,,148.5,,28,,34.5,,31.6,,33.5,,74.2,,101.4,
130777,1,90,,,,,,185.9,,26,,44.9,,42.1,,33.3,,100.3,,109.8,
130779,1,49.4,,,,,,164.9,,18.2,2,37.1,,35.4,,21.7,,66,,87.8,
130780,1,82.8,,,,,,168.1,,29.3,,35,,40.4,,36.1,,97.7,,110.6,
130781,1,100.7,,,,,,176.6,,32.3,,44.4,,41.8,,37.9,,112.3,,109.5,
130782,1,69,,,,,,173.2,,23,,42.7,,39,,32,,77.6,,93,
130783,1,62.2,,,,,,146,,29.2,4,35.6,,31.9,,30,,92.4,,,
130784,1,18.6,,,,,,106.6,,16.4,2,,,21.8,,17.6,,53.4,,,
130785,1,69,,,,,,181.3,,21,,40.8,,42.9,,31.3,,74.5,,89.8,
130786,1,76.6,,,,,,177.4,,24.3,,40,,39,,30.5,,100.8,,109,
130788,1,74.2,,,,,,187.6,,21.1,,44.7,,42.4,,28.2,,80.5,,95.5,
130789,1,60.1,,,,,,176.4,,19.3,2,48.4,,41,,25,,75.5,,92.2,
130790,1,21.1,,,,,,116.6,,15.5,2,,,23.5,,17.6,,51,,,
130791,1,98.4,,,,,,163.5,,36.8,,37.5,,34.2,,39.5,,117,,123.4,
130792,1,47.2,,,,,,161.3,,18.1,2,41,,35.5,,23,,66.7,,83,
130793,1,90.9,,,,,,171.3,,31,,38.8,,41,,33.6,,109.5,,102.8,
130794,1,18.3,,,,,,105.6,,16.4,2,,,20.6,,17.7,,52.4,,,
130795,1,54.1,,,,,,175.3,,17.6,2,41,,35.4,,24.7,,68.4,,88.7,
130796,1,76.5,,,,,,169.9,,26.5,,38.5,,37.9,,36.3,,108.4,,110,
130797,1,88.7,,,,,,174.6,,29.1,,40.3,,39.5,,33.1,,113.6,,105.4,
130798,3,26.8,,,,,,122,,18,2,,,26.8,,21.9,,,1,,
130799,1,113.1,,,,,,162.8,,42.7,,37.5,,37,,43.1,,129.6,,129,
130800,1,48.4,,,,,,153.5,,20.5,,38.8,,35,,25.1,,69.8,,84.6,
130801,1,59.9,,,,,,170.3,,20.7,,40.3,,38.7,,26.3,,86.1,,89.9,
130802,1,64.1,,,,,,166.8,,23,,39.3,,37.2,,28.1,,93.5,,100.4,
130803,1,28.3,,,,,,109.5,,23.6,4,,,24.5,,22.9,,72.8,,,
130804,1,106.2,,,,,,165.5,,38.8,,37.6,,38.9,,41.8,,124.8,,117.8,
130805,1,153.5,,,,,,164.2,,56.9,,41,,38.7,,46.8,,155.5,,154.2,
130806,1,57.9,,,,,,149.5,,25.9,,33.2,,35,,30.8,,83.5,,94.6,
130807,1,53.6,,,,,,160.2,,20.9,,35.5,,32,,27.3,,79,,91.1,
130808,1,69.7,,,,,,162.4,,26.4,4,40.3,,38.8,,30.5,,88,,97,
130810,1,68.8,,,,,,170.1,,23.8,,39.6,,39.8,,31.2,,95.1,,90.5,
130811,1,72.7,,,,,,169,,25.5,,37,,38.5,,30.3,,101.9,,96.4,
130812,1,5.3,,57.6,,39.7,,,,,,,,,,,,,,,
130815,1,76.8,,,,,,185.9,,22.2,,44.8,,43.3,,32,,88,,97.1,
130816,1,76.9,,,,,,167.5,,27.4,4,43,,39.5,,33.3,,89.7,,102.6,
130818,3,170.5,3,,,,,182.7,,51.1,,,1,41.8,,42.3,,,1,,1
130819,2,19.4,3,,,,,109.5,,16.2,2,,,,1,,1,,1,,
130822,1,33.8,,,,,,127.9,,20.7,3,28.5,,28.6,,24.4,,72,,,
130823,1,39.9,,,,,,151.3,,17.4,2,36.6,,31.2,,22,,66.1,,,
130824,1,28.7,,,,,,130.5,,16.9,2,29.1,,27.5,,20.4,,60.1,,,
130826,1,109.1,,,,,,155.7,,45,,29.8,,38.5,,40,,126.8,,152.5,
130827,1,92.5,,,,,,176.2,,29.8,,43.9,,41.4,,38.3,,101.2,,106.9,
130828,1,89.1,,,,,,171.5,,30.3,,40.5,,39,,36,,87.7,,111.6,
130829,1,75.4,,,,,,158,,30.2,,33.9,,36,,34.6,,108.4,,110,
130830,1,76,,,,,,176.8,,24.3,,41.2,,39,,32,,92.6,,99.3,
130831,1,84.9,,,,,,181.6,,25.7,3,44.8,,39,,33,,87.8,,101.3,
130832,1,84.4,,,,,,162.3,,32,,34,,36.8,,32.8,,113.4,,108.1,
130833,1,48,,,,,,161.3,,18.4,,37.3,,32,,23.8,,72.8,,86.2,
130834,1,80.9,,,,,,167.8,3,28.7,,40.1,,40.7,,33.1,,94.8,,102.8,
130835,3,60.3,3,,,,,167.1,,21.6,,36.4,,36.4,,27.2,,,1,,1
130836,1,121.6,,,,,,185.8,,35.2,,44,,40.4,,37.5,,126.9,,121.6,
130838,1,92.3,,,,,,176.6,,29.6,,41.6,,42.1,,35.8,,104.8,,98.9,
130839,3,118.2,3,,,,,181.4,3,35.9,,,1,43,,40,,,1,,1
130840,1,55,,,,,,171.4,,18.7,2,39.6,,37.6,,25,,70.2,,88.5,
130841,1,75.2,,,,,,162.5,,28.5,,37.7,,37.5,,33.6,,100.4,,113.2,
130842,1,145,,,,,,175,,47.3,,43.1,,38.8,,42.4,,143.4,,130.8,
130843,1,71.5,,,,,,182.5,,21.5,,43.7,,42,,29.6,,88.5,,91,
130845,1,89,,,,,,175.9,,28.8,,41.3,,38.7,,35.4,,107.6,,103.6,
130846,1,61.6,,,,,,154.7,,25.7,3,36.1,,33.7,,29.4,,81.6,,101.7,
130847,1,97.3,,,,,,169.8,,33.7,,37.1,,38,,34.8,,122.3,,110.4,
130848,1,66.7,,,,,,165.1,,24.5,,36.7,,35.5,,31.2,,78.1,,99.5,
130850,1,71.2,,,,,,164.5,,26.3,3,37,,36.3,,28,,93.3,,97.4,
130851,1,31.2,,,,,,134.2,,17.3,2,30.1,,26.7,,19.4,,58.5,,,
130852,1,16.6,,101.4,,,,100.3,,16.5,2,,,20.2,,17.1,,52.9,,,
130853,1,12.4,,93,,,,93,,14.3,1,,,19.6,,15.2,,44.9,,,
130854,1,46.8,,,,,,144.5,3,22.4,,28.5,,32.8,,23.7,,81.5,,86.4,
130855,1,123.7,,,,,,171.5,,42.1,4,46.5,,38.3,,41.7,,125.7,,137.5,
130856,1,81.1,,,,,,168.4,,28.6,,46.6,,39.7,,29.7,,98,,101.4,
130857,1,48.1,,,,,,161.4,,18.5,2,38.6,,37,,24.3,,72.4,,86,
130859,1,18.4,,,,,,107.6,,15.9,2,,,22.9,,18,,52.8,,,
130861,1,66.2,,,,,,150.8,,29.1,,36,,34.5,,31.3,,99.8,,105.4,
130862,1,49.9,,,,,,149.9,,22.2,3,36.8,,33,,25,,75,,,
130863,1,87.1,,,,,,180.8,,26.6,,41.8,,43.2,,36.9,,105.2,,105.3,
130864,1,98.5,,,,,,177.2,,31.4,,42.7,,41.6,,37.4,,106.3,,106,
130865,1,67.7,,,,,,168.8,,23.8,,36.5,,36.3,,30.7,,89.2,,93.5,
130866,1,27.4,,,,,,137.4,,14.5,1,32,,29.6,,20,,55,,,
130867,1,80,,,,,,152.9,,34.2,,39.5,,36.4,,37.1,,95.9,,122.9,
130868,1,70.8,,,,,,168.9,,24.8,,40.2,,38.5,,33,,84.6,,94.4,
130869,1,13.8,,88,,,,,,,,,,18,,16.2,,,,,
130871,1,92.4,,,,,,153.1,,39.4,,28.3,,37.5,,42.5,,121.1,,125.9,
130873,1,56.5,,,,,,170.7,,19.4,2,42,,37.7,,26.2,,68.6,,85.2,
130874,1,46.5,,,,,,151.2,,20.3,2,36.1,,33,,23,,76.8,,91.6,
130875,1,80.8,,,,,,169.2,,28.2,,35.6,,38.4,,32.5,,101.6,,99.7,
130876,1,17.2,,,,,,110.7,,14,2,,,23.2,,17.2,,49.3,,,
130877,1,49.8,,,,,,145.6,,23.5,4,33.6,,31,,27.2,,87,,,
130878,1,107,,,,,,149.6,,47.8,,37,,34.8,,47.2,,122.9,,142.2,
130879,2,80.3,3,,,,,160.9,,31,,,1,,1,,1,,1,,1
130880,1,103.3,,,,,,175.1,,33.7,,39.9,,42.2,,37,,115.9,,112.6,
130881,1,80.7,,,,,,169,,28.3,,41.3,,37.8,,35.7,,93.5,,114.2,
130882,1,123.1,,,,,,188.1,,34.8,,43.4,,41,,37.2,,122,,116.1,
130883,1,56.6,,,,,,151.3,,24.7,,35.1,,34.7,,28,,84.6,,98.3,
130884,1,91.4,,,,,,168,,32.4,,38.4,,36.8,,33.7,,104.9,,123,
130886,1,15.8,,99.7,,,,97,,16.8,2,,,20.3,,17.5,,50.7,,,
130888,1,81.1,,,,,,163.7,,30.3,4,36.3,,36,,33.1,,96,,110.2,
130889,1,87.1,,,,,,173.1,,29.1,4,44.4,,40,,34,,100.3,,108.7,
130890,1,104.4,,,,,,176.8,,33.4,,41.5,,38.8,,38.7,,114.6,,110,
130891,1,15.3,,99.6,,,,97,,16.3,2,,,23,,15.8,,50,,,
130892,1,139.7,,,,,,169,,48.9,,32.9,,36.8,,43.3,,149.1,,155,
130893,1,66.7,,,,,,164.4,,24.7,,36.6,,35.3,,28.7,,82.9,,104.8,
130895,1,55.5,,,,,,160.8,,21.5,,38,,33.7,,27.5,,74.4,,93.3,
130897,1,110.3,,,,,,173,,36.9,,40,,38.7,,39.5,,112.4,,111,
130898,1,50.1,,,,,,159.8,,19.6,2,42.6,,35.5,,27.5,,71,,87.3,
130899,1,106.2,,,,,,166.7,,38.2,,38.4,,38.2,,40.5,,111.9,,120.1,
130900,1,49.3,,,,,,148.6,,22.3,,34,,32.3,,25.8,,78.6,,91,
130901,1,69.2,,,,,,152.5,,29.8,,37.1,,35.5,,32.3,,103.2,,108.7,
130902,1,36.3,,,,,,136.8,,19.4,3,32.5,,29,,23,,68.8,,,
130904,1,86.1,,,,,,177.5,,27.3,,43.2,,39,,35.8,,85.8,,100.4,
130905,1,28.9,,,,,,141.7,,14.4,2,32.3,,29.6,,20.7,,55.2,,,
130908,1,84.6,,,,,,175,,27.6,,41.4,,40.1,,33.2,,103.3,,97.5,
130910,1,95.7,,,,,,174.5,,31.4,,41.5,,41,,38.7,,98.5,,109.2,
130911,1,40.1,,,,,,147.5,,18.4,,34.1,,32.1,,21.5,,64.6,,81.9,
130912,1,102,,,,,,167,,36.6,,36.7,,35.7,,37.1,,124,,126.7,
130913,1,114.5,,,,,,175.8,,37,,43.4,,40.6,,39.2,,118.9,,125.2,
130914,4,,,,,,,,,,,,,,,,,,,,
130915,1,69.3,,,,,,174.4,,22.8,,41.3,,41.9,,30.5,,82.6,,96.3,
130916,1,37.5,,,,,,145.3,,17.8,2,35.2,,30.2,,21.2,,62.4,,,
130918,1,77.8,,,,,,175.1,,25.4,,40.7,,36,,33,,90.2,,98.9,
130919,1,24.7,,,,,,126.2,,15.5,2,,,25.2,,18.7,,56.1,,,
130920,1,148,,,,,,172.2,,49.9,,41,,40.7,,46,,134.6,,155.1,
130921,1,66.3,,,,,,180.8,,20.3,,38,,41,,28.5,,79.2,,89.6,
130922,1,95.5,,,,,,164.8,,35.2,,37.2,,36.5,,36.8,,105,,124,
130923,1,101.8,,,,,,162.2,,38.7,,36.2,,35.8,,39.9,,117.4,,128.4,
130924,1,99.3,,,,,,170.4,,34.2,,44.2,,40.4,,36.8,,118.7,,127.3,
130925,1,22.2,,106.1,,,,103.6,,20.7,4,,,21.7,,20.2,,62,,,
130926,1,69.6,,,,,,146,,32.7,,30.2,,33,,30.3,,108,,115,
130927,1,26.4,,,,,,130.6,,15.5,2,30.4,,26.4,,19.2,,56,,,
130928,1,57.8,,,,,,165.9,,21,2,40.5,,36,,26.5,,71.4,,92.6,
130930,1,69.2,,,,,,166.5,,25,,39.2,,36.5,,32.7,,85.9,,90.5,
130931,1,119.2,,,,,,178.5,,37.4,,42,,41.5,,40,,123.1,,120.7,
130932,1,105.8,,,,,,181.7,,32,,42.8,,42,,44,,112,,110.2,
130933,1,72.6,,,,,,168.9,,25.4,,40,,37.2,,33.6,,91.5,,99,
130934,1,109.4,,,,,,175.7,,35.4,,41,,38.7,,38.5,,112.7,,115,
130935,1,72.3,,,,,,176.5,,23.2,,42.5,,40.3,,29.9,,89,,95.5,
130936,1,68.7,,,,,,164.6,,25.4,,36.2,,35.3,,28,,94.7,,101.8,
130938,1,99.4,,,,,,172.9,,33.3,,38.1,,43.4,,36.2,,121,,117.9,
130939,1,75.8,,,,,,165.7,,27.6,,39.8,,40.4,,33.9,,102.1,,106.3,
130941,1,89.3,,,,,,178.2,,28.1,,40,,38,,32.2,,103,,109.1,
130942,1,78.1,,,,,,170.7,,26.8,,43,,38.6,,32.9,,96,,96,
130943,1,96.3,,,,,,159.5,,37.9,,37.8,,36.6,,37.5,,122.7,,136.6,
130944,1,90.8,,,,,,160.7,,35.2,,44.4,,36,,34.4,,102.1,,120.3,
130945,1,57.3,,,,,,145,,27.3,,32.7,,34.4,,32.9,,92.1,,97.7,
130947,1,69.6,,,,,,149.2,,31.3,,35,,33,,34.1,,100.2,,106.6,
130948,1,66.6,3,,,,,152.2,,28.8,,35,,33.5,,30,,95.3,,108.3,
130949,1,52.9,,,,,,159.2,,20.9,2,36,,35.6,,24,,75.7,,91.2,
130950,1,113.2,,,,,,173.1,,37.8,,36.5,,38,,38.7,,123,,133.3,
130951,1,78.3,,,,,,159.7,,30.7,,38.5,,36.4,,35.5,,103.3,,110.5,
130952,1,92.4,,,,,,178,,29.2,,44.5,,38.9,,34,,100.8,,109.2,
130955,1,103.9,,,,,,170.5,,35.7,4,39.8,,40.2,,39.3,,109.8,,117.1,
130956,1,105.1,,,,,,195.5,,27.5,,45.4,,42.2,,38,,104.8,,110.1,
130958,1,19.2,,110,,,,109.1,,16.1,2,,,21.6,,17.6,,50.4,,,
130959,1,27.2,,,,,,133.9,,15.2,2,30.7,,28.2,,18.8,,57,,,
130960,1,70.3,,,,,,159,,27.8,,32.3,,36.4,,32.5,,99.4,,108,
130961,1,60.5,,,,,,183.9,,17.9,,47.3,,41,,25.3,,74.7,,87.8,
130962,1,75,,,,,,177.2,,23.9,2,45.5,,38.3,,28.9,,78.9,,101,
130963,1,57.1,,,,,,167.2,,20.4,2,37.5,,41.4,,26.7,,75.5,,87.7,
130964,1,80.2,,,,,,171.8,,27.2,,39.5,,37,,32.2,,96.7,,113,
130966,1,51.2,,,,,,160.3,,19.9,,35.9,,34,,25.8,,75.4,,89.1,
130968,1,99.9,,,,,,164.4,,37,,36,,35.5,,41.2,,113.9,,129.9,
130969,1,99.7,,,,,,177.5,,31.6,4,47.1,,40,,40.3,,103.8,,115,
130970,1,91.2,,,,,,170.9,,31.2,,39.2,,39.4,,34,,106.4,,107.5,
130972,1,142.2,,,,,,167.4,,50.7,,33.5,,37.5,,41.3,,150.5,,145.2,
130973,1,22,,,,,,120.4,,15.2,2,,,24.2,,18.5,,53.3,,,
130974,1,83.2,,,,,,169.7,,28.9,,40.8,,37.6,,34.5,,101.9,,102.2,
130975,1,77.9,,,,,,176.3,,25.1,,39.5,,37,,33.3,,89.7,,94.2,
130976,1,37.2,,,,,,144.7,,17.8,2,34.2,,31,,20.5,,64.8,,80,
130977,1,89.5,,,,,,178.8,,28,,41.3,,41.7,,34.1,,107.4,,101.3,
130978,1,113.1,,,,,,185.2,,33,,45.7,,44.2,,39,,122.3,,117,
130980,1,109,,,,,,169.5,,37.9,,43.4,,41.3,,41.9,,126.3,,119,
130981,1,73,,,,,,161.8,,27.9,,37.8,,36,,33.7,,93.5,,109,
130982,1,90.3,,,,,,162.3,,34.3,,37.6,,38.5,,34.6,,115.1,,115.4,
130983,1,99.1,,,,,,155.9,,40.8,,35.6,,36.1,,42.1,,121.7,,122.8,
130985,1,83.6,,,,,,180,,25.8,,43.7,,40.2,,32.3,,89.5,,103.7,
130986,1,89.6,,,,,,177.2,,28.5,,41.1,,39.9,,36.3,,96.4,,102.2,
130987,1,19.3,,100,,,,98.5,,19.9,4,,,20.7,,19.7,,59.2,,,
130988,1,60.7,,,,,,175.5,,19.7,2,41.8,,38,,26.3,,71.2,,91.3,
130989,1,10.4,,78.1,,,,,,,,,,14,,16,,,,,
130991,1,95,,,,,,170.5,,32.7,4,45.2,,37.2,,37.5,,100.6,,114.3,
130992,1,176.6,,,,,,176.9,,56.4,,37.2,,37.5,,47.8,,158.7,,144,
130995,1,91.9,,,,,,150.1,,40.8,,36.2,,33.7,,42.1,,117.8,,116.9,
130998,1,45.7,,,,,,150.2,,20.3,2,36.5,,32.5,,24.2,,66.6,,83.4,
130999,3,16.2,,,1,,,102.9,,15.3,2,,,22,,16.5,,50,,,
131000,1,50.2,,,,,,157.9,,20.1,,34.5,,35.2,,27.4,,82.1,,88,
131001,1,55.7,,,,,,165.2,,20.4,,37.7,,36.2,,25,,73.3,,97.2,
131002,1,58.1,,,,,,158.8,,23,,38,,36.6,,27.9,,81.2,,95.1,
131005,1,99,,,,,,181.3,,30.1,,42.7,,42.9,,35,,109.4,,113.8,
131006,1,102.1,,,,,,169.6,,35.5,,44.7,,37.7,,40,,98.2,,126.5,
131007,1,70.1,,,,,,154.6,,29.3,,33.8,,37,,31.3,,102,,104.8,
131009,1,56.9,,,,,,152.9,,24.3,2,35.2,,37.5,,27,,91.5,,91.8,
131010,1,49,,,,,,156.8,,19.9,,36.1,,33.1,,24.5,,71.5,,93.8,
131012,1,133.2,,,,,,185.2,,38.8,,41.4,,40,,41.8,,137.4,,120.9,
131013,1,93.6,,,,,,181.5,,28.4,,40.2,,43.2,,34.2,,109.6,,107.3,
131014,1,80.6,,,,,,171.4,,27.4,,35.8,,39.5,,34.2,,98.1,,98,
131015,1,41.2,,,,,,155.6,,17,2,39.1,,33.3,,22.3,,61.1,,,
131016,1,109.6,,,,,,174.6,,36,,42.5,,41.8,,39.7,,127,,114,
131017,1,52.9,,,,,,163.6,,19.8,,38.7,,33.5,,24.5,,74.5,,91.8,
131018,1,58.5,,,,,,158.8,,23.2,3,39,,35.6,,28.1,,82.1,,96.3,
131019,2,155.4,,,,,,152.9,,66.5,,,1,,1,,1,,1,,1
131023,1,66.9,,,,,,158.1,,26.8,,36,,36,,32.5,,87.1,,104.2,
131024,1,95.2,,,,,,185.6,3,27.6,,42.1,,41.1,,32.3,,107.7,,109.4,
131025,1,65.7,,,,,,164.9,,24.2,,40.1,,34.3,,26.3,,94.6,,102.4,
131031,1,68.2,,,,,,168.7,,24,,38.6,,36.9,,31.4,,81,,97.5,
131032,1,127.2,,,,,,167.5,,45.3,4,37,,35.4,,45.1,,130.6,,131.3,
131033,1,55.1,,,,,,156.2,,22.6,,36.6,,36,,26.1,,87,,95.7,
131034,2,80.1,3,,,,,167.3,,28.6,,,1,,1,,1,,1,,1
131035,1,70.4,,,,,,172.2,,23.7,2,43.5,,39,,30.3,,84.4,,95.5,
131038,1,67.2,,,,,,156.4,,27.5,,38.8,,34.6,,31.3,,90.8,,96.8,
131041,1,66.7,,,,,,176.2,,21.5,,43.2,,44.4,,29.1,,84.7,,93.6,
131042,1,75.6,,,,,,169.9,,26.2,,38.7,,38,,32.2,,90.4,,103.4,
131044,1,64.5,,,,,,166.6,,23.2,,33.3,,38.3,,28.8,,85.8,,93.3,
131046,1,82.4,,,,,,185.9,,23.8,,43.5,,40,,32.5,,90.9,,97.6,
131047,1,14.7,,,,,,100,,14.7,2,,,20,,15.8,,46.8,,,
131048,1,71.2,,,,,,172.2,,24,2,45.3,,39.3,,29.1,,80.8,,86.4,
131049,1,51.9,,,,,,153.7,,22,2,36.1,,32.9,,27.3,,75.7,,87.2,
131050,1,65.3,,,,,,160.2,,25.4,,39.5,,39.2,,27.9,,105.6,,96,
131051,1,77.2,,,,,,178.6,,24.2,,32.7,,37.5,,31.2,,86.2,,96.5,
131052,1,67.4,,,,,,153.6,,28.6,,34.5,,32.4,,32.6,,97.5,,108,
131053,1,103.9,,,,,,165.9,,37.8,,32.6,,36.8,,35.5,,123.1,,137.3,
131054,1,68.3,,,,,,178,,21.6,,42.4,,40.5,,27.4,,84,,86.4,
131056,1,83.7,,,,,,168,,29.7,,41.2,,39.6,,34.1,,100.7,,111.3,
131057,1,86.6,,,,,,172.3,,29.2,,39.5,,39.7,,32.3,,105.6,,108.6,
131058,3,84,3,,,,,172.7,,28.2,,,1,39.3,,34.1,,98.1,,,1
131059,1,77.2,,,,,,165.8,,28.1,,36,,36.2,,33,,100.4,,101.5,
131060,1,112.6,,,,,,169.7,,39.1,,38.6,,41,,41.4,,115.3,,127.2,
131061,1,82.1,,,,,,167.5,,29.3,,33.2,,38.5,,34.6,,102.3,,110.9,
131063,1,88.8,,,,,,158.3,,35.4,,35,,36.4,,33.5,,98.1,,109.1,
131064,1,72.6,,,,,,158.9,,28.8,3,37.3,,36,,30.4,,100,,103.4,
131065,1,73.2,,,,,,161.4,,28.1,,32.2,,38.4,,30.2,,98.5,,96.6,
131066,1,98,,,,,,184.1,,28.9,,40.5,,44.2,,36.9,,103.7,,104.4,
131068,1,15.7,,,,,,99.4,,15.9,2,,,20.6,,17.8,,50.3,,,
131069,1,23.6,,,,,,120.7,,16.2,2,28,,25.1,,18.5,,57.1,,,
131070,1,86.1,,,,,,178,,27.2,,42.5,,38.5,,32.1,,103.8,,104.7,
131071,1,11.4,,76.1,,,,,,,,,,17.8,,17.2,,,,,
131072,4,,,,,,,,,,,,,,,,,,,,
131073,1,123.9,,,,,,174.8,,40.5,,38.2,,42.9,,40.6,,131.1,,121.3,
131075,1,65.1,,,,,,171.7,,22.1,,37.4,,38.2,,30.1,,82.7,,86.2,
131076,3,74.7,3,,,,,,1,,,38.5,,37,,30.7,,105.7,,95.6,
131077,1,92.6,,,,,,169.5,,32.2,,38.3,,39,,36.3,,104.9,,107.2,
131079,1,108.1,,,,,,182.4,,32.5,,45,,38.4,,39.2,,104.7,,111.6,
131080,1,25.7,,,,,,129.6,,15.3,2,29,,26.2,,18.2,,52.8,,,
131081,1,20.2,3,,,,,111.6,,16.2,2,,,23.8,,17.6,,52.2,,,
131082,1,106.1,,,,,,160,,41.4,,39,,37.1,,41,,120.7,,125,
131083,1,98.6,,,,,,155.7,,40.7,,31.4,,32,,38.5,,120.5,,130.9,
131084,1,64.7,,,,,,159.9,,25.3,,36.7,,34.2,,32.7,,85.4,,100.7,
131085,1,81.9,,,,,,173.3,,27.3,,42.2,,44,,31.4,,101.8,,103.5,
131086,1,74.4,,,,,,154.1,,31.3,4,37,,34.8,,32.3,,93.5,,107.5,
131087,1,24.8,,,,,,123.9,,16.2,2,,,23.6,,18.6,,53.4,,,
131093,1,112.7,,,,,,173.2,,37.6,,39.9,,38.9,,38,,123.8,,112,
131094,1,75.5,,,,,,168.1,,26.7,,41,,39,,33.5,,86.8,,109.8,
131095,1,74.3,,,,,,168.6,,26.1,,37,,35.1,,28.5,,107.8,,106.7,
131096,1,74.4,,,,,,178,,23.5,2,41.5,,40.9,,30.8,,82.6,,98.4,
131097,1,64.8,,,,,,159.1,,25.6,,38,,36,,29.9,,91,,106.4,
131098,1,54.8,,,,,,142,,27.2,,34.1,,32,,29.5,,85.7,,88.7,
131099,1,103.9,,,,,,156.5,,42.4,,35,,37.2,,43.1,,113.6,,131.6,
131100,1,75.6,,,,,,160.2,,29.5,,38.1,,38.1,,33.6,,101.2,,109,
131102,1,79.3,,,,,,164.6,,29.3,,40.6,,35,,36.7,,94.6,,112.6,
131103,1,47.5,,,,,,134.1,,26.4,4,,,29.2,,25.8,,83.5,,,
131104,1,20.2,,,,,,108.9,,17,3,,,22.8,,18.1,,61.1,,,
131105,1,13,,92.2,,,,91.3,,15.6,2,,,18.7,,15.6,,48.9,,,
131106,1,76.8,,,,,,173.4,,25.5,,39.9,,38.4,,32.3,,96.1,,109.1,
131108,1,51.5,,,,,,159.7,,20.2,,36.3,,36.3,,28,,72.8,,88.5,
131109,1,99.7,,,,,,180,,30.8,,43.2,,44.5,,35.6,,120.8,,103.7,
131110,1,78.1,,,,,,181.5,,23.7,3,42.9,,37.1,,29.8,,80.1,,99.2,
131111,1,59.2,,,,,,171.8,,20.1,2,40.4,,35.5,,27.2,,73.1,,85.6,
131112,1,92.8,,,,,,178.7,,29.1,,39.5,,40.2,,33.6,,102.5,,105.9,
131117,1,83.5,,,,,,173.2,,27.8,,43.2,,39.1,,32.7,,108,,102.6,
131118,1,121.5,,,,,,184.4,,35.7,,40.2,,42.4,,39.5,,131.4,,122.7,
131120,1,53.4,,,,,,158,,21.4,,36.8,,32.5,,26,,80.9,,96.5,
131121,1,46.9,,,,,,156.7,,19.1,,36.4,,33.9,,24.8,,77.7,,90.7,
131122,3,94,,,,,,163.1,,35.3,,36,,38.5,,38.6,,,1,,1
131124,1,73.6,,,,,,172.5,,24.7,,41.5,,38.5,,31.2,,93.5,,97.7,
131126,1,104.2,,,,,,181.9,,31.5,,40,,42.5,,35.2,,120.5,,109.2,
131127,1,83.8,,,,,,183.9,,24.8,,43,,42.5,,31.8,,104.2,,102.5,
131128,1,52.5,,,,,,158.4,,20.9,2,39.9,,34.6,,26.2,,70.4,,85.4,
131129,1,81.1,,,,,,167.6,,28.9,,37.1,,37.5,,34.9,,98.6,,107.9,
131130,1,104.2,,,,,,173.7,,34.5,,39.6,,40,,37,,120.6,,123.1,
131131,1,77,,,,,,174.3,,25.3,,40.7,,39,,32.5,,92.6,,101.1,
131132,1,88.4,,,,,,166.4,,31.9,,41.4,,38.8,,31.9,,116.5,,104.9,
131133,1,18.5,,100.6,,,,98,,19.3,4,,,19,,18,,56.7,,,
131135,1,76.7,,,,,,157.6,,30.9,,32.5,,36.5,,31.5,,101.7,,110.5,
131137,1,59.4,,,,,,156.2,,24.3,,35.2,,33.2,,29.6,,88.3,,95,
131138,1,78.7,,,,,,178.4,,24.7,3,41.6,,40,,32.6,,92.5,,105.5,
131139,1,100.9,,,,,,162,,38.4,,37,,37.3,,36.1,,116.1,,131.3,
131142,1,46.7,,,,,,148.6,,21.1,2,36.8,,34.5,,24.4,,72.2,,72.2,
131144,1,65.3,,,,,,165.2,,23.9,,40,,35.8,,26.6,,81.5,,106.8,
131147,1,63.5,,,,,,158.6,,25.2,,37.1,,34,,33.2,,86.2,,95.8,
131148,1,74.3,,,,,,178,,23.5,,42.6,,42.4,,30.4,,88.3,,97.9,
131151,1,13.6,,96.1,,,,93.9,,15.4,2,,,18.5,,15.7,,49,,,
131153,1,121.3,,,,,,172.1,,41,,42.2,,39.3,,41,,126.2,,125,
131154,1,30.6,,,,,,144,,14.8,2,33.3,,31.4,,18.8,,55.6,,,
131155,1,80.8,,,,,,173.5,,26.8,,41.4,,41,,33,,100.2,,98.6,
131156,1,87.8,,,,,,147.4,,40.4,,31.7,,32.8,,39.5,,117,,123.6,
131157,1,71.7,,,,,,151.1,,31.4,,31.2,,36.4,,34.7,,103.5,,107.5,
131159,1,109.5,,,,,,174.2,,36.1,,39.2,,39,,37.1,,117.5,,110.8,
131160,1,100.5,,,,,,185.9,,29.1,,44.2,,41,,37.7,,102,,106.5,
131162,1,22.1,,,,,,122.9,,14.6,2,27.2,,26.3,,16.9,,56.9,,,
131163,1,90.3,,,,,,173.5,,30,,42.4,,38.8,,36.4,,98.7,,105.4,
131164,1,126,,,,,,180.7,,38.6,,43.7,,40.4,,41.2,,125.3,,124.1,
131165,1,34,,,,,,141.5,,17,2,33.1,,31,,22,,60.3,,,
131166,1,35.4,,,,,,126,,22.3,4,,,27.9,,23,,69.6,,,
131167,1,8.3,,67.5,,,,,,,,,,12.1,,14.9,,,,,
131169,1,59.5,,,,,,160.3,,23.2,,36.7,,36,,26.6,,87.3,,101.6,
131171,1,49.5,,,,,,160.6,,19.2,2,37.2,,34,,24.9,,70.7,,,
131172,3,103.2,3,,,,,179.6,,32,,,1,39,,34.6,,,1,,1
131173,1,54.9,,,,,,154.5,,23,3,35.9,,34.3,,26.7,,78.9,,92.7,
131174,1,20,,,,,,111.9,,16,2,,,22,,17.6,,55.2,,,
131175,1,47.5,,,,,,148.2,,21.6,3,35.7,,33,,26.1,,75.6,,,
131176,4,,,,,,,,,,,,,,,,,,,,
131177,1,81.5,,,,,,162,,31.1,,36.4,,38.6,,33.7,,107.1,,113.9,
131178,1,104.5,,,,,,165.1,,38.3,,34.9,,38,,34.5,,125,,130.3,
131179,3,16.6,,,,,,,1,,,,,,1,,1,,1,,
131180,1,73.4,,,,,,158,,29.4,,33.5,,35.5,,32,,107.1,,102.2,
131181,3,70.4,3,,,,,156.9,,28.6,,,1,35,,32,,,1,,1
131182,1,70.5,,,,,,154.3,,29.6,4,34.5,,34.2,,32,,97,,100.8,
131183,1,95,,,,,,159.5,,37.3,,31.4,,39.3,,41.6,,126.5,,132,
131184,1,41.7,,,,,,140.2,,21.2,3,33,,29,,25.2,,79.6,,,
131186,1,112.3,,,,,,171.3,,38.3,4,43.9,,38.5,,40.8,,112.8,,127,
131187,1,93.8,,,,,,169.7,,32.6,,39,,36,,35.2,,109.3,,111.1,
131189,1,58.6,,,,,,153.7,,24.8,3,34,,35.9,,30.6,,89.4,,89.9,
131191,1,72,,,,,,157.1,,29.2,,37.2,,37,,34,,100,,111,
131193,1,110.6,,,,,,167.3,,39.5,,43.1,,42,,39.7,,125.6,,128.3,
131194,1,78.4,,,,,,165.7,,28.6,,41.1,,38.5,,34.8,,91.5,,102.6,
131195,1,72.1,,,,,,167,,25.9,,37.9,,37.3,,28,,99.8,,97.8,
131196,1,86.5,,,,,,171.3,,29.5,,40,,41.3,,35.4,,102.3,,103.3,
131197,1,112.1,,,,,,174.5,,36.8,,43.5,,37.6,,38.8,,127.9,,123.3,
131200,3,57.5,3,,,,,160.5,,22.3,,,1,32.8,,27.5,,75,,,1
131202,1,60.9,,,,,,172.2,,20.5,,41.2,,39.2,,25.7,,85.6,,87.7,
131203,1,78.4,,,,,,159.6,,30.8,,33,,37.9,,38.1,,104.4,,113.5,
131204,3,72.4,,,,,,155.9,,29.8,,,1,32.3,,31.9,,,1,,1
131205,1,96,,,,,,165.2,,35.2,,38,,35.7,,35.8,,120.5,,124.5,
131207,2,58.9,3,,,,,169.1,,20.6,2,,1,,1,,1,,1,,1
131208,1,95.4,,,,,,185.1,,27.8,,45.6,,42,,33.3,,111,,107.4,
131209,1,110.6,,,,,,167.8,,39.3,,38.7,,37.5,,38.8,,112.9,,130.8,
131211,1,79.2,,,,,,167,,28.4,,38.8,,35.6,,33.4,,90.4,,108.1,
131213,1,28.1,,,,,,129.6,,16.7,2,33.7,,27,,20,,54.6,,,
131214,1,70.8,,,,,,169,,24.8,2,45.7,,38.5,,32,,81.6,,98.6,
131215,1,58.1,,,,,,142.3,,28.7,,29,,29,,30,,99.5,,100,
131216,1,61.5,,,,,,177.3,,19.6,2,44,,38.5,,26.5,,72.7,,91,
131220,1,90.5,,,,,,186.6,,26,,44.5,,44,,34,,99,,101,
131221,1,43.8,,,,,,148.3,,19.9,2,34.8,,33.2,,25.2,,68,,83.9,
131223,1,13.6,,93.8,,,,91.4,,16.3,2,,,17,,16.5,,50.5,,,
131225,1,75.8,,,,,,160.3,,29.5,,41.6,,35.7,,33,,92.3,,114.9,
131226,1,57.3,,,,,,164.2,,21.3,2,36.5,,36.3,,24.6,,74.8,,95.6,
131227,1,72.2,,,,,,159.8,,28.3,,40,,37,,33,,94.4,,99,
131228,1,87,,,,,,177.1,,27.7,,39.8,,39,,33.4,,101.3,,101.1,
131229,1,68,,,,,,156.9,,27.6,,35.2,,37.1,,32,,89.3,,103.8,
131231,1,8.8,,71.8,,,,,,,,,,13.5,,14.7,,,,,
131234,1,109.2,,,,,,160,,42.7,,34.4,,39.2,,38,,129.3,,132.1,
131237,1,11.6,,88,,,,86.6,,15.5,2,,,18,,14.6,,47.5,,,
131238,1,96.9,,,,,,185.7,,28.1,,43.3,,37,,35.9,,102.4,,104,
131240,1,55.5,,,,,,153.8,,23.5,,32.9,,32.8,,26.3,,74,,99.7,
131241,1,110.1,,,,,,174.6,,36.1,,43.3,,39.6,,38.5,,122.1,,123.2,
131242,1,126,,,,,,161.5,,48.3,,37.8,,38.8,,47.5,,137.5,,148.9,
131244,1,102,,,,,,165.3,3,37.3,,38.2,,36.8,,33.6,,121.5,,127.5,
131245,1,103.6,,,,,,160.9,,40,,35,,39.1,,44.1,,124.6,,125.2,
131248,1,83.6,,,,,,166.6,,30.1,,40,,37.8,,32.9,,101.9,,113.4,
131249,1,58.4,,,,,,173.7,,19.4,,39.7,,35.3,,23.5,,77.3,,100.9,
131250,1,83,,,,,,154.8,,34.6,4,39.3,,34.5,,33.4,,98.4,,115.9,
131251,1,63,,,,,,154.5,,26.4,,33.7,,34.4,,33.7,,94.2,,99.3,
131254,1,110.1,,,,,,148.6,,49.9,,33.3,,33.2,,43.5,,132,,143.3,
131256,1,91.8,,,,,,185.7,,26.6,,44.3,,40.2,,35.8,,90,,111,
131258,1,78.2,,,,,,183.4,,23.2,,42.3,,40.5,,32.4,,83.9,,95.1,
131261,1,13.1,,92.2,,,,88.3,,16.8,2,,,18.8,,15.7,,45.7,,,
131263,1,78.3,,,,,,181.8,,23.7,,41.6,,40.2,,30.6,,82,,102.1,
131264,1,113.4,,,,,,168,,40.2,,38.9,,39.3,,39.3,,128.5,,128,
131265,1,8.7,,69.3,,43.9,,,,,,,,13.8,,14.5,,,,,
131268,3,87.9,,,,,,160.4,,34.2,,33.9,,34.6,,34.5,,,1,124.2,
131269,1,86.1,,,,,,164.5,,31.8,,38.4,,37.5,,36.9,,101.8,,102.6,
131270,3,78,,,,,,156.9,,31.7,,37.4,,,1,,1,105.9,,111.3,
131271,1,77.4,,,,,,179.1,,24.1,,40.6,,39.4,,30,,97.5,,96.3,
131273,1,90.1,,,,,,178.6,,28.2,,42.3,,39.5,,35.5,,107.2,,105.5,
131275,1,17.7,,,,,,107,,15.5,2,,,20.1,,18.2,,51.3,,,
131277,1,65.4,,,,,,162.9,,24.6,,39.3,,36.8,,30,,82,,105.9,
131280,1,15.4,,100,,,,99.2,,15.6,2,,,20.5,,17.8,,49.6,,,
131283,1,107.4,,,,,,188,,30.4,,42.2,,42,,39,,98.5,,111.6,
131284,1,69.3,,,,,,162.6,,26.2,,36.3,,37,,30.4,,93.9,,95.5,
131286,1,10.9,,79.5,,,,,,,,,,14.5,,16,,,,,
131287,1,77.1,,,,,,159.6,,30.3,,33.5,,35.5,,31.3,,107.4,,104.1,
131290,1,102.1,,,,,,178.5,,32,,38.9,,40.2,,39.5,,108.7,,108.4,
131291,1,76.5,,,,,,166.2,,27.7,,37.4,,37.1,,30.9,,85,,111.9,
131292,1,72.5,,,,,,163.8,,27,,36.9,,38.3,,30.5,,96.6,,95,
131293,1,75.1,,,,,,155.6,,31,,36.3,,38,,37.7,,101.2,,106.4,
131294,1,117.4,,,,,,162.2,,44.6,,34.6,,38,,42,,138.5,,142,
131295,1,28.7,,,,,,130.8,,16.8,2,29.4,,29.5,,19.9,,59.1,,,
131296,1,96.2,,,,,,181.8,,29.1,,43.4,,40,,36.5,,96.5,,110.3,
131297,1,52,,,,,,155.7,,21.4,2,37.9,,34,,26.9,,65.6,,92.3,
131298,1,78,,,,,,180,,24.1,,46,,41.6,,31.7,,84.7,,99.8,
131299,3,186.4,,,,,,175.4,,60.6,,,1,41.1,,51.1,,164.6,,176.7,
131300,1,95.8,,,,,,161.9,,36.5,,40.3,,39.2,,36,,104.8,,131.7,
131301,1,77.9,,,,,,181.2,,23.7,,45.1,,39.2,,32.5,,85.4,,98.5,
131302,1,85.8,,,,,,161.2,,33,,37.5,,36.8,,39.7,,104.7,,116.8,
131303,1,21,,,,,,119.4,,14.7,2,,,24,,16.8,,58.2,,,
131304,1,22.3,,,,,,112,,17.8,3,,,22.4,,19.2,,58.1,,,
131305,1,86.6,,,,,,185.4,,25.2,,44.8,,42.4,,33.7,,88,,106.2,
131306,1,40.5,,,,,,142.1,,20.1,3,32.2,,28.6,,24.5,,69,,,
131307,3,137.7,,,,,,159.5,,54.1,,,1,43.2,,50.2,,125.4,,172.3,
131308,1,76.5,,,,,,183,,22.8,,40.6,,40.8,,32.5,,88.7,,96,
131309,1,69.2,,,,,,162.9,,26.1,,36.6,,39.2,,32.3,,97,,100.1,
131310,1,115.6,,,,,,187.6,,32.8,,44.1,,44,,41,,111.5,,112.2,
131312,1,80.2,,,,,,153.4,,34.1,,33.2,,36.7,,35,,109.2,,117.7,
131314,1,45.4,,,,,,167,,16.3,1,37.6,,33,,21.4,,67.2,,83.8,
131315,1,99.3,,,,,,153.6,,42.1,,35.5,,39.9,,50.2,,108.6,,130.9,
131316,1,84.8,,,,,,157.5,,34.2,4,35.3,,34.1,,36.3,,100.8,,110.5,
131318,1,84.2,,,,,,154.9,,35.1,,37.8,,35,,37.2,,104,,115.6,
131319,1,24.8,,,,,,134,,13.8,1,31,,27.2,,17,,56.9,,,
131322,1,57.2,,,,,,156.6,,23.3,,31.9,,35.2,,34.3,,68.1,,83.4,
131323,1,58.2,,,,,,164,,21.6,,37.1,,36,,24.2,,87.1,,96.6,
131324,1,101.1,,,,,,175.7,,32.7,,40.2,,39.5,,37.5,,120,,107.8,
131325,1,36.9,,,,,,142.2,,18.2,2,32.5,,30.3,,23.4,,65.4,,,
131326,1,142.4,,,,,,176.5,,45.7,,36.5,,40.4,,42.3,,143.8,,138.1,
131327,3,144.5,,,,,,155.3,,59.9,,,1,37,,50.1,,,1,163.1,
131328,1,82.2,,,,,,170.7,,28.2,,43,,37,,35.6,,91.8,,100.3,
131329,1,95.2,,,,,,166.2,,34.5,4,43.1,,38,,35.9,,107.1,,113.3,
131331,1,96,,,,,,160.6,,37.2,,35.3,,36.7,,38,,117.4,,123.6,
131332,3,130.6,,,,,,154,,55.1,,,1,34.2,,46.7,,140.5,,147.2,
131333,1,94.5,,,,,,183.3,,28.1,,42.5,,44.1,,36,,108.7,,107.3,
131334,1,97.8,,,,,,173.4,,32.5,,37.3,,41.6,,35.2,,111.6,,116.2,
131336,1,16.5,,103.7,,,,102.9,,15.6,2,,,21,,16.2,,49.7,,,
131337,1,96.3,,,,,,171.8,,32.6,,39,,36.5,,35,,109.3,,113,
131339,1,77.5,,,,,,178.7,,24.3,,40.9,,42,,29.9,,97.7,,98,
131340,1,75.9,,,,,,168.5,,26.7,,38.1,,37.7,,32.2,,95.4,,97.1,
131341,1,106.1,,,,,,161.7,,40.6,,38.5,,35.7,,41.2,,127.1,,125.8,
131342,1,54.6,,,,,,152.8,,23.4,,35.5,,30.5,,26.7,,76.9,,97.2,
131344,1,12.5,,94.5,,,,93.7,,14.2,2,,,19.2,,14.8,,46,,,
131345,1,40.5,,,,,,138.7,,21.1,3,31,,30,,25.8,,75.6,,,
131347,1,91.4,,,,,,171.5,,31.1,,38.6,,39,,34.8,,114.5,,105.5,
131349,1,84,,,,,,166.1,,30.4,,39.7,,39.2,,35.3,,103.2,,115.9,
131350,1,80.5,,,,,,165.5,,29.4,,42.5,,37,,33,,111.7,,103.8,
131351,1,96.5,,,,,,188.3,,27.2,,42,,42.5,,35.2,,107.1,,104,
131352,1,92,,,,,,172,,31.1,,39.3,,38,,35.2,,105.8,,111.5,
131353,1,80,,,,,,157,,32.5,,37.3,,38.6,,36.6,,98.5,,112.7,
131354,1,12.5,,83,,,,82.1,,18.5,4,,,15,,16.3,,44.4,,,
131359,1,70.1,,,,,,163.9,,26.1,,40.3,,37.9,,30.1,,87.2,,106.6,
131362,1,58.8,,,,,,153.5,,25,2,36.7,,33.1,,28.1,,76.2,,98,
131363,1,62,,,,,,168.9,,21.7,,39.5,,37.6,,28.3,,76,,100.8,
131364,1,16.9,,101.6,,,,99.8,,17,3,,,19.4,,17.4,,53.4,,,
131365,1,71.8,,,,,,158.7,,28.5,,37.3,,37,,30.4,,104.9,,102.1,
131366,1,67.7,,,,,,174.7,,22.2,,38.7,,39.5,,29.4,,90.8,,99.6,
131367,1,99.7,,,,,,166.8,,35.8,,39.2,,38.7,,37,,120.5,,124,
131368,1,89.3,,,,,,157.5,,36,,38.7,,31.6,,33.8,,108.7,,126.6,
131369,1,52,,,,,,151.5,,22.7,,33.1,,32.8,,29,,89,,87.2,
131370,1,21.3,,,,,,108.8,,18,4,,,22.2,,19.5,,55.1,,,
131371,1,16.3,,,,,,105,,14.8,2,,,20.9,,16.8,,48.8,,,
131372,1,132.7,,,,,,159.2,,52.4,,37.8,,33,,45,,139.6,,150.7,
131373,1,81,,,,,,162.5,,30.7,,33.6,,38.1,,30.9,,110.4,,112.2,
131376,1,27.9,4,,,,,129.8,,16.6,2,29.8,,27.5,,19,,58.5,,,
131378,1,36.2,,,,,,129.9,,21.5,4,,,28.5,,22.9,,66.5,,,
131379,1,43.6,,,,,,153.2,,18.6,2,37,,34.9,,25.5,,63.5,,83.9,
131380,1,65.9,,,,,,176.5,,21.2,2,45,,40.5,,28.6,,69.2,,91.9,
131381,1,61.1,,,,,,163.2,,22.9,,33.5,,34.6,,29.2,,92,,95.5,
131382,1,44.1,,,,,,126.8,,27.4,4,30.4,,28.5,,26.8,,82,,,
131383,1,89.9,,,,,,171.6,,30.5,,40.5,,40.7,,34.6,,111.8,,120.9,
131384,1,59.6,,,,,,166.1,,21.6,2,34.7,,36,,27.5,,78.9,,96.8,
131386,1,85.5,,,,,,184.9,,25,,43.2,,40,,32.3,,92,,108.9,
131387,1,84.7,,,,,,168.3,3,29.9,,39.4,,37.3,,32.5,,101.3,,108.1,
131388,1,35.8,,,,,,133.2,,20.2,4,,,27.6,,24.6,,64.5,,,
131389,1,73.6,,,,,,173.8,,24.4,,42,,39.3,,32.3,,90.5,,93.3,
131391,1,76.4,,,,,,164.2,,28.3,,41.5,,38,,32.8,,102.3,,110.5,
131392,1,81.8,,,,,,182.2,,24.6,,49.2,,41.2,,31.9,,90,,102.3,
131393,1,78.9,,,,,,171.9,,26.7,,39.1,,39,,34.8,,94.2,,97.6,
131394,1,72.9,,,,,,180.2,,22.5,2,41.9,,40.5,,28.2,,83.7,,97.5,
131396,1,48.7,,,,,,154.7,,20.3,2,36.4,,34.3,,24.1,,74.9,,89,
131397,1,83.1,,,,,,176.8,,26.6,,42,,39.8,,34.1,,101.7,,96.4,
131399,1,84,,,,,,177.4,,26.7,,39.2,,38.9,,32.8,,103.8,,100.6,
131400,1,68.2,,,,,,158.6,,27.1,3,37.1,,36.1,,31.5,,90.6,,101.2,
131401,1,65.5,,,,,,163.4,,24.5,,38,,35,,26.6,,85.7,,108.8,
131402,1,36.5,,,,,,143.3,,17.8,2,34.5,,30.5,,21,,62.5,,,
131403,3,,1,,,,,162.5,,,,36.7,,37,,30.7,,107.4,,111.2,
131405,1,104.9,,,,,,182.4,,31.5,,39.2,,39.7,,37,,113.3,,113.4,
131406,1,68.4,,,,,,167.8,,24.3,2,42.3,,36.8,,29.2,,81,,106.6,
131408,1,83.5,,,,,,154.9,,34.8,4,39.3,,35.5,,34.4,,94.7,,113,
131409,1,18.9,,,,,,107.3,,16.4,2,,,22.1,,18.4,,54.3,,,
131410,1,65.8,,,,,,161.3,,25.3,,38.2,,35.9,,30.3,,88.4,,110.3,
131411,1,109.2,,,,,,172,,36.9,,36.2,,38.5,,37.1,,122.4,,136.9,
131412,1,58.6,,,,,,166.9,,21,,40.1,,34.6,,25.2,,79.2,,91.8,
131414,1,87.8,,,,,,190.1,,24.3,,42.8,,44.3,,33.1,,90.7,,99.9,
131415,1,62.4,,,,,,152.7,,26.8,4,36.2,,33.7,,30,,90.5,,97.5,
131416,1,60.4,,,,,,160.2,,23.5,,37.7,,37,,28.4,,81.9,,100.5,
131417,1,17.2,3,,,,,105.8,,15.4,2,,,22.8,,16.5,,50.2,,,
131418,1,63.9,,,,,,164.2,,23.7,,39,,36.5,,26.1,,87.9,,98.6,
131419,1,90.6,,,,,,168.3,,32,,39,,38.8,,31.5,,121.5,,105,
131420,1,60.6,,,,,,155.5,,25.1,2,37.8,,34.8,,28.4,,77.5,,99.6,
131421,1,61.4,,,,,,176.2,,19.8,2,43.7,,37.3,,28.9,,71.5,,91.6,
131422,1,58.6,,,,,,154.2,,24.6,,36,,37.3,,28,,88.9,,87,
131423,1,68.3,,,,,,166.6,,24.6,,36.2,,39.6,,30.8,,96.4,,93,
131426,1,63,,,,,,156.2,,25.8,,35,,36.8,,28.2,,88.6,,95.5,
131427,1,118.7,,,,,,181.6,,36,,41.5,,41.8,,43.1,,131.3,,120.3,
131428,1,75.4,,,,,,167.8,,26.8,,38.6,,37.3,,29.8,,101.4,,95.7,
131429,1,39.6,,,,,,125.2,,25.3,4,30,,25.7,,27.5,,76.6,,,
131430,1,11.6,,93.3,,,,90.3,,14.2,2,,,18,,13.3,,44.7,,,
131431,1,66.7,,,,,,154.2,,28.1,,32.9,,32.4,,32.3,,91.9,,95.7,
131432,1,107.5,,,,,,178.6,,33.7,,41.1,,38,,38.2,,110.4,,116.2,
131433,1,56.2,,,,,,155.6,,23.2,,31.7,,33.8,,26.8,,70,,91.2,
131434,1,98.8,,,,,,169.3,,34.5,4,42.2,,39.4,,35.4,,115.4,,117.4,
131435,1,4.2,,53.9,,38.7,,,,,,,,,,,,,,,
131437,1,92.8,,,,,,155.8,,38.2,,35,,36,,38.4,,109.1,,122.3,
131438,1,61.6,,,,,,169,,21.6,2,39.8,,37.6,,28,,71.3,,98.2,
131442,1,75.3,,,,,,175.7,,24.4,,41.6,,41.1,,36,,77.4,,96.5,
131443,1,45.2,,,,,,148.2,,20.6,3,36.8,,32.2,,25.5,,72.2,,,
131444,1,64.5,,,,,,164.8,,23.7,,38.9,,34.8,,30.9,,75,,105.1,
131446,1,97.4,,,,,,167.1,,34.9,,39,,39.8,,35,,104.5,,122.4,
131447,1,76.1,,,,,,172.4,,25.6,,38.8,,40.8,,29.7,,101.4,,92.7,
131449,1,77.6,,,,,,155.1,,32.3,,31.4,,37.4,,31.6,,112.5,,114.3,
131450,1,81.1,,,,,,164.7,,29.9,,33.7,,36.5,,35.6,,111.2,,109,
131451,1,8.8,,71.2,,,,,,,,,,13.4,,15,,,,,
131452,3,124.5,,,,,,166.7,,44.8,,,1,37.8,,42.2,,140.4,,150.6,
131453,1,86.2,,,,,,175.7,,27.9,,41.8,,39.3,,34.8,,95.9,,103,
131455,1,123.6,,,,,,162.6,,46.7,,37.5,,37.1,,35.9,,133,,148.6,
131456,3,77.2,3,,,,,166.6,,27.8,,,1,36.9,,32.5,,,1,,1
131457,1,83.7,,,,,,159.9,,32.7,,35.1,,37,,36.2,,130.6,,107.8,
131458,1,75.4,,,,,,185.9,,21.8,,44.6,,39.4,,27.4,,99.1,,102.2,
131459,1,73.4,,,,,,159.9,,28.7,,36,,35.5,,29.3,,101.4,,115,
131460,1,78.6,,,,,,171.2,,26.8,,41.3,,40,,34.5,,92.9,,98.1,
131461,1,89.4,,,,,,181.4,,27.2,,44.6,,40,,36,,93.4,,102.5,
131462,1,83.9,,,,,,160.9,,32.4,,34.3,,37.9,,35,,111.3,,116.8,
131463,1,78.3,,,,,,170.9,,26.8,,39,,35.5,,31.3,,86.4,,109.8,
131464,1,85,,,,,,181.1,,25.9,,41.6,,42.6,,33.5,,99.8,,103.2,
131465,1,25.3,,,,,,125.7,,16,2,,,26.2,,18.6,,52.4,,,
131467,1,49.5,,,,,,161.4,,19,2,38.6,,37.3,,24.4,,64,,83.4,
131468,1,91.7,,,,,,173.4,,30.5,,41.8,,39.9,,36.8,,101.5,,110.1,
131469,1,94.7,,,,,,178.9,,29.6,,41.8,,40.4,,38.3,,99.6,,107.6,
131471,1,68.1,,,,,,183.6,,20.2,,43.5,,38.5,,24,,87.2,,92.4,
131472,1,24.5,,,,,,119.8,,17.1,2,25.8,,25,,19.3,,57.8,,,
131475,1,30.6,,,,,,126.1,,19.2,3,30.4,,27.1,,22.4,,67.6,,,
131476,1,85.6,,,,,,160.7,,33.1,,36.3,,36.6,,37.6,,105.4,,107.5,
131479,1,69.8,,,,,,173.8,,23.1,,38.5,,39.4,,28.8,,87,,95.2,
131481,1,57.2,,,,,,167.7,,20.3,,37.3,,37.5,,25,,77.3,,96.6,
131482,1,46.6,,,,,,140.2,,23.7,4,37,,31.5,,27.8,,78.7,,,
131483,1,64.6,,,,,,164,,24,,35.3,,35.5,,30.1,,81.2,,101.7,
131485,1,5.2,,57.2,,38.7,,,,,,,,,,,,,,,
131487,1,55.4,,,,,,164.3,,20.5,,41.5,,35.5,,26.4,,68.9,,96,
131489,1,85.8,,,,,,153.2,,36.6,,33,,32.2,,36.9,,108.1,,110,
131491,1,85.2,,,,,,181.5,,25.9,,41.8,,39.2,,34.5,,94.8,,102.7,
131492,1,47.2,,,,,,162.6,,17.9,2,37.4,,35.8,,22.9,,63,,83.1,
131493,1,60.9,,,,,,157.2,,24.6,3,38.2,,33.1,,28.2,,81.3,,95.7,
131495,1,61.9,,,,,,154.2,,26,,32.5,,33.5,,28.6,,86.7,,100.5,
131497,1,6.9,,64.9,,43.9,,,,,,,,13.5,,14,,,,,
131498,1,85.8,,,,,,159.8,,33.6,,35.9,,33.9,,35.4,,107.7,,109.1,
131499,4,,,,,,,,,,,,,,,,,,,,
131500,1,19.9,,,,,,111,,16.2,2,,,23,,17.8,,54.3,,,
131501,1,103.6,,,,,,177.3,,33,,40.5,,41.5,,38,,108.5,,107.6,
131503,1,94.9,,,,,,179.8,,29.4,,40.3,,41.6,,34,,108,,103.3,
131504,1,10.7,,85.9,,,,,,,,,,17,,14.1,,,,,
131505,1,74,,,,,,156.9,,30.1,,41.4,,37.5,,35,,100.6,,106.9,
131506,3,39.6,,,,,,158,,15.9,1,37.7,,34.6,,19.4,,,,,
131507,1,92.2,,,,,,153.4,,39.2,,35.1,,36.5,,39.5,,109.2,,125.6,
131508,1,59.1,,,,,,162.3,,22.4,,39.5,,35.1,,28.8,,79.9,,98.3,
131509,3,55.8,3,,,,,163.4,,20.9,,,1,,1,,1,74.1,,,1
131510,1,54.6,,,,,,153.4,,23.2,,35,,35.4,,29.1,,92.7,,96.3,
131511,1,39.1,,,,,,131.3,,22.7,4,,,27,,26.3,,68.5,,,
131512,1,64.6,,,,,,159.1,,25.5,,36.6,,36.5,,30,,81.5,,103.6,
131513,1,49.9,,,,,,156.6,,20.3,2,39.2,,33.5,,24.1,,74,,92,
131514,1,53.5,,,,,,151.4,,23.3,,32.9,,34,,26.1,,83.6,,93.3,
131517,1,25.9,,,,,,124.5,,16.7,2,,,25.3,,20.5,,59.2,,,
131518,1,80,,,,,,176.9,,25.6,,45.4,,39.5,,32.2,,94.3,,107,
131519,1,81.9,,,,,,183.4,,24.3,,42.3,,42.2,,33.2,,92.5,,104.2,
131520,1,141.9,,,,,,168.3,,50.1,,38.1,,36.7,,43.4,,143.1,,137.3,
131521,1,105.7,,,,,,157.1,,42.8,,34.5,,36.8,,39.6,,115.5,,137.3,
131523,1,76.3,,,,,,172.8,,25.6,,41.3,,41,,29.4,,92.6,,97.2,
131524,1,8.9,,69.8,,,,,,,,,,12.6,,15.3,,,,,
131527,1,85.8,,,,,,158.4,,34.2,,36.1,,36,,37,,106,,112.5,
131528,1,86.7,,,,,,173.6,,28.8,,39,,37.8,,34.2,,105.4,,95.8,
131529,1,22.7,,,,,,115.8,,16.9,2,,,24.3,,19.9,,52,,,
131530,1,78.9,,,,,,160.5,,30.6,4,38.4,,37,,35,,92.1,,109.8,
131531,1,19.4,,,,,,104.5,,17.8,3,,,21.6,,17.5,,53.7,,,
131532,1,111.9,,,,,,161.1,,43.1,,34.3,,35.7,,42.2,,123.4,,136.5,
131534,1,29.3,,,,,,143.6,,14.2,2,36.3,,31.9,,19.3,,53.6,,,
131535,1,5.8,,59.6,,40.2,,,,,,,,10,,12.2,,,,,
131536,1,82.4,,,,,,160.6,,31.9,,35.6,,41.2,,33.2,,105,,119.2,
131538,1,58.1,,,,,,168.5,,20.5,2,40.6,,38.4,,27.1,,69.6,,92.6,
131540,1,66.7,,,,,,163.5,,25,,33.5,,35.1,,31.5,,91.2,,100,
131541,1,51.1,,,,,,154.3,,21.5,,34.5,,33.5,,26.8,,82.3,,91.2,
131542,1,70.9,,,,,,180.7,,21.7,,41.4,,38.5,,28.3,,85.2,,93.9,
131544,1,131.1,,,,,,152,,56.7,,40.3,,35.5,,45.7,,130.7,,152,
131546,1,160.3,,,,,,185.7,,46.5,,37.9,,43,,45.9,,146.5,,143,
131547,1,27.3,,,,,,129.3,,16.3,2,30.6,,27.9,,19.8,,54.3,,,
131548,1,62,,,,,,150.6,,27.3,,33.2,,31,,31.8,,88,,96.5,
131549,1,88.4,,,,,,153,,37.8,,37.5,,35.8,,36.9,,114.4,,117,
131550,1,109.2,,,,,,164.9,,40.2,,38.3,,40.4,,39.1,,132,,139.4,
131551,1,84.4,,,,,,160.6,,32.7,,36.4,,36.9,,34.8,,97.9,,116.5,
131553,1,99.8,,,,,,170.1,,34.5,,40.3,,38.4,,36.5,,111.5,,105.6,
131554,1,113.7,,,,,,170.9,,38.9,,39.6,,41.4,,38.7,,120.5,,125.2,
131556,1,102.2,,,,,,157.2,,41.4,,33.5,,36.2,,40,,133.1,,119.4,
131557,3,90.7,3,,,,,161.3,,34.9,,,1,38.8,,38.5,,98.4,,120.6,
131558,1,82.3,,,,,,174.4,,27.1,,40.6,,38.8,,34.4,,91,,102.3,
131559,3,71.8,3,,,,,155.4,,29.7,,,1,34.4,,27.3,,100.6,,,1
131560,1,82.5,,,,,,177.5,,26.2,,42.8,,38,,35.4,,90.4,,101.9,
131561,1,73.5,,,,,,161.5,,28.2,,37.4,,34.8,,32,,93.3,,103.7,
131562,1,41.8,,,,,,153.9,,17.6,2,34.4,,32,,21.8,,66.5,,78.5,
131564,1,95.7,,,,,,162.1,,36.4,,35.5,,39.4,,38.5,,105.4,,119.4,
131565,1,89,,,,,,174.2,,29.3,,41.9,,41.2,,37.1,,103.1,,101.6,
131567,1,55.1,,,,,,170.1,,19,,38.2,,34.6,,26.2,,82.2,,93.5,
131568,1,59.4,,,,,,159.8,,23.3,,36.8,,34.3,,26.8,,85.6,,95.8,
131569,1,83.9,,,,,,161.7,,32.1,,38.2,,38.8,,37.5,,109.8,,103.5,
131571,1,101.7,,,,,,177.2,,32.4,,41.3,,39.4,,38.1,,119.9,,108.5,
131573,1,58.8,,,,,,154.5,,24.6,3,36.5,,35.8,,30.7,,91.5,,90.3,
131574,1,15.2,,,,,,100.1,,15.2,2,,,21,,16.2,,50,,,
131575,1,73.6,,,,,,157.4,,29.7,4,38,,34.5,,32.5,,85,,106.4,
131576,1,24.7,,,,,,121.9,,16.6,2,,,24.8,,17.8,,58.4,,,
131577,2,76.1,3,,,,,169.1,,26.6,3,,1,,1,,1,,1,,1
131580,1,83.3,,,,,,165.3,,30.5,4,38.7,,40,,35.9,,105,,99.9,
131581,1,14.6,,,,,,100.5,,14.5,2,,,19.6,,15.5,,43.9,,,
131582,1,28.5,,,,,,113.5,,22.1,4,,,23.6,,23.8,,67,,,
131583,1,103.1,,,,,,177,,32.9,,41.2,,41.1,,38.2,,118.7,,109.3,
131584,1,70.1,,,,,,160.5,,27.2,,38,,34.4,,31.3,,80.7,,104.5,
131585,1,147.9,,,,,,177.6,,46.9,,35,,44,,48.7,,134,,155,
131586,1,130.7,,,,,,174.7,,42.8,,37.5,,39.4,,42.8,,133.2,,124.6,
131588,1,62.8,,,,,,156.4,,25.7,,37.3,,33.6,,28.1,,82.3,,102.9,
131590,1,43.7,,,,,,150.3,,19.3,2,37,,32.7,,26.9,,72.4,,,
131592,1,97,,,,,,184.5,,28.5,,44.6,,39,,36.4,,112.2,,108.3,
131593,1,106.8,,,,,,177.9,,33.7,,39.6,,40,,38.5,,117.4,,113.2,
131594,1,52.5,,,,,,142.6,,25.8,,28.8,,31,,27.5,,90,,87,
131595,1,19.8,,,,,,103.6,,18.4,3,,,22.5,,18.9,,55.4,,,
131596,1,29.9,,,,,,135.1,,16.4,2,28.7,,30.3,,20.7,,62.6,,,
131597,1,68.1,,,,,,163.1,,25.6,,37,,35.2,,31.4,,86.8,,99.1,
131600,1,69.3,,,,,,174.6,,22.7,,39.9,,40,,29.2,,93.7,,94.1,
131602,1,51.4,,,,,,160.5,,20,,34,,32.7,,24.1,,74.7,,91,
131604,1,66.3,,,,,,162.3,,25.2,3,38,,35.9,,28.9,,90,,97.1,
131605,1,117.3,,,,,,167.9,,41.6,,33.3,,43.2,,39,,118.9,,147.3,
131607,1,87.2,,,,,,174.5,,28.6,,40.5,,39.4,,35,,99.1,,100.8,
131608,1,25.9,,,,,,128.4,,15.7,2,32.4,,28.5,,18.4,,51.8,,,
131609,1,20.7,,99.9,,,,99.1,,21.1,4,,,23,,20.2,,55.2,,,
131610,1,62.9,,,,,,174.9,,20.6,,43,,39.8,,29.7,,86.2,,88.9,
131612,1,34.9,,,,,,146.8,,16.2,2,33.2,,30.4,,20.9,,63.2,,,
131614,1,47.2,,,,,,164,,17.5,,40,,36.5,,18.4,,82.4,,87.5,
131615,1,91.4,,,,,,167,,32.8,,36.1,,37.4,,35.8,,118.8,,112.5,
131616,1,78.7,,,,,,176.5,,25.3,,42.3,,37,,30.5,,90.1,,99.7,
131617,1,71.8,,,,,,150.2,,31.8,,33,,33.5,,33.5,,104.5,,101.5,
131618,1,114.1,,,,,,176,,36.8,,39.4,,40.5,,41.5,,118.4,,115.5,
131619,1,66.2,,,,,,161.8,,25.3,,37,,36.8,,29.6,,100.5,,103.4,
131620,1,79.8,,,,,,187.3,,22.7,,44.9,,40,,28.4,,85.3,,98,
131621,1,44.9,,,,,,158.5,,17.9,2,37.1,,32,,23.3,,68.4,,86.1,
131623,1,28.9,,,,,,134.2,,16,2,,,26.8,,18.4,,58,,,
131624,1,103.3,,,,,,168.6,,36.3,4,42.8,,40.7,,37.2,,109.2,,125.9,
131625,1,74.4,,,,,,157.3,,30.1,,36.6,,35,,33.1,,97.3,,115,
131626,1,63.2,,,,,,168.8,,22.2,,39,,35.8,,29.6,,76.6,,97.8,
131627,1,56.2,,,,,,164.3,,20.8,,38.1,,37.6,,26.2,,83.2,,85,
131628,1,73.3,,,,,,161.2,,28.2,,34.4,,36.8,,31.2,,106.4,,97.6,
131629,1,79.2,,,,,,166,,28.7,,41.4,,36.2,,33.5,,101.3,,111,
131630,1,79.3,,,,,,164.7,,29.2,,40.9,,38.9,,34.6,,99.7,,98.7,
131631,1,71.2,,,,,,164.4,,26.3,,37.5,,37.2,,32.6,,102.9,,99.7,
131632,1,4.9,,54,,41,,,,,,,,,,,,,,,
131633,1,61.3,,,,,,176.6,,19.7,2,42.8,,37,,24.4,,80,,94.7,
131634,2,28.7,3,,,,,120.2,,19.9,4,,,,1,,1,,1,,
131635,1,8.6,,66.1,,,,,,,,,,12.4,,14.8,,,,,
131637,1,72.7,,,,,,153.4,,30.9,,32.6,,35.5,,32.2,,109.5,,107.8,
131638,1,69.7,,,,,,163.3,,26.1,,35.6,,37.6,,31.6,,91.8,,99.4,
131639,1,74.4,,,,,,169.5,,25.9,,40.9,,44.4,,31.6,,99,,96.5,
131642,1,68.9,,,,,,172.9,,23,,41.7,,39.4,,30.6,,86.6,,99.9,
131643,1,84.5,,,,,,172.3,,28.5,,40,,39.7,,34.1,,107,,104,
131644,1,57,,,,,,155.2,,23.7,3,38.7,,33.2,,26.1,,81.1,,97.8,
131645,1,52.5,,,,,,161.5,,20.1,,35.7,,34.1,,26.1,,79.4,,89.8,
131646,1,55.4,,,,,,155.5,,22.9,,35,,37,,25.8,,83.3,,90.8,
131647,1,85.5,,,,,,172.6,,28.7,,38.2,,38.5,,37.7,,97,,106.1,
131648,1,93.5,,,,,,171.8,,31.7,,41.6,,38.4,,37.7,,114.2,,109.3,
131649,1,119,,,,,,186.8,,34.1,,45.2,,42,,39.8,,115.5,,117.1,
131650,1,94.6,,,,,,185.6,,27.5,,44,,42.3,,35.4,,98.9,,111.4,
131651,1,68.8,,,,,,174.1,,22.7,,40.5,,36,,28.5,,84.7,,94,
131652,1,16.3,,103,,,,101.9,,15.7,2,,,21.4,,17.5,,52.8,,,
131654,1,47.9,,,,,,158.9,,19,,34.6,,33.9,,24.5,,71.2,,84.9,
131656,1,66,,,,,,159.7,,25.9,,37.9,,36,,30.9,,83.9,,102.7,
131657,1,83.3,,,,,,188.5,,23.4,,45.4,,42,,32.7,,84.8,,101.1,
131658,1,58.2,,,,,,156.8,,23.7,,34.4,,36.8,,31.4,,76.2,,89.9,
131659,3,12.2,,79.6,,,,,,,,,,16,,,1,,,,
131660,1,26,,,,,,129.6,,15.5,2,30.5,,28.4,,19.6,,58.1,,,
131661,1,61.1,,,,,,176.5,,19.6,2,41.3,,39,,26.2,,73.1,,91.7,
131664,1,115.6,,,,,,174.4,,38,,39.1,,38.6,,38.9,,116.7,,122.2,
131665,4,,,,,,,,,,,,,,,,,,,,
131666,1,142.6,,,,,,180.4,,43.8,,42.8,,45.6,,45.9,,139.8,,132.2,
131667,1,39.3,,,,,,141.7,,19.6,2,33.5,,31,,24,,70.5,,,
131668,1,56.3,,,,,,148.2,,25.6,,32.3,,30.7,,26.1,,91.8,,93.5,
131669,1,84.8,,,,,,159.3,,33.4,,38.5,,38.4,,36.1,,109,,111.9,
131670,1,93.3,,,,,,177.2,,29.7,,40.8,,39,,32.7,,114.5,,109.6,
131671,1,76,,,,,,168.1,,26.9,3,39.5,,38.7,,32,,91.5,,107.7,
131672,1,64.6,,,,,,162.7,,24.4,,40.4,,36.4,,32.5,,78.8,,89.8,
131673,1,39.9,,,,,,131.4,,23.1,4,30.9,,28.2,,25,,77.9,,,
131675,1,77.9,,,,,,169.7,,27.1,,39.1,,39.5,,35.5,,88.5,,96.4,
131676,1,97,,,,,,173.3,,32.3,,36.6,,41.2,,37.5,,107.6,,108.2,
131677,1,58.2,,,,,,163,,21.9,,40,,38.5,,27.6,,82.3,,87.4,
131678,1,17.8,,,,,,102.6,,16.9,3,,,20.6,,17.5,,54.8,,,
131679,1,55,,,,,,155.1,,22.9,,35.9,,34.7,,28.3,,81.1,,99,
131680,1,97.6,,,,,,153.9,,41.2,,36.2,,37,,37.9,,115.1,,135.5,
131681,1,70.2,,,,,,163.3,,26.3,,36.4,,36.7,,33.8,,91,,104.1,
131682,2,38.9,,,,,,143.5,,18.9,2,,1,,1,,1,,1,,1
131684,1,127.4,,,,,,176,,41.1,,44,,42.3,,44.7,,126.8,,121.2,
131685,1,95.1,,,,,,171.2,,32.4,,39.6,,40.6,,36.2,,117.3,,105,
131686,1,103.3,,,,,,169.5,,36,4,45,,40,,38.8,,100.4,,119.1,
131688,1,44.3,,,,,,137.7,,23.4,4,32.4,,29.1,,27.3,,76.5,,,
131689,1,82.7,,,,,,158.6,,32.9,,35.2,,33.5,,34.5,,107.8,,121.3,
131690,1,109.2,,,,,,186.8,,31.3,,46,,39.3,,34.9,,105.8,,115.5,
131691,1,92.3,,,,,,168.2,,32.6,,42.5,,40.5,,39.4,,106.4,,108.7,
131692,1,70.6,,,,,,166.3,,25.5,,37,,37.9,,32.2,,82.8,,99.7,
131693,1,87.7,,,,,,156.4,,35.9,4,38,,34.7,,36.8,,98.6,,117.2,
131694,1,123.2,,,,,,174.9,3,40.3,,37.4,,43.5,,37.7,,130.1,,133.7,
131695,1,72,,,,,,165.2,,26.4,,37.7,,37.2,,30.7,,90.5,,94.4,
131696,1,96.7,,,,,,176.8,,30.9,,41.5,,41.8,,36.3,,121.9,,113,
131697,3,53.1,3,,,,,163,,20,,,1,36.5,,24.7,,73.4,,100.3,
131699,1,80.5,,,,,,164.8,,29.6,,38.2,,36.2,,34.6,,92,,113.6,
131700,1,75.1,,,,,,181.9,,22.7,,37.5,,43.9,,30.6,,87.3,,98.9,
131701,1,109.2,,,,,,161,,42.1,,36.3,,35,,38.3,,123.7,,131,
131702,1,54.6,,,,,,160.2,,21.3,2,43,,37,,26.7,,72.7,,94.6,
131704,1,77.5,,,,,,158.6,,30.8,,34.5,,36.2,,34,,109.9,,113.7,
131705,1,29.9,,,,,,144,,14.4,2,34.9,,29,,19.3,,54.7,,,
131707,1,85.3,,,,,,163.4,,31.9,,37.6,,38.9,,44,,84.8,,103.9,
131708,1,73.4,,,,,,165.9,,26.7,,37.5,,37,,33,,88,,105.6,
131709,1,74.5,,,,,,166.3,,26.9,,41.5,,38.5,,34.4,,92.7,,96.3,
131710,1,90.6,,,,,,183,,27.1,,38.8,,42.4,,35.2,,110.7,,102.7,
131711,1,100,,,,,,176.2,,32.2,,41.1,,42,,35.4,,107.2,,106.4,
131712,1,95,,,,,,174.3,,31.3,,45.3,,39.9,,41.7,,94.1,,108.5,
131713,1,61.2,,,,,,156.3,,25.1,,36.7,,34,,29.9,,90,,100,
131714,1,76.7,,,,,,159.2,,30.3,,38.2,,35.3,,33,,91.4,,106.6,
131715,1,117.1,,,,,,166.8,,42.1,,38.6,,37,,44,,127,,141.8,
131716,1,93.5,,,,,,165.8,,34,,37.4,,39.2,,34.9,,117.2,,113.9,
131717,1,93,,,,,,158.7,3,36.9,,36.7,,41.4,,33.7,,129.1,,109.8,
131718,1,72.6,,,,,,164,,27,,35.2,,35.1,,29,,100.5,,100.3,
131719,3,17.8,,,,,,103.6,,16.6,2,,,21.8,,18,,,1,,
131721,1,70.6,,,,,,164.1,,26.2,,40.2,,37.6,,31.1,,91.9,,103.5,
131722,3,16.5,,94.2,,,,,1,,,,,20.8,,19.1,,51.5,,,
131723,1,81.4,,,,,,157.1,,33,,36,,37.7,,37.6,,108.6,,116,
131725,1,71.8,,,,,,165.4,,26.2,,33.7,,38.7,,32.4,,98.9,,104.9,
131727,1,66.2,,,,,,171.5,,22.5,,39.5,,37.5,,29,,93,,93.7,
131728,1,91.3,,,,,,179.7,,28.3,,40.3,,37.9,,35.6,,102.2,,105.3,
131729,1,78.9,,,,,,172.5,,26.5,,42.5,,42,,31.5,,108.1,,100.9,
131730,1,86.3,,,,,,154.6,,36.1,,33.7,,35.4,,36.3,,121.9,,119.8,
131731,1,52.6,,,,,,145.8,,24.7,,33.2,,31,,27.7,,77,,90.9,
131733,1,95.4,,,,,,168.2,,33.7,,35.7,,37.7,,33.3,,104,,114.2,
131736,1,53.4,,,,,,159.5,,21,2,32.3,,31.8,,26.4,,75,,90.5,
131737,1,28.2,,,,,,130.1,,16.7,2,,,27.2,,18.5,,58,,,
131738,1,63.7,,,,,,178.6,,20,2,45.7,,36,,27.5,,71.6,,92.7,
131739,1,64.6,,,,,,166.2,,23.4,,38,,38.6,,31.1,,87.5,,91.2,
131740,1,70.7,,,,,,145.3,,33.5,,30.7,,32,,28.5,,111.1,,115.5,
131741,1,109.1,,,,,,182.1,,32.9,,45.5,,41.4,,45.5,,121.1,,114.4,
131742,1,70.1,,,,,,159,,27.7,,36.1,,36.6,,33.4,,95.5,,106,
131743,2,12,,79.8,,,,,,,,,,,1,,1,,,,
131744,1,13.1,,91.2,,,,,,,,,,17.7,,16.2,,,,,
131745,1,47.7,,,,,,160.2,,18.6,,38.4,,34.8,,22.9,,76.3,,86.5,
131746,1,101.2,,,,,,177.5,,32.1,,42.5,,42.6,,37.8,,110.2,,113.2,
131749,1,36.5,,,,,,144.7,,17.4,2,35.7,,30.5,,21.7,,61,,,
131752,1,96.1,,,,,,170.3,,33.1,,41.4,,36,,36.2,,95.7,,123.8,
131754,3,63.2,3,,,,,170.8,,21.7,2,,1,33.8,,27.9,,,1,,1
131755,1,108.5,,,,,,168.9,,38,,38.3,,38,,38,,117,,132.6,
131756,1,70.4,,,,,,148.6,,31.9,,31.6,,34.5,,30.8,,96.7,,108.5,
131757,1,57.4,,,,,,169.9,,19.9,2,38.7,,38.4,,26.7,,71.8,,87.4,
131759,1,81.3,,,,,,177.6,,25.8,,44.5,,41.2,,35.2,,97.9,,102.6,
131760,1,84.6,,,,,,166.7,,30.4,,36.7,,38,,35.4,,114.9,,108.9,
131762,1,61.3,,,,,,144.8,,29.2,,32.5,,32.7,,32.8,,84.9,,99.1,
131763,1,31,,,,,,140.2,,15.8,2,36.5,,30.4,,20,,59.1,,,
131764,1,18.9,,,,,,113.9,,14.6,2,,,24,,17.7,,50.3,,,
131765,3,,1,,,,,157.6,,,,,1,36,,39.6,,,1,,1
131766,1,44.4,,,,,,149.9,,19.8,2,33.8,,31.7,,23.2,,74.7,,83.6,
131768,1,66.6,,,,,,178.6,,20.9,,44.2,,40.1,,27.6,,75.6,,90.2,
131769,1,76,,,,,,181.9,,23,,41.2,,38.9,,33.9,,85.9,,93.8,
131770,1,17,,,,,,102.2,,16.3,2,,,21,,17.3,,52,,,
131771,1,23.9,,,,,,119,,16.9,2,,,25.4,,20.6,,57,,,
131772,1,26.1,,,,,,137,,13.9,1,34.9,,29,,16.4,,54.5,,,
131773,1,44.1,,,,,,155.7,,18.2,2,36.3,,32,,22.5,,67.2,,87.4,
131775,1,71.2,,,,,,174,,23.5,,42.6,,40,,29.1,,82.6,,108.5,
131776,1,64.7,,,,,,153.7,,27.4,,37.2,,33.4,,28.6,,97.6,,98.9,
131777,1,16.2,,,,,,106.8,,14.2,2,,,22,,16.5,,48.9,,,
131778,1,8,,67.6,,43.9,,,,,,,,13,,14.5,,,,,
131779,1,27.6,,,,,,132.3,,15.8,2,,,26,,19.2,,59.5,,,
131781,1,30.4,,,,,,129.9,,18,2,29.6,,28,,20.7,,62.7,,,
131782,1,55.5,,,,,,162,,21.1,,36,,33.7,,26.3,,75.2,,94.1,
131783,1,73,,,,,,169.2,,25.5,,37.1,,36.7,,30.8,,89.5,,103,
131784,1,35.3,,,,,,132.5,,20.1,3,31.3,,30,,23.6,,69,,,
131785,1,71.8,,,,,,184.3,,21.1,,44.5,,38.7,,27.8,,82.1,,101.8,
131786,2,120.5,3,,,,,174.7,,39.5,,,1,,1,,1,,1,,1
131787,1,99.7,,,,,,186.3,,28.7,,41.3,,39.3,,36.2,,103.2,,106.5,
131788,1,90.5,,,,,,171.7,,30.7,4,40.1,,36.2,,33,,97.3,,111.5,
131789,1,109.9,,,,,,172.7,,36.8,,41.3,,37,,41.5,,112,,123.1,
131790,1,83.1,,,,,,170.8,,28.5,,40.5,,39.3,,35.3,,110.8,,102.7,
131791,1,69.5,,,,,,165.6,,25.3,,35.4,,37,,29.7,,89.8,,99.8,
131792,1,86,,,,,,166.3,,31.1,4,42.1,,37.2,,34.6,,104.1,,106.5,
131793,1,24.6,,,,,,117.3,,17.9,3,,,25.7,,20.4,,58.2,,,
131796,1,63.5,,,,,,149.2,,28.5,,35,,35,,32.7,,89.3,,103,
131797,1,58.8,,,,,,169.3,,20.5,,37,,34,,27,,79.4,,88.3,
131798,1,74.1,,,,,,152.8,,31.7,,35.8,,35,,34.4,,103,,110,
131799,1,73.2,,,,,,161.8,,28,,40.4,,36,,30.5,,94.2,,106.1,
131800,1,88.8,,,,,,158,,35.6,,33.3,,34.6,,37.4,,112,,112.3,
131802,4,,,,,,,,,,,,,,,,,,,,
131803,1,81.1,,,,,,161.8,,31,,36.6,,39.5,,34.3,,96,,114.2,
131804,1,59.1,,,,,,161.8,,22.6,,41,,35.5,,29.3,,75.5,,98.6,
131805,1,71.4,,,,,,164.8,,26.3,,38.9,,34.6,,32.5,,86.9,,94.6,
131806,1,58.6,,,,,,163,,22.1,,34.7,,35.9,,27.8,,79,,89.6,
131807,1,45,,,,,,147.4,,20.7,,32.8,,29.5,,26.5,,77.7,,86.3,
131808,1,127.1,,,,,,170.2,,43.9,,39.3,,38.4,,43,,137.3,,138.8,
131810,1,24.2,,,,,,126.3,,15.2,2,26.3,,25.2,,17.2,,55.6,,,
131811,1,13.1,,82.2,,,,,,,,,,15.5,,17.5,,,,,
131812,1,86,,,,,,175.7,,27.9,,45,,40.1,,33.1,,99.6,,102.4,
131814,1,69.5,,,,,,158.8,,27.6,,36.6,,34,,35,,87,,97,
131816,1,80.5,,,,,,176.4,,25.9,,41.3,,39.4,,32.1,,83.5,,109.6,
131819,1,34.6,,,,,,143.6,,16.8,2,34.7,,30.5,,23.5,,63.1,,,
131821,1,18.2,,,,,,110.7,,14.9,2,,,23.9,,16.7,,51.2,,,
131822,1,65.5,,,,,,175.5,,21.3,,42.4,,39,,29.5,,84.5,,91.5,
131823,1,84.1,,,,,,153.1,,35.9,,32.5,,34.4,,36.3,,114,,113.4,
131824,1,57.2,,,,,,146.5,,26.7,,35.6,,31,,29.3,,85.1,,96.2,
131825,1,22.2,,,,,,119.9,,15.4,2,,,26,,16.7,,55.5,,,
131826,1,70.4,,,,,,173.7,,23.3,,40.1,,39.2,,29.4,,81.1,,107.7,
131827,1,185.7,,,,,,179.7,,57.5,,44.7,,43.5,,53.1,,177.7,,162,
131828,1,58.7,,,,,,159.7,,23,,35,,32.6,,27.8,,80.8,,99.4,
131829,1,88.3,,,,,,158.4,,35.2,,33.4,,35.5,,34.5,,113.2,,120.8,
131831,1,84.7,,,,,,169.6,,29.4,,36.5,,39.1,,35.6,,105.9,,113,
131833,1,68.8,,,,,,155.5,,28.5,,35.9,,34,,31.2,,90.5,,102.6,
131835,1,73.9,,,,,,171.8,,25,,41.2,,37.8,,32.2,,88.3,,95.3,
131837,1,72.7,,,,,,168.1,,25.7,,38.4,,38.5,,32.6,,88.2,,95.7,
131838,1,66.9,,,,,,173.3,,22.3,,41,,39,,29.1,,87.8,,93.1,
131839,1,26,,,,,,118.7,,18.5,3,,,25,,21.5,,58.4,,,
131840,1,69,,,,,,165.2,,25.3,3,37.3,,35,,31,,84.2,,99.4,
131841,1,77.9,,,,,,163.5,,29.1,,36.5,,36.4,,32.1,,102.8,,92.3,
131842,1,102.7,,,,,,193.6,,27.4,,44.9,,43,,33.8,,101,,117.3,
131844,1,80,,,,,,162.3,,30.4,,33,,34.7,,35.1,,95.2,,111.2,
131847,1,39.4,,,,,,129.3,,23.6,4,,,27.9,,26.7,,73.1,,,
131848,1,59.3,,,,,,176.4,,19.1,2,42.5,,38.5,,26.9,,73.6,,88.5,
131849,1,100.6,,,,,,179.4,,31.3,,46.3,,42.2,,36.2,,119.1,,107.5,
131850,1,66.3,,,,,,174.6,,21.7,,43.7,,40.5,,32.5,,83,,100.8,
131851,1,124.7,,,,,,163.9,3,46.4,,38.8,,37,,39.1,,126.6,,140.5,
131852,1,111.8,,,,,,185.3,,32.6,,47.1,,43.4,,38.7,,105.9,,123.4,
131855,1,84.1,,,,,,177.4,,26.7,2,38.7,,40.4,,34,,87,,105.6,
131856,1,48.7,,,,,,164.8,,17.9,,38,,37,,24.5,,75.8,,86,
131860,1,73.9,,,,,,183.2,,22,,48.2,,39.5,,30.9,,88,,101.2,
131862,1,78.1,,,,,,174.2,,25.7,,39.2,,37.5,,31.7,,89.1,,104.5,
131864,1,102.9,,,,,,178.5,,32.3,,43.6,,42.2,,35.1,,115.1,,109.4,
131865,1,29,,,,,,136.6,,15.5,2,29.1,,28.8,,19.3,,58.1,,,
131866,1,48.5,,,,,,156.8,,19.7,2,39,,33.5,,23.7,,73.3,,93.8,
131867,1,99.6,,,,,,159.4,,39.2,,35.7,,35,,36.9,,120.7,,126.5,
131871,1,91.5,,,,,,159.5,,36,,36.2,,34.7,,35.5,,110.2,,120.6,
131872,1,76.9,,,,,,168.5,,27.1,,43,,36.8,,31.4,,95.1,,98.7,
131873,1,69.7,,,,,,158.1,,27.9,3,39.7,,36,,32.5,,83.3,,101.4,
131874,1,93.7,,,,,,175.3,,30.5,,39.8,,38.5,,35.6,,111.6,,108,
131875,1,79.7,,,,,,149.7,,35.6,,35.6,,33.6,,36,,105.5,,111.4,
131876,1,119.6,,,,,,168.9,,41.9,,39.6,,39,,40.4,,127.8,,129.7,
131877,1,61.8,,,,,,162.5,,23.4,,35.2,,35.5,,36.2,,82.5,,98.9,
131878,1,59.4,,,,,,152.7,,25.5,4,38.6,,35.7,,30.7,,91.3,,95.5,
131880,1,69.2,,,,,,156.9,,28.1,,34.7,,36.1,,32.5,,91.2,,98.2,
131883,1,74.3,,,,,,167.6,,26.5,,36.5,,36.2,,29.4,,95.9,,96.9,
131884,1,69.8,,,,,,172.6,,23.4,,40,,38,,28,,89.7,,96.2,
131885,1,38.2,,,,,,140.7,,19.3,3,30.5,,29.6,,24.6,,74.6,,,
131886,1,20.6,,,,,,121.4,,14,2,,,25.1,,17.9,,50.5,,,
131890,1,75,,,,,,154.2,,31.5,,31.5,,37.2,,35.5,,107.2,,117.6,
131891,1,48,,,,,,140.3,,24.4,,30,,29.9,,26,,77.5,,90.4,
131892,1,109.7,,,,,,175.9,,35.5,,37.5,,38.2,,41.4,,117.3,,116.4,
131893,1,100.5,,,,,,180.9,,30.7,4,47.1,,40.6,,37.6,,97.5,,120.4,
131895,1,15.5,,91.7,,,,91.3,,18.6,3,,,19,,18.1,,51.7,,,
131896,1,18.1,,,,,,106.9,,15.8,2,,,21,,17.6,,51.4,,,
131898,1,93.7,,,,,,162.3,,35.6,,38.2,,38,,33.9,,125.7,,119,
131899,1,60.2,,,,,,156.9,,24.5,,35.2,,36.5,,30.2,,94,,94.4,
131901,1,164.2,,,,,,189.1,,45.9,,46,,45,,47,,126,,142,
131902,1,82,,,,,,168.2,,29,,37.5,,41.9,,35.7,,100.5,,101,
131903,1,72,,,,,,156.9,,29.2,,33.3,,36.6,,29.3,,95.5,,107.2,
131904,1,72,,,,,,180.3,,22.1,,41.2,,40,,29.2,,79.5,,97,
131905,3,73.2,,,,,,178.9,,22.9,,,1,39.4,,27.8,,91.4,,96.1,
131906,3,67.4,3,,,,,160.9,,26,,,1,34.4,,32.2,,,1,,1
131908,1,62.7,,,,,,164.8,,23.1,3,42.8,,37.2,,28.1,,81,,95.2,
131910,1,71.7,,,,,,175.5,,23.3,2,43.6,,38,,30,,88,,98,
131911,1,97.9,,,,,,189.6,,27.2,,45.5,,44,,35.8,,102.4,,103,
131912,1,59.8,,,,,,149.5,,26.8,,31.2,,33,,27.1,,95.2,,98.4,
131913,1,88.4,,,,,,165.1,,32.4,,38.9,,39,,33.8,,101.8,,109.5,
131914,1,87.9,,,,,,171.3,,30,4,40.8,,38.4,,33.5,,96.4,,108.4,
131916,1,70.8,,,,,,169.3,,24.7,2,43.1,,40.4,,32.3,,82,,98.1,
131918,1,42.8,,,,,,149.1,,19.3,3,34.7,,33,,24.8,,69.3,,,
131920,1,33.7,,,,,,150.2,,14.9,1,35.1,,29.4,,19.5,,62.6,,73.6,
131922,1,91.5,,,,,,169,,32,,34.7,,37.5,,35,,110,,104.9,
131923,1,99.5,,,,,,169.8,,34.5,,38.3,,36.3,,38.2,,119.1,,111,
131924,2,73.8,3,,,,,158.3,,29.5,,,1,,1,,1,,1,,1
131926,1,87.9,,,,,,180.2,,27.1,,39.4,,39,,32.5,,104.9,,100,
131927,1,16.3,,100.1,,,,99.1,,16.6,2,,,20.8,,16.9,,52.1,,,
131928,1,68.9,,,,,,162.1,,26.2,,37.2,,36.5,,32.6,,90,,93.3,
131929,1,92.8,,,,,,169.9,,32.1,,37.5,,38.7,,34.4,,108.4,,111.1,
131930,4,,,,,,,,,,,,,,,,,,,,
131932,1,66.8,,,,,,169.8,,23.2,,40.9,,40.4,,28.5,,98.2,,90.1,
131933,1,24.4,,,,,,115.5,,18.3,3,,,23.3,,20.8,,59.7,,,
131934,1,88.1,,,,,,180.2,,27.1,,39.7,,39.7,,32.6,,109,,103.3,
131935,1,15.4,,,,,,100.9,,15.1,2,,,20.5,,14.5,,48.4,,,
131936,1,70.2,,,,,,150.4,,31,,35,,37.2,,31.6,,92.9,,108.5,
131937,1,81.1,,,,,,159.5,,31.9,,36.7,,36.8,,33.3,,102.6,,111.6,
131938,1,100.9,,,,,,165.8,,36.7,,38,,35.2,,37.1,,126.9,,124,
131939,1,63.6,,,,,,172.2,,21.4,,40,,35.6,,30,,91.5,,100.2,
131940,1,79.4,,,,,,158.5,,31.6,,36.2,,37.8,,33.6,,110.2,,115.6,
131941,1,16,,,,,,103.6,,14.9,2,,,19.1,,15.8,,48.5,,,
131944,1,56.1,,,,,,164.1,,20.8,,37.2,,36.8,,27,,74.3,,93.3,
131945,1,62.1,,,,,,175.7,,20.1,,45.2,,39.9,,29.3,,81,,96.5,
131946,3,54.4,,,,,,155.7,,22.4,,,1,34.5,,28.3,,,1,,1
131947,1,99.4,,,,,,176.8,,31.8,,41.4,,41.6,,33.5,,99.6,,116,
131948,1,50.2,,,,,,165.4,,18.3,,37.1,,35.9,,24.5,,71.7,,87.3,
131951,1,131.2,,,,,,162.8,,49.5,,35.4,,37.5,,41.3,,146.4,,137.5,
131952,1,25.4,,,,,,123.7,,16.6,2,,,25.8,,18.7,,59,,,
131954,1,60,,,,,,168.6,,21.1,,41.3,,40.8,,30.5,,73.7,,86.9,
131955,1,72.4,,,,,,148.6,,32.8,,37.3,,32.1,,35.1,,103.3,,115.1,
131957,1,28.6,,,,,,137,,15.2,2,32.5,,29.2,,19,,56.7,,,
131958,1,75.7,,,,,,171.9,,25.6,,41,,39.4,,36,,77.4,,98.6,
131959,1,69.4,,,,,,151.8,,30.1,,30.5,,36.8,,33.6,,103.9,,105.5,
131960,1,79.8,,,,,,170.5,,27.5,3,39.3,,37.3,,32.5,,101.4,,102.5,
131962,1,72.4,,,,,,163.6,,27.1,,39,,38.8,,34.7,,94.4,,107.5,
131963,1,18.7,,,,,,116,,13.9,2,,,25,,16.4,,53.2,,,
131967,1,79,,,,,,173.8,,26.2,,40.6,,40,,28.5,,109,,96,
131970,3,68.4,3,,,,,157.1,,27.7,,,1,36,,28.7,,,1,,1
131972,1,102.2,,,,,,147.2,,47.2,,33.2,,32.6,,44.6,,115.7,,135.3,
131973,1,10.9,,79.8,,,,,,,,,,17.2,,14.4,,,,,
131974,1,71.1,,,,,,168.5,,25,,41.9,,35.2,,29.7,,88.1,,102.1,
131975,1,53.4,,,,,,158.5,,21.3,,35.5,,34.5,,25,,83.5,,86.6,
131976,1,82,,,,,,167.3,,29.3,,37.3,,37.2,,31.8,,103.7,,111.6,
131978,1,14.7,,106.1,,,,101.7,,14.2,2,,,19.1,,15.3,,47.1,,,
131979,1,63.5,,,,,,160.9,,24.5,,40,,35,,30,,81.6,,98,
131980,3,14.9,,,1,,,93.2,,17.2,3,,,20.1,,17.1,,48.8,,,
131983,1,28.3,3,,,,,131.8,,16.3,2,,,28.1,,18.8,,61.2,,,
131985,1,86.7,,,,,,168.2,,30.6,,39,,37,,33.6,,95.8,,117.7,
131987,1,101.3,,,,,,176.5,,32.5,4,44.2,,41.6,,38.5,,109.5,,112,
131988,1,85.9,,,,,,162.2,,32.7,,34.2,,37,,33.4,,116.1,,110.5,
131989,1,15.3,,98.9,,,,97.9,,16,2,,,18.6,,16.7,,50.7,,,
131990,1,68.7,,,,,,176.6,,22,,42.5,,37.8,,29.7,,83.4,,91.7,
131991,1,91.3,,,,,,167.7,,32.5,,42.2,,38.6,,33.9,,94.4,,126.8,
131992,3,91.8,3,,,,,168.4,,32.4,,,1,37.4,,37.7,,,1,,1
131993,1,78.5,,,,,,140.1,,40,4,36,,32.7,,39,,109.5,,,
131994,1,16.7,3,104.4,,,,102,,16.1,2,,,22.2,,16.7,,47.4,,,
131996,3,27.4,,,,,,129.5,,16.3,2,,,25,,19.3,,,1,,
131997,1,60.7,,,,,,164.2,,22.5,,37.3,,37.5,,27.7,,91.8,,91.4,
131998,1,92.4,,,,,,166,,33.5,,37.4,,37,,35.2,,113.2,,126.8,
131999,1,64.4,,,,,,164.6,,23.8,2,40.5,,37,,28,,83.3,,102.7,
132000,1,68.3,,,,,,149.7,,30.5,,30.4,,32.5,,32.6,,101.1,,108.8,
132001,1,59.8,,,,,,158.6,,23.8,,32.6,,32.4,,29.9,,82.2,,88.7,
132002,1,14,,98,,,,97.2,,14.8,2,,,20,,15.1,,43.4,,,
132004,1,36.3,,,,,,127.5,,22.3,4,,,29.4,,24.2,,71.8,,,
132005,1,55.7,,,,,,149.9,,24.8,4,38.2,,34.8,,28.6,,87.5,,90.4,
132006,1,52.4,,,,,,152.6,,22.5,2,34.6,,34.8,,28.5,,75,,94,
132007,1,111.6,,,,,,176.8,,35.7,,43,,40.8,,40.2,,121,,113.6,
132008,1,108.3,,,,,,167.2,,38.7,,39.5,,35.5,,36.7,,126.4,,136.8,
132010,1,80,,,,,,163.5,,29.9,,38.7,,34.2,,31.6,,94.3,,116.5,
132011,1,85.1,,,,,,183.4,,25.3,,41.4,,39.8,,35.5,,92.1,,105,
132012,1,30.7,,,,,,125.4,,19.5,3,,,27.5,,22.7,,65,,,
132014,3,179.5,,,,,,160.2,,69.9,,,1,,1,,1,169,,176.2,
132016,1,97.4,,,,,,187.1,,27.8,3,44.9,,43.6,,35.2,,85.2,,106.3,
132017,1,162.9,,,,,,176.1,,52.5,,42.1,,46.1,,48.7,,131,,155.9,
132020,1,20.3,,,,,,106.1,,18,3,,,22.2,,19,,53.6,,,
132021,1,91.5,,,,,,188.4,,25.8,,43.8,,39,,32.7,,102.5,,106.1,
132023,1,8.2,,67.5,,45.2,,,,,,,,13.6,,14.7,,,,,
132027,1,42,,,,,,149.2,,18.9,2,34.8,,31.6,,22,,66.5,,84.1,
132028,1,57.7,,,,,,163.6,,21.6,,37.6,,35.7,,28.2,,75.4,,97.8,
132029,1,62.9,,,,,,159.1,,24.8,,35.4,,36.2,,30.4,,84.2,,98.2,
132030,1,97.9,,,,,,184.6,,28.7,,45,,43.6,,34,,112.5,,106,
132031,3,69.8,,,,,,152.6,,30,,,,37.3,,36.4,,96.3,,110,
132032,1,136.7,,,,,,183.6,,40.6,,40.8,,42.2,,44.4,,135.5,,128.7,
132033,1,72.2,,,,,,173.2,,24.1,,41.1,,39.6,,32.3,,82.6,,97.5,
132036,1,68.9,,,,,,155,,28.7,,34.2,,36.2,,30.3,,102.5,,98,
132037,1,108.2,,,,,,166.1,,39.2,,37.7,,40.2,,41.3,,118.6,,120.6,
132038,1,86.3,,,,,,157.3,,34.9,,31,,35.6,,32.8,,118.6,,119.4,
132040,1,8.8,,68,,,,,,,,,,12,,15,,,,,
132041,1,78.8,,,,,,163,,29.7,,34.9,,39.2,,33.5,,95.8,,99.3,
132045,1,85.2,,,,,,177.5,,27,,43,,38.2,,35.3,,93.3,,107.9,
132046,1,78.2,,,,,,171,,26.7,,39.1,,40.2,,32,,95.6,,101.2,
132047,1,23.1,,,,,,126.5,,14.4,2,27.9,,25.8,,17.2,,54.2,,,
132048,1,56.7,,,,,,154.7,,23.7,3,37.7,,34,,27.8,,74.9,,98.3,
132049,1,93.6,,,,,,169.4,,32.6,,35.5,,43.1,,35.5,,106.2,,106.9,
132053,1,105,,,,,,180.4,,32.3,,43.8,,38,,38.5,,107.7,,112,
132055,1,67.8,,,,,,158.5,,27,,37.6,,33.8,,31.6,,89.5,,103.7,
132056,1,78.7,,,,,,152,,34.1,,33,,35.5,,40.5,,108.8,,121.3,
132057,1,11.9,,89.3,,,,88.3,,15.3,2,,,18.1,,15,,45.5,,,
132059,1,88,,,,,,166.1,,31.9,,44.9,,38.6,,32.2,,101,,116,
132060,1,70.5,,,,,,180.4,,21.7,,44.8,,39.6,,29.6,,80.9,,94.7,
132061,1,115.2,,,,,,169.9,,39.9,,33.5,,36.5,,36.6,,141.4,,140.5,
132062,1,67.8,,,,,,167.6,,24.1,,38.7,,39.4,,32,,85.5,,89.6,
132063,1,103.1,,,,,,172.2,,34.8,,39.1,,39.6,,36.1,,127.4,,124.1,
132064,1,143.3,,,,,,179.7,,44.4,,46.2,,40.9,,48,,131,,131.5,
132065,1,53,,,,,,151.1,,23.2,,30.5,,32.8,,27.8,,90,,88.5,
132067,1,57.3,,,,,,173.8,,19,,44,,39.8,,25.5,,80.2,,92,
132068,1,89.1,,,,,,173,,29.8,4,41.3,,39.5,,34.8,,101.4,,103.8,
132069,1,85.1,,,,,,174.4,,28,4,39.9,,38.3,,33.4,,95.5,,106,
132070,1,44.1,,,,,,152.7,,18.9,2,35,,31.1,,22,,68.7,,,
132071,1,60.6,,,,,,157.3,,24.5,,37.3,,35,,31.7,,89.2,,103.1,
132072,1,101,,,,,,169.8,,35,,36.6,,40.4,,39.3,,120.8,,110.9,
132073,1,85.7,,,,,,171,,29.3,,39.7,,39.7,,36,,106.4,,100.8,
132074,1,86.2,,,,,,172.4,,29,,42.7,,39,,30.7,,113.6,,111,
132075,1,62.9,,,,,,169.5,,21.9,,38.4,,36.8,,27.3,,81.3,,91.6,
132077,1,68.1,,,,,,156.7,,27.7,,34.7,,36.6,,28,,100.7,,98,
132079,1,92.4,,,,,,159.5,,36.3,,38.1,,38.5,,39.2,,111,,118,
132080,2,95.9,,,,,,150.7,,42.2,,,1,,1,,1,,1,,1
132082,1,86.6,,,,,,171,,29.6,4,43.8,,40.5,,37.5,,93.8,,104,
132083,1,25.5,,,,,,124.8,,16.4,2,,,23.5,,19.5,,58.9,,,
132084,1,38.8,,,,,,141.8,,19.3,3,32.4,,30.5,,23.3,,69.7,,,
132085,1,72.1,,,,,,164,,26.8,,37.7,,35.7,,30.5,,88.4,,110.9,
132087,1,64,,,,,,159.9,,25,,36.2,,35,,30.7,,94,,96.1,
132088,1,62,,,,,,151.9,,26.9,,33.6,,34.5,,31.4,,102.2,,96.5,
132089,1,54.9,4,,,,,173.1,,18.3,1,42.5,,37.5,,27.7,,69.4,,82.5,
132091,1,7.1,,62.2,,42.8,,,,,,,,12.5,,13.5,,,,,
132092,1,79.4,,,,,,182.4,,23.9,,42.5,,42.7,,31.6,,93.9,,99.3,
132093,1,63.4,,,,,,165.6,,23.1,,40.6,,37,,30.1,,83.3,,96,
132094,1,31.5,,,,,,144.6,,15.1,2,35.9,,29.8,,19.5,,56.2,,,
132095,1,107.4,,,,,,152,,46.5,,32.1,,38.4,,43.4,,130.3,,118.8,
132097,1,89.1,,,,,,161.2,,34.3,,35.4,,39.8,,33.9,,105.5,,116.1,
132098,2,85,,,,,,150.3,,37.6,,,1,,1,,1,,1,,1
132099,1,69.2,,,,,,177.2,,22,,42.2,,39,,29.4,,93.2,,93.7,
132100,1,53.8,,,,,,176,,17.4,2,43.4,,38.5,,23.5,,69.6,,87.3,
132101,1,81.1,,,,,,181.7,,24.6,,42.1,,38.3,,30.5,,100,,103.4,
132102,1,65.8,,,,,,160.7,,25.5,,35.3,,35,,29.2,,93,,104.6,
132103,1,21.1,,,,,,104.3,,19.4,4,,,20.7,,20.5,,55.5,,,
132104,2,95.5,3,,,,,154.1,,40.2,4,,1,,1,,1,,1,,1
132105,1,59.3,,,,,,156.1,,24.3,,34.3,,34,,27.4,,92.1,,95.6,
132107,1,82.9,,,,,,162.6,,31.4,,35.1,,34.5,,34.2,,106.1,,112.7,
132109,1,83.5,,,,,,156.1,,34.3,,35.1,,35,,38.7,,107.6,,114.2,
132110,1,69.6,,,,,,177.5,,22.1,,43.8,,42,,30.1,,99.5,,95.4,
132112,1,60.5,,,,,,146.7,,28.1,,35.3,,31,,29.8,,92.5,,100,
132116,1,55.2,,,,,,173,,18.4,,39.2,,34,,25.5,,73.5,,92.4,
132117,3,,1,,,,,,1,,,,1,37.5,,32.2,,,1,,1
132118,1,75.3,,,,,,163,,28.3,,34,,34.5,,31.5,,105.8,,102.2,
132120,1,10.1,,76.7,,,,,,,,,,15.9,,16.1,,,,,
132121,1,64.5,,,,,,156.8,,26.2,,37.5,,38.2,,29.2,,97.5,,105.8,
132122,1,78.3,,,,,,160.7,,30.3,,39.1,,37.6,,31.1,,110.4,,116.2,
132123,1,79.3,,,,,,155.4,,32.8,,35.3,,35.7,,34.8,,111.5,,102.8,
132124,1,82.6,,,,,,154.1,,34.8,,33.1,,33.3,,34.9,,102,,105.6,
132125,1,74.4,,,,,,162.9,,28,,39.6,,37.4,,32.8,,86,,101.9,
132126,1,99.8,,,,,,178.9,,31.2,,44,,40,,40,,109,,110,
132127,1,88.9,,,,,,186.5,,25.6,,46.3,,39,,35.6,,91.1,,105.5,
132128,1,65.8,,,,,,164.5,,24.3,3,39.4,,35.4,,31.3,,86,,94.5,
132129,1,34,,,,,,139.2,,17.5,2,33.7,,27.7,,21.7,,65,,,
132131,1,18.9,,,,,,114.6,,14.4,2,,,24.5,,17.2,,51.4,,,
132132,1,58,,,,,,153.6,,24.6,,37,,34.5,,30.3,,79.5,,97.3,
132134,1,74.9,,,,,,162.2,,28.5,,36.8,,34,,31,,102.8,,111,
132135,1,67.3,,,,,,171.2,,23,,39.1,,38,,29.9,,88,,91.7,
132137,1,83.5,,,,,,171.5,,28.4,,40.9,,38.3,,35.4,,105.6,,100.5,
132138,1,64.6,,,,,,173,,21.6,,38.5,,39.4,,27.1,,88.9,,98.9,
132139,1,29.3,,,,,,120.4,,20.2,4,,,26.2,,21,,64.6,,,
132140,1,11.2,,85,,,,,,,,,,15,,14.6,,,,,
132141,1,82.3,,,,,,168.1,,29.1,,40.6,,37.9,,34.8,,99,,109.1,
132142,1,58.9,,,,,,151,,25.8,3,36,,34,,27.9,,83.2,,97.7,
132143,1,134.8,,,,,,163.9,,50.2,,37.6,,40.4,,48.8,,139.2,,142.4,
132145,1,75.5,,,,,,157.8,,30.3,,35.4,,34,,32,,96,,106,
132146,1,60.9,,,,,,159.4,,24,2,36.5,,38,,29,,79.8,,97,
132147,3,111.4,,,,,,161.1,,42.9,,,1,38.2,,45.9,,,1,,1
132149,1,124,,,,,,183.9,,36.7,,43.6,,42.1,,39.5,,124.3,,120,
132150,1,89.4,,,,,,182.4,,26.9,,42.9,,39.4,,31.6,,99.1,,107.6,
132151,1,83.8,,,,,,155.9,,34.5,,35.5,,35,,34.4,,106.1,,108.3,
132152,1,65.9,,,,,,172.6,,22.1,,42,,36.4,,28,,90,,93.7,
132153,1,83.7,,,,,,182.5,,25.1,,45,,36,,33.7,,93.6,,98.7,
132154,1,104.7,,,,,,171.3,,35.7,,37.7,,39.1,,37.8,,114.9,,105.6,
132155,1,124.4,,,,,,161,,48,,36.6,,33.1,,46.5,,135.5,,140.6,
132156,1,33.8,,,,,,121.2,,23,4,,,26,,23.5,,76,,,
132158,1,58.3,3,,,,,155.7,,24,,37.2,,35.6,,29.9,,93.2,,97.3,
132159,1,68.4,,,,,,169.7,,23.8,,39.5,,37.7,,31,,89.2,,93.3,
132160,3,101.4,3,,,,,169.1,,35.5,4,,1,36.5,,40.5,,111.2,,,1
132161,2,19.1,,,1,,,103.2,,17.9,3,,,,1,,1,,1,,
132162,1,97.5,,,,,,170.2,,33.7,,45,,36,,35,,91.4,,122.2,
132164,1,20.9,,,,,,106.4,,18.5,4,,,21.3,,19.6,,58.6,,,
132165,1,83.1,,,,,,174.6,,27.3,,44.2,,41.4,,34.8,,97.2,,98.7,
132166,1,76.1,,,,,,178.1,,24,3,43.8,,38,,30.7,,82.2,,99.8,
132167,3,97.6,3,,,,,149.5,,43.7,,,1,33.1,,33.7,,,1,,1
132168,1,61.3,,,,,,178.8,,19.2,2,41.3,,37.6,,27.5,,71.2,,92.5,
132169,3,,1,,,,,164,,,,,1,43.8,,39,,,1,,1
132170,1,63.5,,,,,,155.9,,26.1,,37.5,,33.6,,27.6,,92.5,,105.7,
132171,1,56.4,,,,,,166.7,,20.3,,35.6,,37.4,,25.8,,78.8,,92.6,
132172,1,56.6,,,,,,165.1,,20.8,2,39.5,,34.8,,26.9,,72,,89,
132173,1,11.1,,80.6,,,,,,,,,,16,,15.1,,,,,
132175,1,37.2,,,,,,134.6,,20.5,3,32.8,,28.6,,22.5,,69.6,,,
132177,1,93.3,,,,,,181.8,,28.2,,43.6,,40.3,,34.9,,103.7,,107.2,
132178,1,87,,,,,,171.7,,29.5,,40.2,,41.5,,35.6,,106,,98.5,
132180,1,79.1,,,,,,164.4,,29.3,,37.3,,35.7,,34,,90.9,,113.9,
132181,1,93.6,,,,,,183,,27.9,,39.1,,42,,36.5,,100.9,,101.1,
132182,1,78.3,,,,,,176.6,,25.1,,39.4,,41.4,,31.3,,104.3,,100.7,
132185,1,66.3,,,,,,157.7,,26.7,,37,,36,,31.8,,87.7,,103,
132186,1,86.9,,,,,,152.2,,37.5,,34.3,,35,,38.1,,110.6,,124.1,
132187,1,17.9,,,,,,110.5,,14.7,2,,,22.5,,16.8,,51.3,,,
132188,1,73.8,,,,,,162.8,,27.8,,36.4,,34.7,,31.1,,100.1,,105.7,
132189,1,95.5,,,,,,178.8,,29.9,,42.6,,41.8,,33.2,,121.2,,111.7,
132191,1,96.9,,,,,,187.4,,27.6,4,51.6,,44.4,,35.7,,90.1,,107.8,
132192,1,53.7,,,,,,150.6,,23.7,3,37,,36.5,,25,,83.7,,93.1,
132193,1,71.9,,,,,,160.1,,28.1,4,38,,33.8,,29.8,,102.4,,100.4,
132194,1,83.1,3,,,,,181.6,,25.2,,44.5,,37,,32.7,,94.7,,100.8,
132195,1,66.8,,,,,,175.3,,21.7,2,41.4,,37.4,,29.2,,78.5,,92.9,
132197,1,70.3,,,,,,151.5,,30.6,,33.6,,35.5,,31.7,,107.4,,108.6,
132198,1,104.3,,,,,,166.7,,37.5,,38.7,,36.9,,37.6,,106.9,,131.1,
132199,1,60.7,,,,,,150.6,,26.8,4,33.1,,32.8,,28,,84.4,,94.7,
132200,1,67.9,,,,,,157.3,,27.4,4,37.1,,35.3,,31.3,,95.1,,100.3,
132201,1,79.9,,,,,,154.5,,33.5,,36.4,,35.8,,35.5,,102.6,,119,
132202,1,64.9,,,,,,163,,24.4,,39.1,,34.3,,31,,82.1,,102.6,
132203,1,95.4,,,,,,163.7,,35.6,,39.5,,40.7,,36.9,,120.7,,113.2,
132205,1,26.1,,,,,,106.5,,23,4,,,23,,22.5,,71,,,
132206,1,50.1,,,,,,161.5,,19.2,,40.1,,32.6,,26.5,,68,,82.3,
132207,1,66.3,,,,,,175.9,,21.4,,40.8,,38.2,,30,,72.5,,91.8,
132208,1,22.4,,,,,,121,,15.3,2,,,23.4,,17.2,,54.7,,,
132209,3,88.3,3,,,,,170.9,,30.2,,,1,40.5,,34.2,,,1,,1
132210,1,14.9,,,,,,101,,14.6,2,,,20.2,,16.4,,47.4,,,
132211,1,88.7,,,,,,153,,37.9,,35.2,,34,,35.6,,106.8,,120.6,
132214,1,74,,,,,,172.6,,24.8,,41.5,,40.3,,31.4,,91.5,,90.1,
132215,1,108.1,,,,,,156.8,,44,,36.2,,36.7,,40.2,,120.6,,136.2,
132216,1,36.7,,,,,,146.2,,17.2,2,33.9,,29.9,,21.6,,64.7,,,
132219,1,68.3,,,,,,163.1,,25.7,,36.5,,38.7,,32.5,,90.5,,94,
132220,1,62.5,,,,,,182.9,,18.7,,39.5,,42.1,,28.7,,76.6,,88.1,
132221,1,62.9,,,,,,178.8,,19.7,,42.3,,42.5,,25.1,,83.9,,88.1,
132222,1,73.9,,,,,,174.1,,24.4,,47.2,,39.5,,32.7,,88.4,,98.8,
132224,1,75.5,,,,,,165.2,,27.7,,41.3,,38.5,,31.7,,106.7,,106.4,
132226,1,90.9,,,,,,181,,27.7,,45.5,,40,,37.7,,93.5,,106.9,
132231,1,62.3,4,,,,,174.2,,20.5,,42.2,,38.8,,27.1,,80.8,,90.4,
132232,1,11.1,,78.2,,,,,,,,,,17.5,,17.2,,,,,
132233,1,104.3,,,,,,172.8,,34.9,,42.7,,40.6,,39,,110,,111,
132234,1,77.8,,,,,,164.1,,28.9,4,41.5,,36,,30.3,,89.7,,,
132235,1,77.7,,,,,,174.5,,25.5,,37.2,,39.4,,31.1,,103.6,,100.8,
132236,1,57.6,,,,,,160.9,,22.2,,37.1,,34.6,,27,,81.5,,95.1,
132237,1,90.9,,,,,,178.3,,28.6,,40.1,,41.8,,35.5,,101,,104.2,
132239,1,74.8,,,,,,170.2,,25.8,,42.6,,34.7,,30.9,,99.3,,108.3,
132243,1,67.9,,,,,,154.3,,28.5,,33.1,,33,,30,,93.5,,113,
132244,1,17.8,,107.7,,,,105.1,,16.1,2,,,22.5,,16.6,,50.5,,,
132245,1,61.7,,,,,,159.8,,24.2,,36.5,,33.5,,26.6,,88.5,,94.1,
132246,1,50,,,,,,161.9,,19.1,2,39,,34.9,,24.8,,71.2,,83.7,
132247,1,46.5,,,,,,134.1,,25.9,4,29.1,,31.2,,27.5,,80.6,,,
132248,1,82.7,,,,,,175.7,,26.8,,41.7,,41.6,,38.5,,98.1,,96.3,
132249,1,16.3,,,,,,97.3,,17.2,3,,,18.5,,17.8,,50.5,,,
132250,2,78.8,3,,,,,175.6,,25.6,,,1,,1,,1,,1,,1
132251,1,97.2,,,,,,183.5,,28.9,,43.5,,39.5,,37,,103.1,,112.4,
132252,1,64.5,,,,,,168.9,,22.6,,41.4,,38.6,,28.6,,84.5,,96.2,
132253,1,56.2,,,,,,157,,22.8,2,38.2,,34.5,,27.6,,77,,94.2,
132254,1,13.4,,,,,,101.5,,13,1,,,20.8,,14.2,,45,,,
132256,1,121.1,,,,,,164.5,,44.8,,43.4,,39.6,,44,,121.5,,135.3,
132257,1,16.6,,102.1,,,,100.2,,16.5,2,,,21.8,,17,,51.2,,,
132258,3,126.2,3,,,,,172.8,,42.3,,,1,33,,39,,,1,,1
132259,1,93.1,,,,,,185.3,,27.1,,41.3,,44.4,,34.8,,98,,104.2,
132260,1,54.4,,,,,,164.8,,20,,38.1,,35,,25.3,,73.6,,92.4,
132261,2,70,3,,,,,167.7,,24.9,,,1,,1,,1,,1,,1
132262,1,73.5,,,,,,157.6,,29.6,,33.1,,38.1,,34.5,,98.3,,103.5,
132264,1,111.4,,,,,,170.9,,38.1,,38.7,,37.8,,39.5,,120.7,,115.9,
132265,1,9.5,,80.6,,,,,,,,,,16.5,,14.4,,,,,
132266,1,13.8,,96.6,,,,94.5,,15.5,2,,,20,,16.5,,48,,,
132267,1,75.1,,,,,,171.7,,25.5,,42.2,,39,,28.4,,89.5,,110.2,
132268,1,32.1,,,,,,118.6,,22.8,4,,,24.2,,22.7,,74.1,,,
132269,1,90.7,,,,,,184.8,,26.6,,44.9,,39,,31.2,,100,,104.6,
132270,1,60.4,,,,,,174.2,,19.9,2,40.8,,39.8,,26.9,,70.7,,89.1,
132271,1,78.4,,,,,,159.6,,30.8,,34.3,,33,,31,,110.1,,113.5,
132272,1,85.8,,,,,,176.3,,27.6,,40.2,,38.4,,35,,96,,105.6,
132273,1,88.8,,,,,,175.8,,28.7,,42.5,,40.2,,31.9,,102.6,,112.2,
132277,1,66.4,,,,,,168.8,,23.3,,36.4,,38.9,,30.8,,89.6,,105.2,
132278,1,79.4,,,,,,175.2,,25.9,,43,,40.9,,33.1,,96.8,,101,
132280,1,59.6,,,,,,158.2,,23.8,,36.6,,36.2,,28.7,,78.3,,100,
132282,1,62.2,,,,,,153.5,,26.4,,37.2,,33.6,,30.1,,87.3,,102.4,
132283,1,87.2,,,,,,183.2,,26,,39,,42.3,,30.5,,108.5,,101.1,
132284,1,74.7,,,,,,161.3,,28.7,,39.9,,40.9,,30.7,,105.9,,100.4,
132285,1,7.2,,70.8,,44.5,,,,,,,,14,,12.7,,,,,
132286,1,100.7,,,,,,176.3,,32.4,,41.8,,39.1,,36.7,,110.1,,109.5,
132287,3,104.2,3,,,,,179.3,,32.4,,,1,41,,38.2,,115.5,,,1
132288,1,70.4,,,,,,174.9,,23,,40.9,,38.8,,29.3,,89.2,,92,
132289,1,68.4,,,,,,155.5,,28.3,,34.8,,34.4,,31.7,,90.6,,99.3,
132291,1,93.2,,,,,,169.5,,32.4,,38.8,,38.4,,35,,114,,109,
132293,1,10.1,,82.1,,,,,,,,,,16.5,,15,,,,,
132296,1,92,,,,,,153.9,,38.8,,33.3,,37.8,,40.6,,130.9,,130.7,
132297,1,65.4,,,,,,160.7,,25.3,,38.5,,37.4,,32.4,,93.9,,104.2,
132298,1,69.5,,,,,,170.3,,24,2,39.3,,37.6,,30.5,,79.6,,97,
132299,1,16.7,,99.6,,,,97.6,,17.5,3,,,19.5,,18.3,,51.4,,,
132302,1,76.1,,,,,,166.4,,27.5,,37.2,,36.5,,31.2,,99.6,,107.4,
132303,1,81.3,,,,,,172.9,,27.2,,40.3,,36,,30.4,,95.5,,98.9,
132304,1,70.5,,,,,,168.2,,24.9,2,39.8,,37.7,,32.3,,83.5,,97.6,
132307,3,79.4,3,,,,,167.6,,28.3,4,,1,37,,32.6,,102.6,,,1
132308,1,54.7,,,,,,168.8,,19.2,2,38.9,,34.8,,26.5,,69.9,,91.3,
132309,1,68.9,,,,,,164.4,,25.5,,38.1,,37,,29.6,,75.2,,106.8,
132310,1,66.9,,,,,,156.3,,27.4,,35.2,,33.6,,30.7,,92.2,,101.5,
132311,3,69.5,,,,,,174.9,,22.7,,,1,36,,28.7,,,1,,1
132312,1,60.2,,,,,,170.5,,20.7,,40,,36.5,,26.6,,74.5,,93.8,
132313,3,16.1,,93.6,,,,,1,,,,,,1,,1,,1,,
132315,1,62.5,,,,,,159.9,,24.4,,34.8,,35.7,,30.2,,85.2,,92.9,
132316,1,67.3,,,,,,164.3,,24.9,,38,,37,,31.2,,89.5,,101,
132317,1,96.6,,,,,,157.2,,39.1,,35.5,,37.4,,40.8,,112.8,,108.9,
132318,1,88.5,,,,,,161.1,,34.1,,33.5,,36.2,,38,,111.6,,120.1,
132321,1,71.8,,,,,,179.4,,22.3,2,43.8,,38.4,,30.8,,77.5,,92.8,
132322,1,62.2,,,,,,157.5,,25.1,3,37,,36.8,,29.8,,78.6,,97.3,
132325,1,98.7,,,,,,169.8,,34.2,,39.4,,38,,38.5,,110.3,,112.7,
132326,1,53.3,,,,,,155.8,,22,2,37.9,,32.4,,26.4,,80.9,,93.3,
132327,1,23.8,,,,,,110,,19.7,4,,,23.5,,20,,59.8,,,
132328,1,19.4,,,,,,111.1,,15.7,2,,,21.2,,16.9,,51.8,,,
132329,1,65.1,,,,,,167.2,,23.3,2,40.1,,40.2,,29.9,,86.3,,96.8,
132330,1,8.1,,73.2,,45,,,,,,,,13.7,,14.9,,,,,
132331,1,97.8,,,,,,181,,29.9,,42.8,,42.8,,36.3,,110.2,,107.3,
132333,1,62.8,,,,,,162.3,,23.8,2,40.3,,35,,30.2,,80.4,,98.3,
132335,1,64.1,,,,,,157.7,,25.8,3,38.8,,37,,27.5,,78.4,,98.3,
132336,1,93.7,,,,,,148,,42.8,,34.1,,35.1,,37.5,,123.9,,127.8,
132337,1,89.3,,,,,,157.3,,36.1,,36.6,,37.3,,37.9,,106.7,,113.9,
132338,1,110.8,,,,,,181.3,,33.7,,46,,45.3,,37.3,,120.5,,114,
132339,1,104.8,,,,,,161.6,,40.1,,34.1,,36.1,,36.4,,118.8,,123.2,
132340,1,88.7,,,,,,175,,29,,41.5,,40.8,,37.5,,98.3,,105.9,
132341,1,78.7,,,,,,161.4,,30.2,,35.1,,35.4,,33.3,,96.2,,104.8,
132342,1,75.2,,,,,,159.1,,29.7,,37.3,,37,,33.3,,94.8,,113.5,
132344,1,119.7,,,,,,172.3,,40.3,,37.2,,40.8,,38.1,,135,,124.3,
132347,1,15.8,,105.8,,,,104.9,,14.4,2,,,20.2,,15,,49.2,,,
132349,1,31.6,,,,,,128.3,,19.2,3,30,,28.5,,21.7,,63.3,,,
132350,1,76.4,,,,,,148.6,,34.6,,35.6,,40,,36.2,,102.2,,109.7,
132351,1,61.8,,,,,,157,,25.1,,38.6,,33.2,,29.5,,75.6,,99.4,
132352,1,86.8,,,,,,167.9,3,30.8,,37.7,,37.2,,32.8,,96,,120.6,
132353,1,103.2,,,,,,187.1,,29.5,,45,,42,,37.7,,107,,114.4,
132354,1,87.8,,,,,,170.3,,30.3,,37.4,,37.6,,35.8,,104.3,,109.2,
132355,1,77.5,,,,,,189.6,,21.6,2,45.4,,41.6,,27.6,,82.4,,93.9,
132356,1,46.4,,,,,,140.6,,23.5,,30.2,,30.8,,28.6,,73.8,,83.1,
132357,1,64.6,,,,,,155.7,,26.6,4,35.7,,34.7,,29,,92,,,
132358,1,64.5,,,,,,160.7,,25,,36,,36.5,,30.4,,94.1,,97,
132359,1,86.7,,,,,,184.8,,25.4,,44,,40,,34.8,,89,,103,
132360,1,33.4,,,,,,142.3,,16.5,2,33.7,,27.9,,20.5,,56,,,
132361,1,65.5,,,,,,171,,22.4,,38.1,,39.5,,28.8,,93.9,,90,
132363,1,50.5,,,,,,153.2,,21.5,,36.5,,33.7,,24.2,,82.1,,91.1,
132364,1,138.3,,,,,,172.4,,46.5,,44,,41.3,,42.9,,146.5,,144.4,
132365,1,10.1,,74.9,,,,,,,,,,14.2,,15,,,,,
132366,1,73.7,,,,,,154.1,,31,,38,,36.7,,32.6,,109.7,,112.1,
132368,1,76.6,,,,,,178.9,,23.9,,41.5,,42,,33,,83,,97,
132369,1,24.7,,,,,,133.9,,13.8,1,32.5,,27.5,,17.7,,54.1,,,
132370,1,74.1,,,,,,167.7,,26.3,,40.6,,37,,33.2,,98,,91.4,
132373,1,61.5,,,,,,165,,22.6,,37.3,,40.5,,25.6,,89.4,,96.2,
132375,1,79.6,,,,,,182.2,,24,,40.4,,42.1,,29.1,,95.4,,100.2,
132377,1,66,,,,,,168.9,,23.1,,39,,36.6,,30,,86.6,,93.1,
132378,1,95.6,,,,,,169.9,,33.1,,40.1,,40,,36.7,,115.3,,108.5,
132379,1,87,,,,,,176.3,,28,4,46.5,,40,,35,,103.4,,107.5,
132380,1,62.3,,,,,,152.1,,26.9,,32.1,,35.6,,30.1,,92.5,,96.6,
132382,1,70,,,,,,173.9,,23.1,,41.2,,39,,30.8,,82.6,,93.9,
132383,1,47.7,,,,,,162.3,,18.1,,38.2,,35.6,,24.5,,72.9,,84,
132384,4,,,,,,,,,,,,,,,,,,,,
132386,1,86.2,,,,,,158.5,,34.3,,36.3,,35,,34.6,,102.6,,121,
132389,1,84.2,,,,,,153.3,,35.8,,34.3,,37.4,,37.8,,108.7,,115.3,
132390,1,74,,,,,,186.4,,21.3,2,41,,40.5,,30.9,,76.7,,95,
132391,1,72.5,,,,,,179.5,,22.5,,42.6,,41.4,,29.2,,86.8,,99,
132392,1,104,,,,,,175.1,,33.9,,42.7,,38.3,,39.1,,108.4,,114.3,
132393,1,123,,,,,,173.4,,40.9,,40.7,,40.2,,44,,111.8,,132,
132394,1,55.6,,,,,,171.7,,18.9,2,42.2,,36.2,,25.5,,74.1,,91.8,
132396,1,9.2,,69.9,,45.7,,,,,,,,14.5,,15.4,,,,,
132397,1,62.8,,,,,,160.7,,24.3,,34.8,,37.4,,27.3,,86.5,,99.4,
132398,1,73.3,,,,,,172.6,,24.6,,42,,37.5,,32,,84.1,,93.5,
132399,1,57.7,,,,,,154.6,,24.1,,38.2,,30,,28.3,,80.9,,92.7,
132400,1,93.3,,,,,,168.5,,32.9,,35,,39.7,,41.4,,122.9,,127.8,
132402,1,51.2,,,,,,152.6,,22,2,33.3,,32.8,,27.3,,72.5,,89.4,
132403,1,66.4,,,,,,162.3,,25.2,,33.9,,37.9,,29,,93.9,,91.2,
132404,1,144.7,,,,,,169,,50.7,,35.4,,38,,44.5,,146.7,,142.3,
132406,1,59,,,,,,164.7,,21.8,,38.2,,35,,28,,75.4,,90.1,
132407,1,75.7,,,,,,163,,28.5,,36.2,,34.4,,34.6,,94,,105.1,
132408,1,107.6,,,,,,186.4,,31,,43.9,,38.5,,37.6,,100.5,,115.7,
132409,1,61.1,,,,,,151,,26.8,4,36.2,,33.5,,28.6,,81.1,,,
132410,1,96.3,,,,,,168.9,,33.8,,40.4,,39.6,,38.7,,106.9,,104.6,
132411,1,59.9,,,,,,153.5,,25.4,,36.4,,33.7,,30.7,,92.8,,95.6,
132412,1,45.3,,,,,,163.6,,16.9,,35.5,,35,,22.8,,66.6,,84.8,
132413,1,22.6,,,,,,116.2,,16.7,2,,,23.5,,19.3,,54,,,
132414,3,12.8,,88.9,,,,,1,,,,,18.5,,15.1,,,1,,
132416,1,89.4,,,,,,170.6,,30.7,,42,,37.7,,39.6,,94.1,,103.5,
132417,1,97.8,,,,,,160.4,,38,,34.6,,37.5,,38.4,,119.3,,126.4,
132418,1,89.9,,,,,,167.9,,31.9,4,41.8,,36.8,,38.4,,102.4,,111.3,
132419,2,92.6,3,,,,,168.2,,32.7,,,1,,1,,1,,1,,1
132420,1,15.1,,98.5,,,,97.5,,15.9,2,,,19.5,,16.1,,50,,,
132421,1,81.7,,,,,,175.1,,26.6,,40.9,,39.7,,34.5,,91.3,,104.4,
132422,1,64.9,,,,,,159.5,,25.5,,39,,34.7,,32.1,,79,,98.2,
132423,1,15.6,,,,,,105.9,,13.9,2,,,21.8,,16.4,,48.6,,,
132425,1,102.1,,,,,,172.7,,34.2,,40.4,,38.9,,36.4,,112.8,,122.4,
132426,1,55.5,,,,,,176.9,,17.7,2,41,,35.5,,24.1,,69.6,,84.1,
132428,1,58.3,,,,,,173.3,,19.4,,38.4,,37.9,,25.6,,80,,85.7,
132429,1,78.3,,,,,,175.9,,25.3,,46.3,,40.1,,32,,84.5,,105.7,
132431,1,123.9,,,,,,176.3,,39.9,,44.2,,41.2,,35.7,,117.7,,146.5,
132432,1,65.9,,,,,,162.4,,25,,40.5,,38.4,,27.3,,77.2,,108.7,
132433,1,49.4,,,,,,158.3,,19.7,2,36,,32.6,,24.7,,70.5,,87.7,
132434,1,59.3,,,,,,155.9,,24.4,,34.4,,37.4,,28.4,,90.5,,95.7,
132435,1,100.8,,,,,,171.6,,34.2,,44.5,,40,,40.4,,105.7,,110,
132436,1,72.8,,,,,,162.3,,27.6,,37.5,,36,,33.3,,96.8,,103.2,
132437,1,113.9,,,,,,164.9,,41.9,,37.3,,40,,40.8,,136,,133,
132438,3,142.6,,,,,,191.6,,38.8,,,1,46.1,,38.1,,130.7,,,1
132439,1,69.8,,,,,,176.6,,22.4,,45.4,,43,,28.5,,88.8,,92.7,
132440,1,83.4,,,,,,164.8,,30.7,,39.2,,36,,34.5,,95.3,,98.4,
132441,2,40.9,3,,,,,140.6,,20.7,3,,1,,1,,1,,1,,
132442,1,76.2,,,,,,177.8,,24.1,,42.4,,40.5,,32.4,,87.2,,97,
132443,1,11.3,,84.6,,,,,,,,,,17.3,,15.8,,,,,
132444,1,85.1,,,,,,159.3,,33.5,,30,,37.5,,32.4,,102.9,,127.8,
132445,1,123.2,,,,,,164.2,,45.7,,38.1,,48.4,,52.9,,118.1,,137.3,
132446,1,74.6,,,,,,164.6,,27.5,,35.8,,34.7,,31,,99,,104.7,
132448,1,92,,,,,,153.7,,38.9,,33.5,,38.5,,38.4,,127.5,,120.5,
132450,1,94.8,,,,,,183.6,,28.1,,43.7,,42,,36.2,,104.5,,103.6,
132451,1,62,,,,,,165.2,,22.7,,39.4,,36.1,,28.5,,90.9,,91.7,
132452,4,,,,,,,,,,,,,,,,,,,,
132453,1,99.4,,,,,,175,,32.5,,43.3,,41,,36.5,,120.8,,106.8,
132454,1,44,,,,,,164.2,,16.3,2,37.3,,34.3,,20.6,,66.1,,81.3,
132456,1,74.8,,,,,,179.5,,23.2,,41.6,,37.8,,28.5,,83.8,,101.1,
132457,1,54.3,,,,,,153.5,,23,,33,,33,,27.9,,89.2,,84.1,
132458,1,85,,,,,,180.4,,26.1,3,45.4,,37.2,,36,,92.5,,100,
132459,1,83.1,,,,,,171,,28.4,,40.9,,43,,30.9,,106.1,,101.7,
132460,1,22.6,,,,,,118.7,,16,2,,,25,,18,,53.2,,,
132461,1,67.6,,,,,,172.1,,22.8,,40.8,,40.1,,30.1,,74.5,,96.4,
132462,1,74.2,,,,,,162.2,,28.2,,36.1,,34.6,,33.8,,91,,105.1,
132463,1,114.9,,,,,,179.5,,35.7,,44,,44.2,,45.1,,127.4,,124.2,
132464,1,21.8,,,,,,118,,15.7,2,,,23.8,,18,,55,,,
132465,1,24.7,,,,,,117.4,,17.9,3,,,26.4,,19.9,,55,,,
132466,1,31,,,,,,124.3,,20.1,4,,,26.1,,22.8,,64.5,,,
132467,1,97.9,,,,,,177.2,,31.2,,42.7,,39.7,,35.7,,119.4,,109.2,
132468,2,73.4,,,,,,157.8,,29.5,,,1,,1,,1,,1,,1
132469,1,119.2,,,,,,184.3,,35.1,,37.5,,42.3,,39,,124.9,,115.8,
132470,1,5.7,,56,,38.2,,,,,,,,,,,,,,,
132471,1,93.8,,,,,,164.8,,34.5,,38,,40.2,,38.6,,114.8,,115.6,
132472,1,81.7,,,,,,155.9,,33.6,,34.3,,35.3,,30.4,,112.1,,118.7,
132473,1,19.6,,,,,,109.4,,16.4,2,,,22.6,,17.5,,53.5,,,
132474,1,110.6,,,,,,171.6,,37.6,,35.2,,39.5,,37.3,,126.4,,117.8,
132475,1,67.1,,,,,,184,,19.8,2,41.5,,40.8,,27.2,,75.7,,94.5,
132476,1,68.6,,,,,,185.6,,19.9,2,44.8,,41.8,,27.5,,76.7,,96.1,
132477,1,97.4,,,,,,179.6,,30.2,,43.5,,41.2,,36,,115.9,,105.6,
132479,1,74.3,,,,,,151.6,,32.3,4,35,,32.3,,33.3,,101,,106.2,
132480,1,73.8,,,,,,163.1,,27.7,4,38,,36.1,,33,,94.3,,,
132481,1,69.3,,,,,,169.7,,24.1,,36.3,,36.3,,30.7,,94.5,,87.2,
132484,1,60.4,,,,,,169.8,,20.9,,39,,36.5,,25.7,,80.1,,96.5,
132485,1,55.7,,,,,,144.1,,26.8,4,37,,30.6,,30,,81.9,,,
132486,1,124.4,,,,,,171.2,,42.4,,41.6,,39,,46.1,,118.2,,129.1,
132487,1,9.4,,70.7,,,,,,,,,,14.2,,16.4,,,,,
132491,1,97.5,,,,,,178.8,,30.5,,46,,42.7,,36.1,,112.5,,108.3,
132492,1,83.5,,,,,,162,,31.8,,37.7,,37,,34.5,,104.2,,104.7,
132493,1,63.6,,,,,,171.8,,21.5,,42.5,,37,,27.9,,84.3,,90.4,
132495,1,63.7,,,,,,130.6,,37.3,4,31.2,,29,,34.5,,99,,,
132496,1,139.7,,,,,,189.7,,38.8,4,48,,45,,46.5,,122.2,,126,
132497,1,10.1,,74.3,,,,,,,,,,16.1,,15.9,,,,,
132499,1,86.1,,,,,,173.3,,28.7,,44.1,,43,,32.4,,99.5,,103.8,
132500,3,63.9,3,,,,,159.6,,25.1,,,1,36.2,,28.6,,,1,,1
132502,1,67.7,,,,,,161.2,,26.1,,33.5,,36,,26.3,,100.2,,95.5,
132505,1,79.8,,,,,,160.8,,30.9,,38,,37.2,,32.5,,101.6,,111.1,
132507,1,63.7,,,,,,162.5,,24.1,,38.5,,37,,31.3,,85,,96.7,
132508,1,53.2,,,,,,155.5,,22,,36.5,,29.7,,28.8,,73.1,,88.3,
132509,1,22.5,,,,,,123.6,,14.7,2,,,26.3,,19.3,,52.1,,,
132510,1,81.1,,,,,,169.4,,28.3,,39,,37.5,,33.3,,99.1,,105,
132513,1,93.3,,,,,,150.5,,41.2,,34.2,,32.2,,37.5,,114.6,,123.6,
132514,1,49.6,,,,,,166.2,,18,2,40,,34.2,,25.1,,69.5,,86.4,
132516,1,88,,,,,,171,,30.1,,42,,39.8,,35.3,,107.7,,105.4,
132518,1,105.9,,,,,,164,,39.4,,40.1,,39.3,,41.9,,111,,126.4,
132519,1,54,,,,,,172.7,,18.1,2,42,,37.7,,25.2,,71.4,,85.5,
132520,1,110.8,,,,,,168.7,,38.9,,38.3,,38.1,,42,,114,,132.4,
132521,1,78.7,,,,,,178.2,,24.8,,44.5,,36.5,,31.2,,97.2,,95.2,
132522,1,99.9,,,,,,155.4,,41.4,,33.7,,39.1,,43,,109.6,,138,
132523,1,68.8,,,,,,157.3,,27.8,,37.5,,37.2,,31.9,,87.2,,99.8,
132524,1,77.7,,,,,,173.7,,25.8,,41.5,,39.1,,34.6,,93.2,,96.5,
132525,1,89.7,,,,,,173.3,,29.9,,37.6,,37.7,,35.9,,104.4,,101.3,
132526,1,80.6,,,,,,170.9,,27.6,,43.5,,39.6,,30.7,,84.5,,109.3,
132529,1,47.4,,,,,,166.5,,17.1,1,39.9,,36.6,,23.1,,69.5,,87.1,
132530,1,35.7,,,,,,127.5,,22,4,,,26.8,,23.7,,76.9,,,
132531,1,18.2,,,,,,113.9,,14,2,,,24.1,,16.4,,50.7,,,
132533,1,88.7,,,,,,184,,26.2,,41.1,,41,,34.4,,97.5,,98,
132534,1,51.4,,,,,,164.4,,19,,38.9,,33.5,,24.4,,72.6,,91.4,
132535,2,33,,,,,,137.2,,17.5,2,,1,,1,,1,,1,,
132538,1,87.2,,,,,,162.8,,32.9,,38.3,,35.2,,40,,99.8,,99.2,
132539,1,95.5,,,,,,164.1,,35.5,,33.9,,37.7,,35.8,,119.8,,106,
132540,1,65.9,,,,,,163.3,,24.7,,35.6,,38.8,,30.2,,96,,91,
132541,1,53.1,,,,,,148.8,,24,3,36.4,,34,,27.7,,86.4,,89.1,
132542,1,31.6,,,,,,131.8,,18.2,2,29,,28.2,,23,,63,,,
132544,1,44.3,,,,,,140.8,,22.3,3,32.5,,28,,27.6,,72.6,,,
132545,1,116.5,,,,,,195.9,,30.4,,46.1,,42.5,,40.5,,114.3,,110.8,
132546,1,99.7,,,,,,185.4,,29,,43.1,,44.9,,37.9,,108.8,,107,
132547,1,86,,,,,,171,,29.4,,39.5,,39.2,,36.7,,99.7,,98.7,
132548,1,70.8,,,,,,159.9,,27.7,,38.6,,38.2,,31.5,,92.3,,101.4,
132549,1,98.1,,,,,,173.1,,32.7,,40,,39.8,,36.1,,111.4,,110.1,
132550,1,54.2,,,,,,154.8,,22.6,,33,,32.8,,28.9,,85.8,,92.5,
132551,1,61.5,,,,,,144.9,,29.3,4,32,,33.5,,31.5,,94,,,
132552,1,80.7,,,,,,155.8,,33.2,,40.9,,35.5,,36,,96.2,,111,
132553,1,62.6,,,,,,164,,23.3,,36.5,,34,,29.9,,77,,96.2,
132554,1,65.6,,,,,,149.8,,29.2,,35,,33,,34.7,,85.8,,109.6,
132555,1,44.2,,,,,,156.2,,18.1,,33.4,,32.7,,20.7,,75.2,,86.1,
132556,1,80.3,,,,,,156.4,,32.8,,37.3,,35.2,,35.2,,92.2,,104.4,
132558,1,84.1,,,,,,169,,29.4,,39,,40.1,,33,,111.6,,99.3,
132559,1,99.6,,,,,,166.2,,36.1,,35.3,,39,,37.6,,118,,136.7,
132560,1,86.4,,,,,,157.5,,34.8,,35.2,,37.7,,37.8,,101.9,,111.2,
132561,1,32.7,,,,,,123.6,,21.4,4,,,26.2,,23.8,,69.5,,,
132562,1,48.2,,,,,,163.9,,17.9,,36.3,,35.4,,23.9,,71.4,,91.7,
132564,1,67.5,,,,,,162.4,,25.6,,38.3,,42.4,,29.2,,99,,95,
132566,1,83.4,,,,,,179.9,,25.8,,43.8,,39.9,,33.5,,104.8,,103.1,
132567,1,65.6,,,,,,174.9,,21.4,,40.3,,39,,30,,83.9,,89.9,
132569,1,64.7,,,,,,174.3,,21.3,2,39.8,,35.3,,29.1,,78.6,,94.5,
132570,1,55.8,,,,,,148.9,,25.2,3,35.6,,33,,28,,78.2,,95.4,
132571,1,100.9,,,,,,162.8,,38.1,,37.7,,36.5,,34,,110.8,,119.6,
132572,1,83.4,,,,,,174.8,,27.3,,39.7,,37.7,,33.2,,97.6,,100.6,
132573,1,64.8,,,,,,171,,22.2,,41.2,,40.6,,28.6,,88,,101.6,
132574,1,41.7,,,,,,158.3,,16.6,2,36,,35.5,,20,,63.6,,,
132576,1,104.2,,,,,,171.5,,35.4,,38.4,,37.1,,39.6,,114.1,,113.7,
132579,1,92.6,,,,,,155,,38.5,,37.1,,35.5,,37.8,,103.3,,127,
132580,1,18.4,3,,,,,108.7,,15.6,2,,,20.6,,16.6,,51.7,,,
132582,1,70.5,,,,,,148.3,,32.1,4,40,,34.5,,34.3,,100.2,,,
132583,1,129.5,,,,,,183.2,,38.6,,43.5,,40.2,,40.6,,127.8,,124.6,
132584,1,56,,,,,,160.5,,21.7,,35.4,,35.8,,27.1,,78.5,,98,
132585,1,63.9,,,,,,155,,26.6,,33.3,,34.6,,32.9,,96.2,,88.8,
132586,1,73.8,,,,,,162.4,,28,,38.3,,37,,31.5,,95.7,,100.6,
132587,1,95.7,,,,,,186.9,,27.4,,43.5,,42,,37.7,,89.6,,106.8,
132588,1,35.4,,,,,,136.9,,18.9,2,32,,31.2,,22,,67.9,,,
132590,1,34.1,,,,,,155.4,,14.1,1,38.1,,32,,18.8,,57,,70.4,
132591,1,75.9,,,,,,159.9,,29.7,,39.9,,36.1,,34.4,,91.5,,111.2,
132592,1,24.6,,,,,,122.3,,16.4,2,26.3,,24.6,,19.5,,57.2,,,
132593,1,84.7,,,,,,164.3,,31.4,4,41,,39.3,,33.6,,89.5,,120.5,
132594,1,97.2,,,,,,160.4,,37.8,,34.5,,38.9,,37,,115.5,,124.4,
132596,1,69,,,,,,159.8,,27,,36.6,,35,,29.6,,100,,100.5,
132597,1,127.1,,,,,,182.3,,38.2,,42.5,,43.7,,43.7,,128,,118.2,
132599,1,23.4,,,,,,122.8,,15.5,2,,,25.7,,18.4,,54.5,,,
132600,1,43.9,,,,,,161.6,,16.8,2,40,,34.6,,22.1,,65,,80.5,
132601,1,79.3,,,,,,162.4,,30.1,,39.5,,35.2,,35.6,,101.6,,109.9,
132602,1,109.1,,,,,,167.9,,38.7,4,43.5,,40,,39.2,,110.3,,123.2,
132603,1,10.6,,82,,,,,,,,,,16.2,,15.1,,,,,
132604,1,40.6,,,,,,133.7,,22.7,4,30.3,,29.1,,26.2,,79.1,,,
132609,1,20.8,,,,,,118.1,,14.9,2,27.6,,24.8,,17.2,,55.1,,,
132610,1,51.1,,,,,,152.4,,22,,36.3,,33.3,,27.1,,70.2,,90,
132612,1,123.8,,,,,,178.1,,39,,46.5,,40.2,,42,,123.3,,119.2,
132614,1,134.1,,,,,,175.4,,43.6,4,48,,43,,44.2,,133.8,,139.7,
132615,1,63.4,,,,,,171.5,,21.6,2,38.8,,38.6,,30.5,,72.7,,89.1,
132616,1,34,,,,,,143,,16.6,2,33.5,,31.1,,20.9,,62.8,,77.4,
132617,1,118,,,,,,186.6,,33.9,,45.1,,41,,38,,119.4,,120.5,
132618,1,97.6,,,,,,177.6,,30.9,,40,,41.3,,35,,105.8,,109.6,
132619,1,75.1,,,,,,153.6,,31.8,,33.5,,37,,34.6,,98.5,,117.9,
132620,2,52.2,3,,,,,154.8,,21.8,3,,1,,1,,1,,1,,
132621,1,54.8,,,,,,175.7,,17.8,2,41.3,,39.1,,24,,68.4,,87.7,
132622,1,96.5,,,,,,172.4,,32.5,,41.1,,38,,35.8,,110.3,,108.5,
132623,1,94.3,,,,,,157.8,,37.9,,35.1,,34.8,,38,,124.5,,124.9,
132624,1,41.1,,,,,,122.9,,27.2,4,,,25.9,,28.6,,81.3,,,
132625,1,120.2,,,,,,187.9,,34,,44.5,,45.5,,38.6,,126.9,,109.2,
132628,3,101.4,3,,,,,170.4,,34.9,4,,1,37.5,,37.6,,,1,,1
132630,1,28.2,,,,,,129.6,,16.8,2,,,26.5,,21,,59,,,
132631,1,80,,,,,,166.7,,28.8,,36.7,,39.5,,31.5,,102.9,,107,
132632,1,60.2,,,,,,161.8,,23,,36,,35,,28.8,,80.4,,98.1,
132633,1,79.9,,,,,,175.3,,26,,39.5,,36,,31.7,,99.4,,105.4,
132635,1,69.2,,,,,,177.4,,22,,39.6,,36.5,,28.2,,92,,93.5,
132636,1,83.8,,,,,,165,,30.8,,38.7,,37.6,,36.4,,107.6,,109.7,
132638,1,59.9,,,,,,162.4,,22.7,,40.1,,36,,27.8,,73.2,,94.7,
132639,1,99.8,,,,,,176,,32.2,,45,,39.9,,37.5,,110.4,,117.5,
132640,1,11.6,,84.5,,,,,,,,,,16,,15.5,,,,,
132641,1,80.2,,,,,,189.5,,22.3,,43.6,,40.5,,32.6,,82.3,,96.2,
132642,1,89.8,,,,,,188.4,,25.3,,43.3,,42.8,,32.5,,96,,104.3,
132644,1,33.7,,,,,,133.3,,19,2,34.3,,29.3,,22,,73.7,,,
132645,1,85.7,,,,,,160.9,,33.1,,33.8,,34.8,,34.5,,109.8,,115.7,
132646,1,58,,,,,,168,,20.5,,38.7,,37.7,,25.6,,80,,93,
132647,1,78.4,,,,,,170.1,,27.1,,41.3,,39.6,,34.7,,91.1,,102.8,
132648,1,96.4,,,,,,172.3,,32.5,,40.5,,40.4,,34.2,,113.4,,107.5,
132649,1,60.7,,,,,,157.8,,24.4,3,37.9,,32.5,,27.1,,77.3,,,
132651,1,80.7,,,,,,175.2,,26.3,,42.2,,38,,33.6,,95.4,,97.4,
132652,1,49.6,,,,,,153.1,,21.2,,32.5,,33.5,,25.8,,85.5,,88.9,
132653,1,98.7,,,,,,180.1,,30.4,,42.8,,41,,37.6,,108.7,,106.1,
132655,1,88.8,,,,,,165.7,,32.3,,37.7,,36.7,,37.3,,101.1,,125.9,
132658,1,47.9,,,,,,151.5,,20.9,2,39.6,,35.9,,25.5,,69.4,,,
132661,1,95.3,,,,,,177.5,,30.2,,40.5,,40.4,,36.1,,113.5,,110.5,
132662,1,95.1,,,,,,186.6,,27.3,,46,,40.3,,34.8,,100.7,,106.5,
132663,1,66.7,,,,,,152.7,,28.6,,35.9,,34.7,,35.2,,97.1,,99.8,
132665,1,51.5,,,,,,171.4,,17.5,1,42.5,,37,,23.8,,68.6,,87,
132666,1,73.9,,,,,,169.9,,25.6,,38.7,,39.1,,31.2,,98.9,,100.5,
132667,1,88,,,,,,163.8,,32.8,,39.9,,34,,34.2,,101.7,,113.2,
132668,4,,,,,,,,,,,,,,,,,,,,
132669,1,97.8,,,,,,183.9,,28.9,,47,,42,,36.5,,103.3,,111.4,
132671,4,,,,,,,,,,,,,,,,,,,,
132672,1,67.8,,,,,,158.2,,27.1,,33,,34.5,,33.1,,94.7,,98.6,
132673,1,53.4,,,,,,148,,24.4,4,33.5,,30.5,,27,,85.3,,,
132674,1,56,,,,,,142.3,,27.7,4,33.4,,30.5,,27.4,,86,,,
132675,1,78.5,,,,,,166,,28.5,,38,,35.5,,32.2,,99.2,,106.7,
132676,1,83.9,,,,,,161.6,,32.1,,39.1,,36,,34.1,,107.4,,112.7,
132678,1,90,,,,,,174.7,,29.5,,43,,40.5,,36,,104.2,,105.3,
132679,1,62.4,,,,,,159.6,,24.5,,32.6,,32.5,,29.2,,85.8,,94.7,
132682,1,54.7,,,,,,173.2,,18.2,2,41.1,,37.6,,25.5,,66.1,,85.7,
132683,1,97.2,,,,,,172.7,,32.6,,36.5,,42.1,,37.8,,119.2,,124.9,
132684,1,69.6,,,,,,155.4,,28.8,,36.2,,33.6,,32.1,,92.6,,102.3,
132685,1,32.3,,,,,,136,,17.5,2,32.9,,28.6,,22,,60.8,,,
132687,1,84.4,,,,,,181.9,3,25.5,,42.5,,43.3,,33.3,,105.3,,99.9,
132690,1,75.3,,,,,,160.8,,29.1,,33.8,,34.6,,34.5,,97,,109,
132691,1,65.4,,,,,,165.3,,23.9,,38.7,,34.8,,29,,85.4,,103.3,
132692,1,68.7,,,,,,159.2,,27.1,,38.3,,34,,30.5,,91.6,,96.8,
132693,3,79.7,3,,,,,171.8,,27,,,1,37.4,,33.1,,97.9,,,1
132694,1,80.3,,,,,,180.3,,24.7,,42.7,,39.3,,32.2,,83.3,,99,
132696,1,103.7,,,,,,158.7,,41.2,,33.5,,38.7,,45.4,,112.4,,127.6,
132697,1,71.4,,,,,,164.1,,26.5,4,37.9,,37.4,,30.1,,90.1,,97.8,
132699,1,93,,,,,,170.5,,32,,41.9,,36.5,,35.3,,107.3,,114.3,
132700,1,22.6,,,,,,121,,15.4,2,,,23.8,,18.1,,55.1,,,
132701,1,38.1,,,,,,142.6,,18.7,3,36.8,,28.7,,23.6,,62.9,,,
132705,1,49.3,,,,,,165.9,,17.9,2,39.2,,37.5,,22.7,,68,,87.8,
132706,1,128.9,,,,,,156.4,,52.7,,37.6,,34.7,,39.4,,127.7,,143.9,
132707,1,66.4,,,,,,169.4,,23.1,2,38.2,,41.3,,29.6,,84.3,,90.7,
132708,1,88.5,,,,,,152.3,,38.2,4,33,,32,,36.2,,118.2,,,
132710,1,60.8,,,,,,161.4,,23.3,,38.4,,37.2,,28.9,,83.4,,95.2,
132711,1,66.4,3,,,,,173.7,,22,,38.5,,39.6,,29.7,,86,,92.2,
132713,1,31.7,,,,,,135.7,,17.2,2,,,28.6,,20.5,,62.9,,,
132714,3,13.2,,,1,,,85.7,,18,3,,,17.8,,16.4,,52.8,,,
132716,1,41.9,,,,,,158.8,,16.6,2,35.2,,31.4,,21.7,,66.9,,82.5,
132718,1,9.7,,70.3,,46.5,,,,,,,,14.7,,17.2,,,,,
132720,1,53,,,,,,143.1,,25.9,,28,,29.5,,30.8,,85.6,,93,
132721,1,103.4,,,,,,169.6,,35.9,,37.5,,35.5,,39.4,,120.2,,118.6,
132722,1,118.2,,,,,,185.1,,34.5,,43,,42.5,,40,,116,,118.5,
132723,1,86.8,,,,,,179.8,,26.8,,43,,39.4,,33,,97,,103.4,
132724,1,107.5,,,,,,163.6,,40.2,4,39.5,,36.7,,40,,115,,125,
132725,1,96.4,,,,,,176.2,,31.1,,44.5,,39.8,,37.7,,105.6,,104.8,
132727,1,47.5,,,,,,163.5,,17.8,,36.3,,34.2,,24,,70.5,,85.4,
132728,1,110,,,,,,169.8,,38.2,,38.1,,37.4,,39.3,,123.2,,125.6,
132729,3,77.4,,,,,,166.5,,27.9,,,1,37.5,,35.2,,96.3,,,1
132730,1,90.6,,,,,,164.1,,33.6,,33.6,,37.6,,41.8,,114.5,,122.6,
132731,1,34.3,,,,,,132.5,,19.5,3,29.5,,28.2,,21.5,,65,,,
132732,1,83.3,,,,,,170.7,,28.6,3,43.1,,38,,33.5,,107,,115.7,
132733,1,70.1,,,,,,153.2,,29.9,,36.1,,34,,34.3,,88.9,,108.1,
132735,1,103.1,,,,,,172.4,,34.7,4,42.5,,36.2,,37.6,,106.9,,111.9,
132736,3,20,,,1,,,,1,,,,,,1,,1,,1,,
132738,1,72.6,,,,,,173.1,,24.2,,43.3,,36.5,,29.9,,85.8,,95.4,
132739,1,105.7,,,,,,175.8,,34.2,,37.6,,40.9,,39.1,,116.7,,119.3,
132740,1,90.6,,,,,,168,,32.1,,39.3,,39.6,,33.5,,102.7,,114,
132741,1,91.5,,,,,,160.3,,35.6,,33.2,,35.6,,35.8,,126.6,,124.3,
132744,1,140.3,,,,,,171.2,,47.9,,37.4,,43.5,,47.5,,149.5,,137.4,
132745,1,74.9,,,,,,153.2,,31.9,,32.1,,34,,34.3,,99.7,,103.2,
132746,1,73.6,,,,,,154.5,,30.8,,32.2,,35.4,,29.9,,94.6,,109,
132748,3,57.3,3,,,,,169.4,,20,,,1,35,,29,,,1,,1
132749,1,74.1,,,,,,163.8,,27.6,,41,,37,,31,,93.5,,111.7,
132750,1,91.8,,,,,,159.1,,36.3,,39.2,,38,,46.4,,107.7,,125.3,
132752,1,18.5,,104.4,,,,101,,18.1,4,,,22.2,,19.1,,51.2,,,
132754,1,59.1,,,,,,159.6,,23.2,,35.5,,35,,29.9,,86.5,,95.2,
132755,1,124.1,,,,,,163,,46.7,,34,,35.5,,39.9,,130.7,,145.7,
132756,1,82.7,,,,,,168.7,,29.1,,41.7,,40.2,,36.1,,103.6,,105.3,
132757,1,123.1,,,,,,174.5,,40.4,,41.9,,42.3,,39.3,,125.2,,139.2,
132758,1,80.6,,,,,,157.4,,32.5,,35,,34,,37.1,,93,,111.5,
132760,3,,,,,,,182,,,,,1,42,,30.8,,92,,,1
132761,1,126.3,,,,,,166.9,,45.3,,32.6,,41.6,,50,,137.2,,140.2,
132762,1,73,,,,,,155.3,,30.3,,35.4,,36.4,,34.5,,104,,108.5,
132763,1,77.7,,,,,,173.9,,25.7,,40.5,,39.2,,31.5,,88.8,,98.5,
132764,1,21.5,,,,,,113.3,,16.7,2,,,23.5,,18.3,,55.4,,,
132765,1,82.4,,,,,,163,,31,,40.6,,39.6,,34.9,,100.9,,96.2,
132766,1,19.8,,,,,,112.3,,15.7,2,,,23,,18.3,,52.5,,,
132768,1,121.4,,,,,,155.8,,50,,31.5,,34.5,,40.5,,120.3,,145.4,
132770,1,67.4,,,,,,164.3,,25,,38,,37.4,,27,,87,,105.6,
132771,1,70.6,,,,,,187.9,,20,,43,,43.5,,26.4,,82.9,,90.6,
132772,1,85.5,,,,,,184.2,,25.2,2,44.2,,42,,32.2,,92.8,,106.5,
132773,1,24.6,,,,,,125.3,,15.7,2,,,26.2,,18.4,,57.6,,,
132774,1,165.3,,,,,,179.7,,51.2,4,43.8,,41.4,,45.5,,141,,146.8,
132775,3,,,,,,,,1,,,,1,44.5,,42.9,,,1,,1
132776,1,59.1,,,,,,168.8,,20.7,2,39.9,,38,,28.2,,72.3,,89,
132780,1,69.7,,,,,,160.9,,26.9,,38.8,,37.5,,33.3,,93.6,,106.5,
132781,1,96.4,,,,,,171.6,,32.7,4,44,,37.1,,37.5,,109,,114.5,
132782,1,60.1,,,,,,159.9,,23.5,,36.5,,34.2,,28.7,,86,,102.2,
132784,1,52.2,,,,,,160.9,,20.2,,39,,36.2,,25.6,,76.8,,89.1,
132785,1,79,,,,,,163.1,,29.7,,38.5,,37.2,,34.2,,96.8,,104,
132786,1,64.7,,,,,,174.4,,21.3,,42.4,,40.6,,29,,92.1,,92.7,
132787,1,104.3,,,,,,177.8,,33,,43.2,,39.3,,38.5,,108.9,,106.9,
132788,1,100.7,,,,,,180.5,,30.9,,44.4,,42.2,,40,,104.2,,114.7,
132791,1,122.2,,,,,,189.4,,34.1,,47.8,,45.5,,43,,114.5,,113.8,
132793,1,138.4,,,,,,174.2,,45.6,,39,,37,,39.9,,142.1,,137,
132794,1,42.8,,,,,,129.9,,25.4,4,31.7,,27.5,,26.4,,87,,,
132795,1,72.2,,,,,,159.3,,28.5,,35.4,,35,,29.8,,101.2,,100.6,
132797,3,,,,,,,175.6,,,,,1,38.8,,28.7,,,1,,1
132798,1,22.6,,,,,,126,,14.2,2,,,28,,16.8,,54.5,,,
132799,1,14.7,,,,,,98.9,,15,2,,,18.5,,15.5,,45,,,
132800,2,10.4,3,79.2,,,,,,,,,,,1,,1,,,,
132801,1,81.8,,,,,,172.8,,27.4,,44.8,,39.3,,34.4,,94.2,,107,
132802,1,99.4,,,,,,169.6,,34.6,,39.2,,38.5,,39.5,,109.1,,113.5,
132803,1,109.4,,,,,,183.2,,32.6,,43.6,,41.3,,38.3,,117.8,,107.3,
132804,1,91,,,,,,164.1,,33.8,,36.9,,38,,36.4,,113.7,,128.6,
132805,1,54.4,,,,,,151.9,,23.6,,39.8,,34.8,,27.5,,74.1,,98,
132806,1,51.4,,,,,,144,,24.8,4,33.6,,31.1,,26.8,,80.8,,,
132807,1,58,,,,,,169.7,,20.1,,40,,34,,26.8,,68.5,,95,
132808,1,75.2,,,,,,172.8,,25.2,,41.5,,39,,32.5,,95.4,,94.8,
132809,1,75.4,,,,,,175.7,,24.4,,41.5,,37.4,,29.5,,95.2,,99.3,
132810,1,60.4,,,,,,162.8,,22.8,,36.4,,36,,28.5,,75.9,,95.4,
132811,2,74.3,3,,,,,143.8,,35.9,,,1,,1,,1,,1,,1
132813,1,42.4,,,,,,140.3,,21.5,4,36.5,,30.5,,24.9,,69.8,,,
132814,1,47.3,,,,,,152.3,,20.4,,35,,35.1,,25.8,,74.1,,88.8,
132815,1,111.1,,,,,,181,,33.9,,41,,44,,37.5,,115,,110.5,
132817,1,60.7,,,,,,162,,23.1,,36.9,,35.3,,27.9,,82.8,,97.3,
132818,1,80.7,,,,,,160.2,,31.4,,37,,36.4,,36,,106.2,,110.8,
132819,1,97.6,,,,,,179.5,,30.3,,42.1,,41.1,,38.8,,108.5,,108,
132820,1,101.9,,,,,,179.4,,31.7,,42.5,,38.8,,38.1,,111.4,,111.9,
132821,1,72.2,,,,,,164,,26.8,3,39.6,,36.2,,29.5,,85,,99.8,
132823,1,18.1,,,,,,107.6,,15.6,2,,,21.4,,16.8,,50.6,,,
132825,1,90.9,,,,,,168.5,,32,,40.2,,36,,36.6,,106.6,,107,
132826,1,59.8,,,,,,164.5,,22.1,2,39.6,,37.5,,30,,81.4,,94.5,
132827,1,133.2,,,,,,177,,42.5,,39.9,,39.5,,42.5,,141.3,,121.2,
132829,1,84.7,,,,,,191.5,,23.1,,42.8,,41.6,,30.5,,99.5,,99.6,
132832,1,98.9,,,,,,156.2,,40.5,,33.9,,35.5,,39.6,,123.1,,125.4,
132833,1,57,,,,,,163,,21.5,2,40.8,,37,,25.2,,79.1,,91.3,
132835,1,78.8,,,,,,166.6,,28.4,,36.7,,35.3,,33.3,,102,,109.7,
132837,1,73.2,,,,,,169.8,,25.4,,41.6,,39,,29,,90.3,,93.8,
132838,1,71.4,,,,,,161.8,,27.3,,37,,36.5,,30,,85.2,,110.6,
132840,1,84.3,,,,,,169,,29.5,,36.7,,39.2,,34.9,,101.1,,98.4,
132845,1,26.5,,,,,,130.3,,15.6,2,,,26.5,,19.6,,58.6,,,
132846,1,58.6,,,,,,154.4,,24.6,,33.6,,36.5,,27.8,,90,,100.5,
132847,1,64.8,,,,,,159.7,,25.4,,35.7,,37,,27.6,,91.3,,95.2,
132848,1,73.1,,,,,,157,,29.7,,36,,34.1,,30.5,,100.4,,103.5,
132850,3,114.8,,,,,,155.9,,47.2,,,,36.4,,49.3,,133.7,,135,
132851,1,99.3,,,,,,171.7,,33.7,,40.1,,38.6,,37,,110.6,,122.9,
132852,1,37.2,,,,,,150,,16.5,2,37.2,,30.4,,19.5,,61.6,,,
132853,1,73.6,,,,,,172,,24.9,3,40.4,,39,,32,,82.1,,94.5,
132855,1,56,,,,,,158.9,,22.2,,35.4,,33.3,,25.7,,76.4,,96.9,
132857,1,48,,,,,,148.4,,21.8,2,36.7,,31.3,,26.2,,74.7,,88.6,
132859,1,13.4,,90.2,,,,,,,,,,18.3,,17.5,,,,,
132860,3,17.8,,,1,,,105.3,,16.1,2,,,21.8,,16.9,,53.4,,,
132861,1,20.7,,,,,,120,,14.4,2,,,24,,17.7,,53,,,
132862,1,69,,,,,,171.6,,23.4,,39.1,,35,,30.2,,83.2,,96.9,
132864,1,105.1,,,,,,161.3,,40.4,,37.5,,35.9,,40.7,,112.6,,129,
132865,3,74.6,3,,,,,173.2,,24.9,,,1,39.8,,28.6,,,1,,1
132868,1,43.5,,,,,,151,,19.1,,34.5,,33.7,,25.5,,71.4,,87.4,
132869,1,112.9,,,,,,172.9,,37.8,,41,,39.2,,39.4,,127.9,,123.6,
132870,1,75.8,,,,,,165,,27.8,,37.6,,37.1,,33.4,,99.9,,99.4,
132871,1,66.4,,,,,,150.6,,29.3,3,35.3,,30.6,,32.2,,95.8,,103.7,
132872,1,90.4,,,,,,160.2,,35.2,,37.2,,35,,33.6,,111.3,,119,
132873,1,111,,,,,,177.6,,35.2,,38,,40.3,,37.4,,121,,116,
132874,1,18.7,,,,,,108.1,,16,2,,,22.5,,16.5,,53.5,,,
132875,1,57.2,,,,,,171.3,,19.5,,40.9,,40.4,,26.2,,83.6,,90.4,
132876,1,71.1,,,,,,187.3,,20.3,,45,,40.6,,27.2,,83.7,,95.5,
132877,3,78,,,,,,178,,24.6,,,1,41.2,,30.5,,96.4,,102.9,
132878,1,62.6,,,,,,162.8,,23.6,,41.3,,38.1,,32.7,,77.1,,91.9,
132880,1,60.8,,,,,,165.5,,22.2,2,38,,35,,27,,76.5,,100.8,
132881,1,106.6,,,,,,160.4,,41.4,,35.3,,36.4,,37.7,,121.9,,128.4,
132882,1,18.3,,,,,,112.1,,14.6,2,,,23.1,,16,,51.8,,,
132883,1,138.5,,,,,,172.1,,46.8,,41,,36.1,,44.4,,134.1,,135.9,
132884,1,107.7,,,,,,175.3,,35,,40,,41.8,,40.7,,126.5,,114.9,
132885,1,113.6,,,,,,171.5,,38.6,,38.2,,38.2,,36.4,,133.5,,134.1,
132886,1,64.2,,,,,,152.5,,27.6,4,37.2,,33.6,,29.2,,93.7,,,
132888,1,17.3,,,,,,105.9,,15.4,2,,,21.5,,17,,54.6,,,
132889,1,70.3,,,,,,155.5,,29.1,,34.2,,35,,30.1,,108.4,,106.9,
132890,1,26,,,,,,126,,16.4,2,31.9,,25.5,,19.8,,58.7,,,
132891,1,74.2,,,,,,160.1,,28.9,,37.3,,35.5,,32.3,,106.7,,111,
132893,1,77.5,,,,,,171.6,,26.3,,41.6,,41.4,,28.6,,108.9,,93.4,
132895,1,79.9,,,,,,166.8,,28.7,,40.5,,38.5,,33.5,,101.6,,99,
132897,1,26.8,,,,,,134.8,,14.7,2,30.9,,27.9,,19.6,,58.7,,,
132898,3,71.9,3,,,,,170.6,3,24.7,,,1,40.5,,28.8,,,1,,1
132899,1,109.5,,,,,,176.9,,35,,44.6,,39.8,,38.4,,120.7,,115.6,
132900,3,87,,,,,,169.9,,30.1,,38.2,,,1,,1,109.8,,103,
132902,1,88.1,,,,,,166.5,,31.8,,34,,37.3,,35.7,,107.5,,107.5,
132903,1,134.6,,,,,,171,,46,,36.4,,40.6,,42.6,,146.8,,144.1,
132904,1,61,,,,,,158.9,,24.2,,34.2,,37,,27.9,,92,,97,
132905,1,129.5,,,,,,156.3,,53,,35.1,,36.2,,41,,132.4,,147.4,
132908,1,61.6,,,,,,161.1,,23.7,,37.9,,35.2,,29.9,,86.3,,105.5,
132910,1,69.7,,,,,,148,,31.8,,31.5,,33.2,,34.8,,91.3,,103.9,
132911,3,48,,,,,,160.6,,18.6,,34.5,,36.6,,26.3,,72.7,,,1
132912,1,10.5,,80.1,,,,,,,,,,15.2,,15.4,,,,,
132913,1,72,,,,,,174.6,,23.6,,40.3,,37,,29.1,,89.8,,103.7,
132914,1,89.1,,,,,,158.3,,35.6,,33.9,,35.5,,37.6,,105.3,,121,
132915,1,58.4,,,,,,144.3,,28,4,37.3,,31.6,,32.1,,91.5,,,
132916,1,76.1,,,,,,170.2,,26.3,,38.1,,38,,31,,96.1,,110.8,
132917,1,84.8,,,,,,165.2,,31.1,4,37.3,,34.3,,32.4,,103,,112.4,
132919,1,55.9,,,,,,157.2,,22.6,4,29.9,,35.2,,27.6,,87.9,,,
132920,1,113,,,,,,163.7,,42.2,,40.5,,34.3,,44.5,,116.1,,135.3,
132921,1,75.9,,,,,,182.2,,22.9,,48,,42.2,,34.8,,80.6,,96.9,
132922,2,79.7,3,,,,,157,,32.3,,,1,,1,,1,,1,,1
132923,1,37,,,,,,137.6,,19.5,3,31.8,,29.9,,23.5,,67.1,,,
132924,1,64.6,,,,,,175.2,,21,,40,,41.2,,28,,95,,94,
132925,1,55,,,,,,157.3,,22.2,2,38.3,,34.5,,25.2,,69.9,,95.3,
132926,1,88.5,,,,,,158.3,,35.3,,37.3,,36,,39.2,,98.8,,114.5,
132927,1,63.7,,,,,,176.5,,20.4,,40.5,,39.1,,26.7,,80,,90.5,
132928,1,83.4,,,,,,176.1,,26.9,,40.8,,42.6,,32,,105.3,,103.5,
132929,1,51.9,,,,,,148.8,,23.4,,33,,32,,24.4,,89.5,,89.7,
132930,1,55.8,,,,,,162,,21.3,2,39,,36.2,,28.5,,74.9,,88,
132931,1,98.5,,,,,,175.2,,32.1,,44.3,,40.6,,40.8,,102.9,,105.7,
132932,1,101.9,,,,,,165,,37.4,,36.6,,37.2,,36.3,,107.7,,125.2,
132934,1,71.9,,,,,,154.6,,30.1,,34.2,,35,,32,,103.3,,96,
132936,4,,,,,,,,,,,,,,,,,,,,
132937,1,68.6,,,,,,163.9,,25.5,,37.6,,36.3,,28.5,,98.4,,103.2,
132938,1,71.3,,,,,,174.3,,23.5,,41.8,,38.8,,34.8,,90.1,,94.4,
132940,1,23.2,,,,,,127.5,,14.3,2,,,25.5,,17,,53.6,,,
132941,1,77.3,,,,,,155.4,,32,,31.5,,34.6,,37.5,,106.4,,113.7,
132942,1,71.4,,,,,,183.4,,21.2,,47.2,,38.4,,32.2,,82.1,,91,
132945,1,111,,,,,,180.4,,34.1,,43,,40,,39.2,,121.2,,116.1,
132947,1,79.9,,,,,,182.1,,24.1,,43.3,,40.1,,33.9,,87.5,,99.6,
132949,1,65.9,,,,,,163.4,,24.7,2,38.1,,38.8,,29,,82,,104.2,
132950,1,58.4,,,,,,181.2,,17.8,,48.5,,39.5,,25.5,,69.5,,90.7,
132951,3,73.4,,,,,,155.5,,30.4,4,,1,34.2,,34.1,,91.4,,,
132952,1,54,,,,,,158,,21.6,,35.1,,33.9,,26,,84,,92.4,
132956,1,82.5,,,,,,165.7,,30,,36,,38.8,,36.7,,101.2,,107,
132957,1,112.3,,,,,,165,,41.2,,38.4,,34.8,,41.2,,113,,125.3,
132958,1,84.1,,,,,,161.4,,32.3,,38.1,,37.4,,36.3,,106.4,,118.3,
132959,1,81.7,,,,,,173.7,,27.1,,39.7,,38,,34.5,,103,,102.6,
132961,1,59,,,,,,155.9,,24.3,,34.2,,35.8,,25.9,,91.5,,102.1,
132962,1,83.2,,,,,,168.9,,29.2,,41.2,,38.2,,31.9,,102.1,,112.8,
132963,1,95.4,,,,,,160.2,,37.2,,36.2,,34.6,,33.8,,123.8,,126.1,
132964,1,63.4,,,,,,160.8,,24.5,,40.1,,36.9,,29.1,,80.1,,103.3,
132965,1,71.6,,,,,,161.7,,27.4,,37.3,,36.4,,30,,103.8,,115.4,
132967,1,12.1,,88.6,,,,86.8,,16.1,2,,,17.7,,16.5,,45.5,,,
132968,1,46.6,,,,,,156.7,,19,2,39.9,,35.3,,23.7,,67,,83.4,
132969,1,54.5,,,,,,150.7,,24,3,34.7,,34.2,,26.6,,79,,88,
132970,1,51.2,,,,,,156.8,,20.8,,35.2,,33.2,,27.1,,77.6,,88.7,
132971,1,53.2,,,,,,153.7,,22.5,,35.5,,32.9,,26.9,,80.5,,95.2,
132972,1,86.8,,,,,,167.3,,31,,39.5,,38.5,,34.3,,101.7,,110.6,
132974,1,83,,,,,,168.7,,29.2,4,41.7,,38,,34.6,,88.5,,105.7,
132977,1,60,,,,,,160.7,,23.2,,36.7,,35.4,,27.7,,87,,93.7,
132978,1,74.2,,,,,,172.8,,24.8,,42.1,,38.1,,33.2,,85.6,,96.5,
132979,1,112.2,,,,,,183.1,,33.5,,40.3,,44.7,,35.8,,120.5,,111.5,
132983,1,76.9,,,,,,172.3,,25.9,,41,,39.5,,32.7,,95.2,,104.1,
132985,1,73.8,,,,,,177.1,,23.5,2,43.7,,40.2,,34.6,,72.4,,95.5,
132987,1,24.9,,,,,,127,,15.4,2,30.9,,27.5,,19.6,,56.5,,,
132988,1,52.8,,,,,,171,,18.1,2,39.4,,37,,24,,65.8,,83.8,
132990,1,96.6,,,,,,168.7,,33.9,,40.1,,38.3,,37.6,,117.4,,128.8,
132991,1,62.9,,,,,,163.4,,23.6,,35.7,,36,,27.9,,85.5,,96,
132992,1,109.1,,,,,,157.2,,44.1,,31.3,,36.4,,38.1,,118,,145.5,
132994,1,89.5,,,,,,169.6,,31.1,,37.7,,37.7,,35.3,,110.7,,110.1,
132995,1,71.5,,,,,,160.2,,27.9,,35.8,,34.6,,32.1,,110.2,,111,
132996,1,108.6,,,,,,176.3,,34.9,,42,,40.2,,39.5,,109.5,,111.8,
132998,1,61.7,,,,,,161.3,,23.7,,38,,33.7,,27.2,,87.6,,92.8,
132999,1,15.4,,99.7,,,,98.3,,15.9,2,,,20.7,,16.3,,44.6,,,
133001,1,67.4,,,,,,172.5,,22.7,2,39.9,,35.5,,27,,82.5,,96.7,
133002,1,104.2,,,,,,170.6,,35.8,,39.6,,40,,37.4,,119.4,,108.7,
133003,1,74.6,,,,,,173.5,,24.8,,40,,38.9,,30.9,,102.5,,100.1,
133006,1,35.8,,,,,,142.6,,17.6,2,34.1,,31.3,,21.4,,64,,,
133007,1,59.3,,,,,,173.2,,19.8,2,38.9,,37.7,,24.8,,74,,97.4,
133008,1,21.9,,,,,,122.3,,14.6,2,,,25.8,,18,,54.3,,,
133009,1,89.3,,,,,,179.9,,27.6,,42.9,,40.2,,34.4,,103.2,,104.4,
133010,1,62.1,,,,,,160.4,,24.1,,38,,37.3,,30,,95,,96,
133011,1,32.8,,,,,,143.6,,15.9,2,32.4,,30.3,,18.9,,57.7,,,
133013,1,73.5,,,,,,175.8,,23.8,,41.7,,37.4,,31.4,,79.5,,110.7,
133014,1,118.4,,,,,,166.9,,42.5,4,37,,35,,40.4,,122.5,,131.3,
133015,1,89,,,,,,161.1,,34.3,,42,,36.2,,37.9,,97.2,,119.5,
133016,3,16.1,3,,,,,97.3,,17,2,,,20,,14.7,,48.9,,,
133018,1,89.5,,,,,,157.1,,36.3,,29,,35.2,,35,,119.3,,121.4,
133019,1,78,,,,,,168.5,,27.5,,41.5,,33.9,,36.7,,99,,100,
133020,1,58.7,,,,,,159.2,,23.2,,38.3,,33.2,,27,,80,,102.5,
133022,1,89.7,,,,,,169,,31.4,,39.8,,37.4,,34.1,,108.6,,105.4,
133023,1,78.9,,,,,,151.9,,34.2,,29.2,,32,,33,,107,,104,
133024,1,61.2,,,,,,162.5,,23.2,,36.2,,34.9,,28.1,,84.3,,95.8,
133025,1,112.4,,,,,,180.2,,34.6,,42.7,,39,,35.5,,123.8,,111.1,
133026,1,18.7,,,,,,105.3,,16.9,2,,,20,,18.6,,50,,,
133027,1,103.2,,,,,,170.3,,35.6,,40.5,,37.2,,36.3,,121.4,,114.2,
133028,1,92.5,,,,,,160.2,,36,,34.8,,36.7,,35.3,,113.1,,122.5,
133029,1,9.2,,69.4,,42.1,,,,,,,,14,,15.9,,,,,
133030,1,87.7,,,,,,167.5,,31.3,,41.1,,40.9,,35.5,,100.2,,116.8,
133031,1,75,,,,,,155.6,,31,,33.1,,34.1,,33.5,,101.5,,103.3,
133033,1,83.3,,,,,,168.5,,29.3,,38.2,,38.2,,33.1,,103.6,,108.5,
133034,1,59.7,,,,,,157.4,,24.1,2,36.4,,35.8,,28.4,,77.3,,91.9,
133035,1,99.8,,,,,,166.5,,36,,38.4,,36.5,,39.7,,117.3,,114.5,
133036,1,108.1,,,,,,161.4,,41.5,4,37.7,,37.4,,44.6,,114.2,,132.6,
133038,1,79.4,,,,,,158.6,,31.6,,39.3,,35,,34.2,,101.5,,105.1,
133040,1,64,,,,,,150.7,,28.2,3,33.2,,33.2,,30,,84.5,,102.6,
133041,1,105,,,,,,170.8,,36,,38.8,,41,,36.9,,105.7,,127.2,
133042,1,71.9,,,,,,164.5,,26.6,,38,,37,,32.3,,91.2,,95.1,
133043,1,20,,,,,,106.6,,17.6,3,,,22,,19,,56.5,,,
133044,1,76.7,,,,,,160,,30,,39.2,,39.1,,31,,103.8,,112.2,
133045,1,43.2,,,,,,125.6,,27.4,4,,,28.7,,26.3,,84.4,,,
133046,1,111.3,,,,,,174.6,,36.5,,41.1,,39.4,,39,,125.8,,125,
133048,1,108.5,,,,,,183,,32.4,4,46.3,,40,,37.9,,111.3,,111.5,
133049,1,62.1,,,,,,154.6,,26,,33.5,,38.3,,29.1,,97.4,,101,
133050,1,53.9,,,,,,159.9,,21.1,,32.1,,34.3,,26.4,,82,,85.9,
133051,1,59.6,,,,,,159.3,,23.5,,33.9,,35.2,,29,,89.3,,99.5,
133052,1,63.9,,,,,,169.1,,22.3,2,37.5,,38.4,,30.5,,72.8,,92,
133053,1,70.2,,,,,,187.4,,20,,45,,41.5,,32,,92.1,,93.5,
133055,1,108.3,,,,,,177.1,,34.5,,39.4,,40.9,,36.9,,116.4,,115.1,
133056,1,92.6,,,,,,171.2,,31.6,,39.5,,37,,36.5,,116.3,,114,
133057,1,65.3,,,,,,167.1,,23.4,,38.4,,39,,26.3,,88.5,,101,
133058,1,61.3,,,,,,169.9,,21.2,,39.5,,36.6,,28.3,,75.6,,101,
133059,1,74.8,,,,,,173.8,,24.8,,40,,38,,29.8,,92.1,,96.1,
133060,1,98.9,,,,,,181.1,,30.2,,44.3,,41.4,,36.3,,111.7,,108.5,
133062,1,45.2,,,,,,157.5,,18.2,2,34.1,,31.8,,21.2,,65.6,,85.6,
133063,1,18.5,,,,,,111.5,,14.9,2,,,24.2,,17.3,,51.3,,,
133065,1,79.6,,,,,,162.8,,30,,35.1,,36.2,,32.9,,104.4,,97.5,
133066,1,99.6,,,,,,153.2,,42.4,,37,,37.1,,42.4,,116.7,,135,
133067,1,46.3,,,,,,134.2,,25.7,4,32.8,,29.8,,27.5,,84.9,,,
133068,1,69.4,,,,,,166.4,,25.1,,37.3,,35.3,,30.5,,91.2,,97.1,
133069,1,78.1,,,,,,159,,30.9,,35.8,,35.6,,33.3,,106.6,,112,
133071,1,75,,,,,,156.5,,30.6,,37.2,,35.5,,35.7,,92.8,,108.1,
133073,1,33.6,,,,,,147.4,,15.5,2,34.1,,30.8,,19.7,,53.7,,,
133074,1,106.4,,,,,,172.2,,35.9,,39.5,,38,,37.3,,114.7,,126.2,
133075,1,40.2,,,,,,151.1,,17.6,2,35.3,,32.7,,20.4,,67.3,,84.7,
133076,1,98.2,,,,,,173.1,,32.8,,39.8,,39.9,,34.7,,112.1,,105.5,
133077,1,112.2,,,,,,183.5,,33.3,,44.6,,43,,38,,110.5,,107.3,
133078,1,109.2,,,,,,184.5,,32.1,,41.4,,41,,25.5,,116.2,,119.7,
133079,1,47.1,,,,,,167.6,,16.8,2,38.4,,38.2,,21.7,,63.4,,80.2,
133080,1,87.4,,,,,,179.9,,27,,44.1,,39.8,,33.5,,99.2,,107.3,
133081,1,93.4,,,,,,165.8,,34,,39.8,,37.5,,33.3,,116.3,,113.7,
133082,1,52.6,,,,,,149.7,,23.5,,32.7,,33,,27.2,,78.1,,91.4,
133083,1,77.2,,,,,,166.7,,27.8,,39.5,,36.5,,30.7,,107.8,,96.5,
133084,4,,,,,,,,,,,,,,,,,,,,
133086,1,57,,,,,,152.5,,24.5,2,35.1,,31.6,,28.4,,77.7,,95.7,
133088,1,72.3,,,,,,176,,23.3,2,43,,40.8,,29.9,,75.5,,95.6,
133089,1,58.9,,,,,,162.6,,22.3,,39.1,,35.5,,25.6,,80,,96.2,
133090,1,95.9,,,,,,182.9,3,28.7,,40.4,,41.3,,33.6,,107.1,,107.2,
133091,2,41.1,,,,,,143.6,,19.9,,,1,,1,,1,,1,,1
133092,3,81.2,4,,,,,176.2,,26.2,,,1,40.4,,31.2,,90.2,,,1
133093,1,53.3,,,,,,154.2,,22.4,,35.1,,34.5,,26.4,,82.5,,91.6,
133094,1,93.5,,,,,,186.5,,26.9,3,47,,44,,31.7,,97.4,,104.5,
133095,1,78.7,,,,,,162.2,,29.9,,36.3,,35.2,,32.3,,98.5,,114.4,
133096,1,84.6,,,,,,169.1,,29.6,,40.1,,38.3,,32.7,,101.3,,102.7,
133097,1,87.4,,,,,,164.2,,32.4,,32.8,,39.9,,33.8,,119,,113.4,
133098,1,108.4,,,,,,178.1,,34.2,,43.5,,43,,36,,124.3,,118,
133099,3,82.4,,,,,,151.7,,35.8,,34.5,,34.6,,36,,,1,121.2,
133100,1,61.9,,,,,,166.8,,22.2,,38.4,,35,,27.6,,81.6,,96.6,
133101,3,175.1,,,,,,179.7,,54.2,,,1,41,,43,,171,,,1
133102,1,20.6,,,,,,113.1,,16.1,2,,,23.3,,17.3,,53.5,,,
133103,1,12.9,,,,,,99.9,,12.9,1,,,18.3,,13.3,,49.2,,,
133104,1,106.8,,,,,,161.4,,41,,36.8,,38.2,,36.9,,119.8,,138.2,
133105,1,53.2,,,,,,164.8,,19.6,2,40.5,,37.1,,25.2,,69.5,,88.5,
133106,1,71.7,,,,,,169.5,,25,,38,,36.5,,31.5,,89.8,,104.8,
133108,1,121.8,,,,,,176.8,,39,,40.2,,38.6,,45,,129.2,,119.3,
133109,3,52.7,3,,,,,150.8,,23.2,,,1,33.1,,25.2,,78.7,,,1
133111,1,109.3,,,,,,159.7,,42.9,,28.5,,37.4,,38.3,,138.5,,136.6,
133112,1,97.1,,,,,,179.8,,30,,43.6,,41.4,,36.5,,96.2,,111.1,
133113,1,119.4,,,,,,174.5,,39.2,,45.3,,41.4,,38.1,,128.7,,135.4,
133114,1,84.5,,,,,,176.5,,27.1,,38.4,,40.1,,32.4,,100.2,,98,
133115,1,73.2,,,,,,161.1,,28.2,,37.2,,37,,31,,97.9,,108.3,
133116,1,67.7,,,,,,171.8,,22.9,,39.8,,37.5,,30.4,,83.7,,99.6,
133117,1,39.2,,,,,,141.1,,19.7,2,33.2,,30,,23.5,,67.5,,80.7,
133118,1,65.7,,,,,,159.7,,25.8,3,38.5,,33.4,,28.2,,88.6,,104.3,
133123,1,86.9,,,,,,173.3,,28.9,,38,,40.8,,33.3,,110.4,,105,
133124,1,10,,80.4,,,,,,,,,,16.2,,15.2,,,,,
133125,1,112,,,,,,182.5,,33.6,,43.6,,40.5,,40.5,,110,,114.3,
133127,1,82.1,,,,,,170.7,,28.2,,41.1,,37.5,,32.5,,83,,108,
133129,1,76,,,,,,150,,33.8,,36.1,,35.1,,33.5,,98.2,,111.5,
133130,1,52.1,,,,,,155.5,,21.5,,36.4,,31.4,,26,,84.3,,88.3,
133131,1,60,,,,,,164.2,,22.3,,39.5,,34.7,,29,,77.9,,98.2,
133132,1,8.9,,76.4,,,,,,,,,,15,,13,,,,,
133133,1,124.5,,,,,,175,,40.7,,43,,40,,44.5,,120.5,,125.4,
133134,1,96.3,,,,,,179.4,,29.9,,40.5,,38.5,,35.5,,110.9,,109.5,
133135,1,104.6,,,,,,179.2,,32.6,,48,,41,,38.8,,108,,116,
133138,1,29.5,,,,,,133.8,,16.5,2,30.4,,27.1,,20.5,,59.5,,,
133139,1,81.7,,,,,,169.1,,28.6,,38.2,,37.2,,30.7,,104.4,,101.8,
133140,1,69.7,,,,,,162.7,,26.3,,33.5,,36.2,,31.3,,99,,103,
133143,1,79.1,,,,,,169.2,,27.6,,42.9,,39.1,,32.1,,93.2,,114.3,
133144,1,103.4,,,,,,178.7,,32.4,,42.2,,39,,38.7,,115.3,,114.7,
133147,1,73.7,,,,,,163,,27.7,,39,,38.8,,31.9,,96.9,,110,
133148,1,10.6,,79.8,,,,,,,,,,16,,15.6,,,,,
133150,1,71.3,,,,,,167.4,,25.4,,41.1,,38.6,,30.6,,86.9,,103.6,
133151,1,52.7,,,,,,152.1,,22.8,,34,,34.5,,25.4,,91.4,,92,
133152,1,67.4,,,,,,168.5,,23.7,2,44.6,,38.5,,31.9,,78.3,,97.7,
133153,1,75.7,,,,,,182.8,,22.7,,44.9,,40.8,,30.2,,87.7,,97.4,
133155,1,35.3,,,,,,142.9,,17.3,2,33,,30.5,,20.8,,64.9,,,
133156,1,94.7,,,,,,167.1,,33.9,,41,,37.5,,39.5,,116.3,,106.3,
133157,1,7,,62.8,,42.9,,,,,,,,12.1,,13.5,,,,,
133159,1,68.7,,,,,,161.3,,26.4,,39,,35.7,,30.6,,88.5,,101.7,
133160,1,100.2,,,,,,183.4,,29.8,,42.5,,44.3,,34.8,,116.8,,110,
133161,1,65.2,,,,,,162.8,,24.6,,38.5,,35.6,,31.5,,94.7,,99.8,
133163,1,47.4,,,,,,141.8,,23.6,3,31.4,,31.3,,25.5,,74.9,,88.7,
133164,1,44.4,,,,,,132.2,,25.4,4,30.3,,28.1,,27.1,,82.8,,,
133167,1,131.4,,,,,,176,,42.4,,41.7,,39.2,,38.7,,134.6,,134.2,
133168,1,85,,,,,,164.4,,31.4,4,36.8,,37.4,,35.2,,93.8,,,
133169,1,66.2,,,,,,164.3,,24.5,,39.6,,35.2,,27.7,,86.5,,98.9,
133170,1,72.4,,,,,,160.4,,28.1,,37.4,,35,,32.1,,92.8,,108.7,
133171,1,99,,,,,,175.4,,32.2,,41.4,,41,,36.5,,115,,106.5,
133172,1,114.1,,,,,,189.5,,31.8,,46.1,,44,,35.5,,126,,113.9,
133173,1,86.7,,,,,,166,,31.5,4,37,,38.7,,35,,109,,108,
133174,1,73.5,,,,,,175.6,,23.8,,42.1,,36.8,,34.3,,87.6,,96.1,
133175,1,2.9,,49,,34.6,,,,,,,,,,,,,,,
133176,1,13.3,,95.6,,,,93.3,,15.3,2,,,18.2,,15.7,,46.2,,,
133177,1,72.1,,,,,,164.9,,26.5,,36,,36.1,,30.7,,90.5,,94.2,
133178,1,65.6,,,,,,156.2,,26.9,,35,,33.6,,31,,108.3,,102.5,
133179,1,86.5,,,,,,174.5,,28.4,,38.7,,40.7,,34.4,,97.5,,104.2,
133180,1,53.7,,,,,,146.8,,24.9,4,34.4,,32.2,,26.4,,83.5,,,
133181,1,111.3,,,,,,160.4,,43.3,,35.1,,36,,39.5,,130.8,,131.8,
133182,1,128.2,,,,,,193.7,,34.2,,45,,39.5,,39.4,,123.2,,126.7,
133183,2,93,,,,,,159.5,3,36.6,,,1,,1,,1,,1,,1
133184,1,90.1,,,,,,179.7,,27.9,,41.6,,38.5,,32.7,,110,,106.5,
133185,1,80.4,,,,,,175.4,,26.1,,43,,41.6,,33.1,,98.2,,97.9,
133188,1,75.2,,,,,,155.6,,31.1,,33.4,,39.8,,34.3,,118.3,,114.2,
133191,1,109.9,,,,,,167.2,,39.3,,32,,38.3,,40.3,,134,,126,
133192,1,72.8,,,,,,163.1,,27.4,,36.4,,38.4,,31.2,,96.1,,103.5,
133193,1,65.1,,,,,,174.4,,21.4,,38.4,,37.5,,28.1,,84.1,,92.5,
133194,1,65.8,,,,,,151.7,,28.6,,36,,35.6,,32,,90.5,,97,
133195,1,105.4,,,,,,161.6,,40.4,,41.6,,37.6,,39.3,,131.8,,123.1,
133197,1,85.8,,,,,,158.5,,34.2,4,41.1,,37.4,,37.8,,93.6,,110.2,
133198,1,74.9,,,,,,165.9,,27.2,3,46.7,,37.5,,33.5,,84.5,,105.3,
133201,1,28.6,,,,,,119.5,,20,4,,,26.2,,22.2,,67.3,,,
133202,3,99.8,4,,,,,192.4,,27,,,1,40.5,,36.2,,,1,,1
133204,1,20.9,,,,,,113.3,,16.3,2,,,23,,19,,50,,,
133206,1,57.4,,,,,,154.3,,24.1,,36.2,,36.3,,27.5,,82.9,,93.4,
133208,1,99.8,,,,,,169.6,,34.7,,35.2,,42.5,,41.4,,112.7,,113.8,
133209,1,57.7,,,,,,160.2,,22.5,,35.8,,35.2,,28,,81.4,,91.5,
133210,1,114.7,,,,,,190,,31.8,,48,,45,,44.2,,112.3,,116.4,
133211,1,93.2,,,,,,187.4,,26.5,,43,,41.8,,34.1,,100.5,,98.1,
133212,1,61.7,,,,,,171,,21.1,,40.5,,39,,26,,81,,99.5,
133214,1,58.8,,,,,,150.6,,25.9,4,36.5,,33.4,,24.7,,83.5,,,
133215,1,66.1,,,,,,171.6,,22.4,,36.4,,39,,28.8,,87.5,,91.3,
133216,1,98,,,,,,165.6,,35.7,,35.8,,36.8,,40.7,,110.3,,122.2,
133217,1,12,,92.2,,,,90.8,,14.6,2,,,20.2,,15.5,,42.7,,,
133218,1,78.7,,,,,,178.3,,24.8,,43,,40.9,,31.9,,93.7,,93,
133220,1,26,,,,,,130.4,,15.3,2,,,26.2,,20.3,,59.6,,,
133221,1,96.1,,,,,,176,,31,,43.6,,45.1,,35.8,,117.2,,111.5,
133222,1,59,,,,,,153.3,,25.1,,33.6,,32.5,,28.6,,87.8,,97.7,
133223,1,65.2,,,,,,153.3,,27.7,,38.2,,33.5,,29.4,,87.7,,102.6,
133224,3,76.9,3,,,,,164.9,,28.3,,,1,36.7,,31.4,,98.5,,,1
133225,1,85.5,,,,,,159.8,,33.5,,34.9,,35.2,,33,,110,,110.1,
133226,4,,,,,,,,,,,,,,,,,,,,
133227,1,13.7,,94.5,,,,93.3,,15.7,2,,,18.9,,16.4,,47.4,,,
133229,2,48.7,3,,,,,161.4,,18.7,,,1,,1,,1,,1,,1
133230,1,77.4,,,,,,171.9,,26.2,,36,,41.2,,29.4,,91,,99.6,
133231,1,43.8,,,,,,157.9,,17.6,1,34.5,,34,,21.9,,67.2,,84.5,
133233,3,69.9,,,,,,150.9,,30.7,,31.6,,33.9,,34.5,,,1,,1
133234,1,64.1,,,,,,161.6,,24.5,,35.5,,30.1,,29.7,,93.5,,99.1,
133235,1,78,,,,,,179.3,,24.3,,42.3,,40.4,,30.8,,92.5,,102.5,
133236,1,84.9,,,,,,183.7,,25.2,,39.4,,41.4,,31.2,,96.6,,105,
133237,1,29.2,,,,,,138.1,,15.3,2,30.6,,28,,20.1,,56,,,
133238,1,68,,,,,,170.6,,23.4,2,40.6,,39,,31.6,,80.7,,95.8,
133241,1,88,,,,,,178.6,,27.6,4,43.1,,41,,34.1,,87,,106.1,
133242,1,42.1,,,,,,152.8,,18,2,39.8,,31.4,,22.3,,69.9,,,
133243,1,58.9,,,,,,161.3,,22.6,,37.2,,34.3,,27.8,,81.7,,98.7,
133244,1,20.3,,,,,,109.4,,17,3,,,22.1,,17.5,,54.8,,,
133246,1,66.8,,,,,,164,,24.8,,35.6,,36.8,,30.8,,90.1,,103.6,
133248,1,22.8,,,,,,119.6,,15.9,2,26.9,,24.6,,19.4,,53.6,,,
133249,1,86.1,,,,,,183.3,,25.6,,44.4,,42.9,,33.3,,83.1,,94.2,
133250,1,85.1,,,,,,165.4,,31.1,,36.8,,38.2,,37,,106.2,,112.7,
133251,1,76,,,,,,180.2,,23.4,,41.7,,39.4,,32.4,,87.4,,97,
133253,1,65.6,,,,,,157.1,,26.6,3,36.6,,33.1,,28.1,,89.8,,99.9,
133254,1,17.6,3,105.7,,,,105.6,,15.8,2,,,21.8,,17.6,,51.2,,,
133255,1,81.2,,,,,,178.1,,25.6,,43.2,,41.8,,33.6,,93.2,,100.3,
133256,1,14.9,,96.1,,,,94.6,,16.6,2,,,19.8,,15.8,,59.1,,,
133258,1,9.1,,70.3,,,,,,,,,,14.7,,15,,,,,
133259,1,48.7,,,,,,149.2,,21.9,3,36.1,,32.8,,26.9,,73.3,,,
133260,1,28.8,,,,,,118.9,,20.4,4,,,25.9,,22.4,,65.5,,,
133261,1,72,,,,,,161.2,,27.7,,37.9,,36.6,,29.9,,95.6,,106.7,
133262,1,63,,,,,,167.1,,22.6,,38.1,,36,,27.7,,79.9,,99.5,
133263,1,161.7,,,,,,181,,49.4,,43.1,,42,,46.2,,152.2,,142.9,
133265,1,138.8,,,,,,184.2,,40.9,,44.2,,39.4,,47,,127,,125.5,
133266,1,100,,,,,,171.5,,34,,38.3,,37.5,,37.5,,117.2,,116.1,
133267,1,70.7,,,,,,166.6,,25.5,3,42,,36.2,,30.5,,93.8,,102.1,
133268,1,56.4,,,,,,159.7,,22.1,2,34.6,,36.5,,26.8,,76.7,,88.5,
133270,1,121.9,,,,,,175.2,,39.7,,41.6,,39.8,,39.5,,124.8,,123.9,
133271,1,66.1,,,,,,161.7,,25.3,,38.1,,36,,31,,96.3,,100.5,
133272,1,11.5,,88.6,,,,87,,15.2,2,,,16.4,,16,,43.8,,,
133273,1,100.5,,,,,,168.3,,35.5,,38.1,,39.1,,41.6,,113.9,,115.3,
133277,1,72.5,,,,,,162.7,,27.4,,36.4,,33.3,,31.4,,93.5,,107.7,
133278,1,60.9,,,,,,146.8,,28.3,,34.3,,33,,31.4,,95.8,,95.1,
133279,1,85.8,,,,,,163,,32.3,,41,,37.4,,35.8,,105.9,,106.6,
133282,1,46.7,,,,,,162.4,,17.7,2,41,,34.5,,23.8,,66.8,,85.2,
133283,1,48.6,,,,,,154.1,,20.5,,35.7,,32.5,,26.4,,77,,97.5,
133284,1,130.4,,,,,,168.9,,45.7,,39,,36.7,,42.6,,126.1,,132.3,
133285,1,76.2,,,,,,169.3,,26.6,3,42,,37.6,,32.5,,87.6,,109.2,
133286,1,16.1,,97.6,,,,97,,17.1,2,,,21,,18.8,,50.4,,,
133287,1,115.3,,,,,,180.1,,35.5,,40.2,,40.9,,40.1,,126.5,,124.7,
133289,1,67.5,,,,,,167.3,,24.1,,40,,36,,31,,91.1,,102.2,
133290,1,68.6,,,,,,169.3,,23.9,,36.6,,36.5,,29,,92.8,,103.5,
133291,1,103,,,,,,184,,30.4,,40.5,,40,,37.5,,116.8,,109.4,
133292,1,72.3,,,,,,173.9,,23.9,,39.2,,39.8,,34.6,,88,,92.4,
133293,1,101.6,,,,,,170.9,,34.8,,41.3,,39.4,,35.8,,124.3,,104.8,
133294,1,99.1,,,,,,167.9,,35.2,4,40.6,,37.5,,39,,111.1,,113.6,
133295,1,78.6,,,,,,171.5,,26.7,3,44.2,,38.6,,33.2,,90.3,,103.7,
133296,1,81.2,,,,,,175.1,,26.5,,36.1,,41.2,,29.8,,111.4,,101.4,
133298,1,59.4,,,,,,158.8,,23.6,,34.7,,33,,27.3,,76.8,,96,
133299,1,63.7,,,,,,161.8,,24.3,,37,,36.7,,28.8,,96.5,,93.5,
133300,1,82.2,,,,,,182.2,,24.8,,44.1,,40,,30.8,,93.9,,99.2,
133301,1,2.7,,48.5,,34.4,,,,,,,,,,,,,,,
133302,1,58.5,,,,,,164.2,,21.7,,37.3,,36.6,,28.6,,86.6,,100.1,
133303,1,68.2,,,,,,154.9,,28.4,,33,,37.5,,32,,94,,103,
133305,1,71,,,,,,166,,25.8,,38.6,,36.4,,31.9,,86.6,,106.7,
133306,1,63.3,,,,,,154.4,,26.6,4,34.6,,36.4,,30.8,,92.9,,,
133307,1,90.1,,,,,,163,,33.9,,36.5,,40.7,,37.8,,115.5,,125.9,
133308,3,18.4,,,,,,103.5,,17.2,3,,,20,,19.2,,,1,,
133309,1,18.5,,,,,,107.1,,16.1,2,,,21.3,,18.5,,51.8,,,
133310,1,76.8,,,,,,151.3,,33.5,,33.5,,32.5,,33.4,,107.7,,110.3,
133311,1,56.4,,,,,,168.5,,19.9,,39.5,,37.1,,27.8,,76.7,,88.8,
133312,1,61.2,,,,,,156.9,,24.9,3,37.6,,34.5,,28.7,,79.5,,94.4,
133313,3,12.7,,85.4,,,,82.3,,18.8,3,,,16,,16.3,,,1,,
133314,1,80,,,,,,177.2,,25.5,,40.7,,39,,32.3,,96.8,,97.8,
133315,1,83.2,,,,,,193.8,,22.2,,47.2,,44,,28.6,,88.2,,95.7,
133316,1,102.3,,,,,,154.3,,43,,36,,36.1,,41.7,,122.3,,129.5,
133317,1,85,,,,,,183.5,,25.2,,43.1,,37.4,,32.7,,92.6,,102.8,
133318,1,64.7,,,,,,165.1,,23.7,,34.7,,38.5,,28.7,,89.5,,92,
133319,1,29.5,,,,,,133.2,,16.6,2,27.4,,28,,19.4,,60.2,,,
133320,1,115.7,,,,,,188,,32.7,,42.3,,42.3,,45.3,,109.6,,113.2,
133322,4,,,,,,,,,,,,,,,,,,,,
133324,1,55.9,,,,,,156.5,,22.8,,35.3,,33.4,,28.9,,81,,97.5,
133325,1,98.3,,,,,,185.5,,28.6,,46.7,,41.8,,37.7,,100.3,,115.8,
133326,1,65.5,,,,,,152.4,,28.2,,32.8,,37.1,,31.6,,92.3,,99.6,
133329,1,97.8,,,,,,180.7,,30,,42.3,,40,,36.6,,111.2,,108.6,
133330,1,72.1,,,,,,152.2,,31.1,4,37.4,,35,,31.2,,97.7,,107.2,
133334,1,90.4,,,,,,167.8,,32.1,,38,,37.3,,33.5,,109.2,,106.6,
133335,1,48.2,,,,,,166.1,,17.5,2,40.3,,36.8,,22.9,,67.3,,87.2,
133336,1,98.4,,,,,,156.6,,40.1,,37.2,,37.7,,35,,113,,143,
133337,1,65.8,,,,,,151.3,,28.7,,36.7,,35.4,,30.6,,88,,105.2,
133338,1,55.8,,,,,,152.7,,23.9,,34.7,,31.6,,28.7,,83.2,,87.1,
133339,1,18.8,,,,,,108.6,,15.9,2,,,22.9,,17.3,,54,,,
133340,1,60.3,,,,,,162.6,,22.8,,38,,37,,26.5,,84,,98.5,
133341,1,27.9,,,,,,138.7,,14.5,2,32,,29,,19.1,,55.6,,,
133342,1,87.4,,,,,,166.6,,31.5,,39.5,,39,,34.2,,102.1,,117.7,
133343,1,82,,,,,,169.2,,28.6,,37.4,,39.3,,33.7,,101.9,,97.7,
133344,1,65.2,,,,,,153.8,,27.6,,35.2,,35.6,,31,,96.5,,98.6,
133346,2,123.8,,,,,,153.5,,52.5,,,1,,1,,1,,1,,1
133348,1,141.2,,,,,,184.7,,41.4,,41.3,,41,,40.1,,142.9,,123,
133350,1,74.7,,,,,,171.8,,25.3,,41.4,,38.6,,33,,99.3,,93.3,
133352,1,128.5,,,,,,175.8,,41.6,,39.6,,39,,42.8,,131.7,,125,
133353,1,44.1,,,,,,156.1,,18.1,2,35.5,,31.5,,23.4,,67.7,,83.1,
133356,1,92.6,,,,,,152.7,,39.7,,35.1,,36.1,,39.8,,112.6,,126.6,
133357,1,96.4,,,,,,176.5,3,30.9,,39.2,,43,,33,,114.6,,113,
133358,1,67.7,,,,,,161.6,,25.9,,35.9,,37.2,,29.5,,92.8,,105.8,
133360,1,51.5,,,,,,161.4,,19.8,,38.5,,34.5,,26.8,,83.8,,89.8,
133361,1,68.5,,,,,,148.9,,30.9,,33.5,,31.5,,32.7,,100.4,,104.6,
133362,1,84.2,,,,,,160.3,,32.8,,38.4,,38.1,,34.9,,106.5,,107.4,
133363,2,11.3,,73.8,,,,,,,,,,,1,,1,,,,
133364,3,53.1,3,,,,,159.1,,21,2,37.6,,,1,,1,69.8,,90.7,
133365,1,14.3,,99.4,,,,99.2,,14.5,2,,,19.3,,15.8,,48.4,,,
133366,1,94.7,,,,,,171.5,3,32.2,,40,,37.5,,34,,117.6,,110.5,
133368,1,71.7,,,,,,171.8,,24.3,2,39,,38.8,,30.4,,81.9,,95.5,
133369,1,54.1,,,,,,162.6,,20.5,,34.5,,36.5,,26.6,,77.2,,95.1,
133370,1,59.2,,,,,,164.7,,21.8,,38.2,,36.7,,28.6,,82,,96.3,
133373,1,57.7,,,,,,170.8,,19.8,,41,,35.3,,25.5,,74.5,,93.1,
133374,3,,1,,,,,160.9,3,,,,1,,1,,1,,1,,1
133375,1,28.6,,,,,,121.8,,19.3,3,,,25.9,,22.6,,68.9,,,
133378,1,73.2,,,,,,162.3,,27.8,3,37,,37,,32,,92.5,,107.2,
133379,1,46.4,,,,,,157.5,,18.7,,34.1,,33.6,,25,,71.6,,86,
133380,1,64.9,,,,,,152.7,,27.8,,32.1,,36.7,,29.4,,99,,106,
133382,1,73.3,,,,,,164.7,,27,,38.8,,35.8,,31.9,,90.1,,108.1,
133383,1,60.3,,,,,,164.5,,22.3,2,39.6,,35,,25.8,,75,,97.3,
133386,1,61.5,,,,,,159.4,,24.2,,36,,35.5,,28.5,,86.8,,96.6,
133387,1,13,,86.5,,,,,,,,,,18,,17,,,,,
133388,1,92.3,,,,,,183.6,,27.4,,43,,41.6,,36.4,,100.7,,102.4,
133389,1,73.8,,,,,,174.4,,24.3,,38.6,,38.5,,29,,96,,96.2,
133390,1,106.6,,,,,,166.4,,38.5,,35.4,,36.2,,39.1,,114,,130,
133392,1,16.1,,102.1,,,,100,,16.1,2,,,21.8,,17.3,,50.5,,,
133393,3,77.9,,,,,,180.2,,24,,,1,37,,30,,91,,99.6,
133394,1,68,,,,,,161.2,,26.2,,35.5,,37,,34.2,,90,,94.4,
133395,1,83,,,,,,164.1,,30.8,,38.6,,37.5,,36.6,,103.8,,118.4,
133396,1,89.3,,,,,,174,,29.5,,42,,39.5,,32.2,,105.2,,120.3,
133398,1,79.5,,,,,,169.2,,27.8,3,40.9,,38.9,,30.4,,92.3,,104.5,
133399,1,65.9,,,,,,163.3,,24.7,,41.3,,38,,28.9,,77,,101,
133400,1,82.1,,,,,,160.1,,32,4,37.5,,35,,34.8,,92.1,,110.9,
133401,1,94,,,,,,176.1,,30.3,,38.7,,39.9,,34.7,,102.4,,102.7,
133402,1,80.2,,,,,,153.5,,34,,33.5,,34,,36.3,,107.2,,118.8,
133403,1,29.5,,,,,,132.3,,16.9,2,29.3,,28.8,,19.8,,59.9,,,
133406,1,71.8,,,,,,164.9,,26.4,,38.8,,37.6,,31,,88.4,,105.7,
133407,1,23.1,,,,,,115.1,,17.4,3,,,24.2,,19.2,,59.4,,,
133410,1,19.1,,,,,,110.9,,15.5,2,,,23.7,,17.7,,50.6,,,
133411,1,38,,,,,,156,,15.6,1,34.9,,33.1,,22.8,,61.9,,76.2,
133413,1,60.1,,,,,,169.3,,21,2,39.4,,39.4,,25.7,,75.2,,94.5,
133414,1,153.8,,,,,,175.1,,50.2,,38.8,,38.2,,39.7,,147.4,,144.6,
133415,1,8.4,,68.9,,44.5,,,,,,,,13.2,,15.2,,,,,
133417,1,22.9,,,,,,122.1,,15.4,2,,,23.7,,18.3,,54,,,
133418,1,82.3,,,,,,155.1,,34.2,,34,,35.6,,34.9,,101.3,,117.1,
133421,1,72.7,,,,,,156.2,,29.8,,38.7,,34.7,,29.6,,106,,110.4,
133422,1,104.7,,,,,,179.7,,32.4,,42.2,,40.1,,37.5,,108.1,,103.8,
133424,1,26.4,,,,,,119,,18.6,4,,,24.5,,20.4,,61.2,,,
133425,1,55.2,,,,,,166.5,,19.9,,40,,37.1,,29.9,,71.8,,85.6,
133426,1,67.2,,,,,,163.4,,25.2,,39.4,,37.5,,31,,87.2,,104.3,
133427,1,73.7,,,,,,161,,28.4,,36.1,,38,,31.5,,97,,105.6,
133428,1,80.2,,,,,,149.2,3,36,,32.8,,34,,35.1,,119.8,,119.4,
133430,1,103.5,,,,,,163.3,,38.8,,40.2,,39.2,,36.7,,116.8,,134.5,
133431,1,42,,,,,,152.9,,18,2,35.3,,33,,24,,66.2,,,
133432,1,22.7,,,,,,112.7,,17.9,3,,,24.1,,19.2,,60.9,,,
133434,2,84.9,,,,,,166.1,,30.8,,,,,,,,,,,
133438,1,94.2,,,,,,183.5,,28,,44.7,,45,,34.7,,98.7,,109.1,
133439,1,95.4,,,,,,157.8,,38.3,,32.8,,36,,38.2,,115.2,,121.1,
133440,1,78.5,,,,,,176.8,,25.1,,44.5,,42.4,,36.5,,84,,98.5,
133441,1,54.7,,,,,,166.2,,19.8,,37.7,,36.8,,26.4,,75.9,,91.4,
133442,1,56.4,,,,,,161.6,,21.6,2,41,,35.5,,26,,74.4,,82.7,
133443,2,9.6,3,73.4,,,,,,,,,,,1,,1,,,,
133444,1,48.4,,,,,,163.6,,18.1,2,39.1,,32.5,,23.7,,66.8,,87,
133448,1,85.2,,,,,,175.5,,27.7,,43.5,,41.8,,36.7,,91.9,,97.3,
133449,1,24.5,,,,,,124.1,,15.9,2,,,27.7,,20,,57.5,,,
133451,1,86.5,,,,,,176,,27.9,,43.1,,41,,36.3,,101.5,,103.2,
133452,1,35.5,,,,,,137.7,,18.7,2,33.3,,29.6,,23.4,,62.5,,,
133453,1,109.6,,,,,,179.8,,33.9,,43,,42,,38.8,,109.5,,114.5,
133454,1,106.7,,,,,,179.9,,33,,43.2,,41.2,,39.3,,109.5,,115,
133456,1,16.9,3,,,,,106.6,,14.9,2,,,20,,15.6,,49.1,,,
133457,1,78.6,,,,,,153.4,,33.4,,37.3,,36.3,,37.6,,97.6,,116.8,
133458,1,19.6,,,,,,110.8,,16,2,,,23.5,,17.5,,53.8,,,
133459,1,80.3,,,,,,164.7,,29.6,,38,,35.7,,32.1,,106.9,,100,
133460,1,20.2,,,,,,123.5,,13.2,1,,,24.7,,17,,51.6,,,
133461,1,51,,,,,,149.8,,22.7,,32.6,,32.5,,27.3,,82.5,,94.4,
133463,1,79.1,,,,,,174.5,,26,3,42.8,,38.5,,30.8,,84.5,,104.5,
133464,1,101,,,,,,149.7,,45.1,4,36.6,,34.2,,45.5,,110.2,,126,
133465,1,67.9,,,,,,152.3,,29.3,,34.9,,32,,30.5,,93.7,,110,
133466,1,13.1,,91.6,,,,89.2,,16.5,2,,,18,,16.1,,47.6,,,
133470,1,84.7,,,,,,157.2,,34.3,,36.8,,36,,37.1,,105.2,,113.4,
133471,1,39.1,,,,,,129.6,,23.3,4,33.2,,30.6,,25.5,,74.9,,,
133472,1,49.8,,,,,,166.6,,17.9,,36.3,,36.2,,20.5,,79.2,,87.5,
133473,1,33.8,,,,,,150.1,,15,2,35,,32.3,,19.1,,56,,,
133474,1,107.6,,,,,,159.6,,42.2,,37.4,,40.4,,41.1,,125.8,,130.9,
133476,1,63.7,,,,,,157.2,,25.8,,34.9,,34,,28,,94.6,,103.6,
133477,1,85.6,,,,,,162.3,,32.5,4,37.9,,36.5,,39,,95.8,,114.5,
133478,1,72.8,,,,,,151.8,,31.6,,31,,33.2,,31,,105.5,,112.2,
133479,1,85.8,,,,,,177.5,,27.2,,41,,41.6,,34.8,,104.4,,100,
133480,1,124,,,,,,194.5,,32.8,,43.4,,49.2,,38.1,,115.2,,118,
133481,1,90.4,,,,,,172,,30.6,,39.5,,37.1,,36.5,,96.9,,108.3,
133482,1,71.5,,,,,,165.8,,26,,36.8,,38,,31.8,,103.3,,93.2,
133484,2,93.7,3,,,,,175.4,,30.5,,,1,,1,,1,,1,,1
133486,1,63.9,,,,,,167.4,,22.8,2,37.5,,35.2,,28.5,,84.3,,94.9,
133487,1,94.9,,,,,,176.3,,30.5,,41,,41.7,,33.8,,119.9,,112.1,
133488,1,11.4,,82,,,,,,,,,,15.7,,16.3,,,,,
133489,1,70.1,,,,,,157,,28.4,,37,,35.8,,31.3,,82.3,,109.8,
133490,1,88.1,,,,,,188.7,,24.7,,44.5,,40.2,,33.6,,93.6,,98.1,
133491,1,81.9,,,,,,162.2,,31.1,,35.6,,37.5,,29.5,,115.5,,124.5,
133492,1,95.5,,,,,,186.8,,27.4,,45.3,,43.1,,35,,104.3,,104.6,
133494,1,70,,,,,,167.4,,25,,37.3,,35.1,,29.3,,86.6,,105.7,
133496,1,76.7,,,,,,175.3,,25,,42.6,,38.5,,32.2,,87.3,,101.4,
133500,3,65,,,,,,,1,,,,1,33.5,,34.8,,,1,,1
133501,1,17.2,,,,,,113.5,,13.4,1,,,24,,15.1,,51.6,,,
133503,1,32.5,,,,,,120.2,,22.5,4,,,27.7,,22.8,,71.3,,,
133504,1,142,,,,,,178.5,,44.6,,42.5,,41.2,,45,,135.9,,135.5,
133505,1,15.7,,,,,,103.5,,14.7,2,,,20.8,,17.2,,50.1,,,
133506,1,62.8,,,,,,153.2,,26.8,,37.1,,40.5,,27.2,,97.2,,91.3,
133507,1,26,,,,,,119.2,,18.3,3,,,24.4,,20.5,,61.9,,,
133508,1,78.9,,,,,,164.5,,29.2,,37.2,,37,,35.1,,101.1,,97.4,
133510,1,55.4,,,,,,171.8,,18.8,,41.1,,36,,26.1,,70.7,,88,
133511,1,71.5,,,,,,166.5,,25.8,,37.7,,35.8,,30.5,,92.6,,109.3,
133513,1,80.6,,,,,,155.5,,33.3,,36,,38.1,,42.1,,105.7,,116.3,
133515,1,80.3,,,,,,184.9,,23.5,,41.7,,40.7,,33.6,,89.5,,98.7,
133516,1,32.2,,,,,,142,,16,2,34.5,,31.1,,20.2,,57,,,
133517,1,74.3,,,,,,157.2,,30.1,,39.1,,37.3,,34.8,,96.9,,107.4,
133519,1,30.4,,,,,,141.1,,15.3,2,34.8,,31,,19,,59.8,,,
133520,1,71.5,,,,,,164.3,,26.5,,40,,35.5,,33.3,,88.4,,104,
133522,3,,1,,,,,162.6,,,,,1,35.5,,33.8,,,1,,1
133523,3,24.7,3,,,,,131.3,,14.3,1,,1,27.8,,17.7,,,1,,1
133524,1,76,,,,,,162.4,,28.8,,39.6,,37.4,,35,,95.1,,110.2,
133525,1,59.4,,,,,,156.2,,24.3,,35.1,,34.2,,29.5,,80.4,,95.8,
133526,1,64.2,,,,,,154.1,,27,,31.6,,34.6,,29.4,,91.1,,113,
133529,1,82.8,,,,,,168.7,,29.1,,35.3,,39.9,,35,,105.2,,101.4,
133530,1,69.2,,,,,,168.7,,24.3,,40.5,,40.8,,29.8,,91.3,,93,
133531,1,91.4,,,,,,154.8,,38.1,,32.3,,35,,30.7,,116.6,,139.1,
133532,1,102.2,,,,,,177.3,,32.5,,37.5,,42.5,,35.7,,117.4,,111.6,
133533,1,108.5,,,,,,179.6,,33.6,,41.3,,38.7,,38.4,,120.8,,110.2,
133535,1,119.8,,,,,,173.6,,39.8,,41.5,,40,,44.6,,116,,129.2,
133536,1,119.6,,,,,,170.4,,41.2,,38.5,,44.1,,42.7,,143.6,,136.3,
133537,1,82.9,,,,,,163.1,,31.2,,35,,39,,38.5,,99.5,,109,
133538,1,91.6,,,,,,156.5,,37.4,4,39,,37.4,,39.9,,105.3,,121.4,
133539,1,84.5,,,,,,165.1,,31,,37.5,,40.5,,34.8,,116.4,,108.2,
133541,1,98.3,,,,,,163.9,,36.6,,37.8,,38.7,,40.5,,115.7,,123.9,
133542,1,28.3,,,,,,106,,25.2,4,,,23.6,,24.5,,72.6,,,
133543,1,62.7,,,,,,153.8,,26.5,,35,,33.8,,28.9,,83,,107.2,
133544,1,68.4,,,,,,182,,20.6,2,42.5,,42,,29.6,,77.5,,93.5,
133545,1,83.9,,,,,,154.9,,35,,33.5,,36.3,,33.5,,111.1,,125.1,
133546,1,37.1,,,,,,149.9,,16.5,2,34.4,,32.1,,20.6,,63,,,
133547,1,89.7,,,,,,161.7,,34.3,,37.5,,36,,35.3,,105.2,,114.4,
133548,1,55,,,,,,152.5,,23.6,,36.2,,36.1,,26,,87.5,,96,
133549,1,77.7,,,,,,187.1,,22.2,,42.9,,40.7,,28.7,,82.7,,98,
133550,1,159.6,,,,,,174.4,,52.5,,38.7,,37.9,,48.5,,138.6,,152.4,
133551,1,124.2,,,,,,164.8,,45.7,,33.9,,34.6,,43.7,,131,,146.6,
133554,3,75.7,,,,,,170.5,,26,,,1,37.7,,30.1,,,1,,1
133555,1,63.1,,,,,,167.1,,22.6,,40.2,,35.5,,29.7,,88.2,,102.3,
133556,1,71.9,,,,,,172.3,,24.2,,42.4,,39.9,,30.4,,102.9,,96.6,
133558,1,122.6,,,,,,186.4,,35.3,,39.2,,44.5,,41.5,,130.5,,120.3,
133559,1,109,,,,,,181.8,,33,,40.8,,41.4,,37.5,,113.7,,110.8,
133560,1,64.8,,,,,,163.5,,24.2,,38.8,,33.7,,31.8,,90.6,,104.2,
133561,1,11.1,,85.6,,,,84.7,,15.5,2,,,16.2,,14.9,,43,,,
133562,1,6,,58.5,,38.2,,,,,,,,,,,,,,,
133563,1,75.6,,,,,,169.4,,26.3,,39,,39.8,,29.5,,95.6,,102.9,
133564,1,42.2,,,,,,149.9,,18.8,2,36,,33,,24.2,,72.6,,,
133565,1,71.6,,,,,,180.9,,21.9,2,43.9,,39.5,,31,,75.1,,95.9,
133566,1,75.5,,,,,,161.2,,29.1,,35.1,,36.5,,31.6,,99.1,,113.5,
133567,1,79.3,,,,,,174.2,,26.1,,38.8,,38,,27.2,,107.3,,111.3,
133568,1,47.8,,,,,,149.6,,21.4,3,35.7,,33.7,,25.2,,75.8,,,
133569,1,91.9,,,,,,154.4,,38.5,,32.5,,35,,39,,118.7,,124.6,
133570,1,106.6,,,,,,176.1,,34.4,,40.5,,39.7,,37.5,,113.8,,119,
133571,3,,1,,,,,170.4,,,,,1,38,,29.3,,,1,,1
133575,1,68,,,,,,169.3,,23.7,,40.5,,38,,28,,97.3,,98,
133576,1,90.3,,,,,,184.8,,26.4,,42.8,,42.1,,36.5,,91.9,,102.4,
133578,1,86,,,,,,176.9,,27.5,3,42.4,,39.9,,38.7,,83.5,,103.9,
133579,1,90.6,,,,,,172.3,,30.5,,39.5,,37.4,,34.3,,107.8,,100.8,
133580,1,48.9,,,,,,170.1,,16.9,2,38.2,,36.2,,21.2,,71.6,,83.2,
133581,1,61.2,,,,,,147.2,,28.2,4,34.8,,31.3,,30.6,,82.8,,,
133582,1,111.9,,,,,,185.5,,32.5,,48.5,,42,,39,,118.5,,117.5,
133583,1,72.6,,,,,,156.6,,29.6,,35,,36,,30.1,,99.4,,105.3,
133584,1,84.5,,,,,,170.6,,29,,38.8,,35.3,,31.1,,106.7,,102.9,
133585,1,68.2,,,,,,151,,29.9,4,35.6,,34.2,,32.3,,81,,105.9,
133586,1,70.3,,,,,,153.5,,29.8,3,37,,34,,33.6,,91,,107.4,
133588,1,86,,,,,,184.7,,25.2,,42,,42.4,,34.7,,92.4,,103.7,
133589,4,,,,,,,,,,,,,,,,,,,,
133590,1,79,,,,,,165.9,,28.7,,38,,38.2,,35.6,,99.7,,110.8,
133591,1,21.2,,,,,,113.5,,16.5,2,,,22,,19,,53.5,,,
133592,1,48,,,,,,168.6,,16.9,2,39.4,,33.3,,24,,63.7,,81.3,
133593,1,84.5,,,,,,177.1,,26.9,,43,,38.5,,33.7,,103,,100.2,
133594,1,136.2,,,,,,180.5,,41.8,,45.7,,42.6,,49.8,,125.4,,116,
133595,1,63.4,,,,,,160.5,,24.6,3,40.8,,35,,28,,76.7,,100.6,
133596,1,102.1,,,,,,183.4,,30.4,,44,,42.6,,38.6,,114.8,,106.2,
133597,1,154.7,,,,,,180.5,,47.5,,34.2,,42.9,,44.7,,159.6,,154.5,
133598,1,70.3,,,,,,166.6,,25.3,,36.4,,34.8,,29,,93,,98.9,
133599,1,14.2,,87.4,,,,,,,,,,18.5,,17.8,,,,,
133600,1,49.6,,,,,,158.3,,19.8,,36.8,,33.7,,24.5,,75.8,,92.3,
133602,1,78.5,,,,,,182.5,,23.6,,36.4,,42,,29.9,,100.7,,100.1,
133603,1,77.8,,,,,,170,,26.9,,42.8,,39.9,,33.5,,95.9,,96.2,
133607,1,22.2,,,,,,117.4,,16.1,2,,,23.6,,18.2,,55.4,,,
133609,1,7,,65.9,,42.7,,,,,,,,11.4,,13.4,,,,,
133612,1,59.7,,,,,,145.1,,28.4,4,35,,33,,32,,97.2,,,
133613,1,98.7,,,,,,171.4,,33.6,,35.4,,40.2,,37,,129.6,,113.7,
133615,1,78,,,,,,163.6,,29.1,,37.3,,36.7,,36,,96,,101.6,
133617,1,45.9,,,,,,162.8,,17.3,,36,,34,,22.1,,76.4,,88,
133619,1,55.8,,,,,,149.1,,25.1,3,38.1,,31.9,,39.9,,84.9,,89.5,
133620,1,88.1,,,,,,168.1,,31.2,4,37.5,,36.5,,35.9,,95.5,,112,
133621,1,69.5,,,,,,157.5,,28,,35.2,,36.2,,31.5,,93,,104,
133622,1,148.5,,,,,,175.6,,48.2,,35.4,,41.4,,46.3,,143,,135,
133623,1,55.8,,,,,,176.3,,18,2,43.4,,39.4,,24,,65.1,,90.2,
133624,1,140.7,,,,,,164.6,,51.9,,37.7,,40,,46.5,,142.6,,140.4,
133626,1,92.2,,,,,,174.5,,30.3,4,40.2,,37.3,,33.1,,98,,110.2,
133627,1,73.2,,,,,,180.6,,22.4,,40.1,,40,,30.2,,83.3,,97.8,
133628,1,84.6,,,,,,171.8,,28.7,,39.1,,39.2,,38,,96,,98.6,
133629,1,73.1,,,,,,165.2,,26.8,3,40.2,,37,,30.7,,84,,106.1,
133630,1,73.2,,,,,,182.2,,22.1,,40.9,,42,,28.3,,91.3,,93.9,
133631,1,90.3,,,,,,172.1,,30.5,,39.7,,39.2,,34,,108.5,,104.6,
133633,1,53.5,,,,,,155.3,,22.2,,37.6,,38.8,,29.1,,91.1,,93.1,
133634,1,94.9,,,,,,170.7,,32.6,,41.2,,39.5,,37,,109.5,,110.2,
133635,1,117.4,,,,,,175.3,,38.2,,42.4,,38.1,,39.5,,121,,122.6,
133637,1,74.9,,,,,,167.3,,26.8,,37.7,,37.5,,33,,91.8,,106.5,
133638,1,63.2,,,,,,156.4,,25.8,,36.5,,35,,31.6,,84.2,,104,
133640,1,57.1,,,,,,157.9,,22.9,,37.7,,35,,26.8,,76.7,,96.7,
133641,1,70.3,,,,,,162.8,,26.5,,39.1,,35.4,,32.7,,80.8,,105.6,
133642,2,61.5,,,,,,171.9,,20.8,,,1,,1,,1,,1,,1
133645,1,78,,,,,,187.1,,22.3,,41.6,,40,,30.6,,92,,94.2,
133646,1,73.7,,,,,,171.7,,25,,38.5,,35.9,,29.5,,88,,104.5,
133648,1,62.6,,,,,,170,,21.7,,42.8,,39.5,,27.1,,76.5,,101.3,
133650,1,88.9,,,,,,155.9,,36.6,,39.6,,32.2,,36.3,,102,,125.4,
133651,1,22.5,,,,,,119.8,,15.7,2,,,25.4,,18.8,,53,,,
133653,1,7.6,,69.9,,,,,,,,,,13.5,,13,,,,,
133654,1,38.2,,,,,,151,,16.8,2,33,,32.6,,21.4,,60.7,,,
133656,1,15.1,,103.6,,,,102.2,,14.5,2,,,19.2,,16,,46.4,,,
133657,1,60.2,,,,,,160.4,,23.4,,37.9,,34.4,,29,,84.6,,88,
133658,1,36,,,,,,144.7,,17.2,2,35.5,,31.4,,21.5,,63.6,,,
133659,1,70.2,,,,,,153.7,3,29.7,,35,,35.5,,30.5,,96.2,,118.4,
133660,1,26.6,,,,,,121.8,,17.9,3,,,25,,20.1,,62.7,,,
133661,1,36.1,,,,,,147.6,,16.6,2,35.5,,30.1,,21.4,,62.2,,,
133662,1,31.9,,,,,,135.4,,17.4,2,30.1,,29.8,,19.6,,62.2,,,
133664,1,101.3,,,,,,170.3,,34.9,,42.6,,38.2,,35.9,,108.3,,118,
133666,1,95,,,,,,181.4,,28.9,,39.1,,38.8,,37.3,,100.2,,103.8,
133669,1,45.3,,,,,,147.4,,20.8,2,31,,28.9,,25,,70.2,,86.9,
133670,1,75.2,,,,,,187.4,,21.4,,43.3,,40.5,,30.5,,82.7,,99.6,
133671,1,42.1,,,,,,136.8,,22.5,4,33.5,,31,,25.5,,72.5,,,
133676,1,67.8,,,,,,154.2,,28.5,,26.7,,36,,30.4,,99.6,,113.3,
133677,1,16.8,,94.7,,,,93.4,,19.3,4,,,19.8,,18.3,,53.3,,,
133678,3,57.3,3,,,,,154.1,,24.1,,,1,35.2,,25.5,,,1,,1
133679,1,29.1,,,,,,142.8,,14.3,2,33.3,,29.3,,19.5,,52.5,,,
133680,1,56.5,,,,,,159.7,,22.2,,39.5,,32.5,,29.8,,78.5,,92.4,
133681,1,85,,,,,,175,,27.8,,43.6,,39.8,,33.8,,98.3,,108.1,
133682,3,10.2,,68.9,,,,,,,,,,13.8,,,,,,,
133683,1,43,,,,,,147.2,,19.8,,30.9,,31,,23,,77,,84.8,
133684,1,82.5,,,,,,169.6,,28.7,,38.2,,41.3,,35,,91,,97,
133685,1,107.5,,,,,,176.1,,34.7,4,40.8,,39,,39.5,,114,,119.4,
133686,1,95.8,,,,,,184,,28.3,,39.6,,40,,33.9,,108.7,,107,
133687,1,43.5,,,,,,165.7,,15.8,1,41.7,,33.6,,22.1,,61.4,,77.9,
133688,1,49.1,,,,,,165.3,,18,,39,,35.5,,22,,76.4,,86.5,
133689,1,86.2,,,,,,182,,26,,42.7,,40,,36.3,,101.4,,103.7,
133690,1,84.3,,,,,,169.2,,29.4,,44,,39,,34.7,,97.5,,102.1,
133692,1,75,,,,,,170.2,,25.9,,38.7,,37,,31,,94,,109.6,
133693,1,58.2,,,,,,158.1,,23.3,,35.8,,36.2,,27,,88.5,,93.7,
133694,1,79.3,,,,,,177.1,,25.3,,40.5,,40,,29.7,,95,,99.4,
133695,1,16.9,,,,,,109.6,,14.1,2,,,20.1,,15.7,,46.1,,,
133696,1,32.4,,,,,,123.9,,21.1,4,,,27,,23,,73.3,,,
133697,1,47.5,,,,,,149.4,,21.3,3,36.8,,35.6,,24.9,,75.9,,83,
133698,1,60.9,,,,,,175.8,,19.7,,40.1,,35.4,,23.9,,81.8,,92.5,
133700,1,96.2,,,,,,152.3,,41.5,,36.6,,34,,31.5,,121.3,,137.8,
133701,1,20.9,,,,,,111.1,,16.9,3,,,20.2,,19,,54.3,,,
133702,1,76.4,,,,,,160.5,,29.7,,35.4,,35,,35.1,,108.4,,105,
133703,1,67.3,,,,,,174.7,,22.1,,39.7,,37.5,,28.4,,74,,94.2,
133704,1,83.4,,,,,,177,,26.6,,39.4,,40,,33.3,,106,,102.5,
133706,1,67.7,,,,,,158.7,,26.9,,35.4,,34.4,,31.5,,91,,101.7,
133707,1,85,,,,,,169.4,,29.6,,39.2,,36.8,,35.5,,99,,114.1,
133708,1,20.6,,,,,,118.4,,14.7,2,,,23.5,,16.8,,58.7,,,
133709,1,39,,,,,,136.7,,20.9,2,33,,30,,23.2,,69.5,,77.6,
133712,1,82.8,,,,,,169.4,,28.9,3,40.5,,35.4,,31.9,,89.6,,110.3,
133713,1,74.2,,,,,,168.3,,26.2,,41,,40.1,,30,,100.8,,103,
133714,1,50.9,,,,,,142,,25.2,4,33.4,,33.9,,28.7,,89.2,,,
133715,1,119.6,,,,,,181.1,,36.5,,39.2,,42.1,,37.7,,128,,116.1,
133716,1,9.5,,80.6,,,,,,,,,,16.5,,14.5,,,,,
133717,1,76.4,,,,,,169.4,,26.6,,39,,36.5,,32.5,,85.6,,105.1,
133718,1,91.8,,,,,,174,,30.3,,40.5,,40,,34.3,,106.9,,110.5,
133723,1,78.4,,,,,,162,,29.9,,39.6,,37.1,,31.6,,106.3,,107,
133725,1,81.7,,,,,,163.5,,30.6,,32.1,,39.9,,34.5,,107.7,,106.3,
133726,1,67.8,,,,,,163.6,,25.3,,35,,36.8,,32.1,,87.6,,96.7,
133727,1,77.2,,,,,,177.2,,24.6,2,41,,37.5,,33.8,,84.5,,100,
133728,4,,,,,,,,,,,,,,,,,,,,
133730,1,89.8,,,,,,166.9,,32.2,,45,,37.9,,33.1,,95.1,,120.7,
133731,1,86.7,,,,,,177.3,,27.6,,41.5,,40.8,,36.7,,100.5,,102.7,
133732,1,98.3,,,,,,158.5,,39.1,,36.5,,36.2,,40.9,,110.4,,117.1,
133733,1,58.7,,,,,,152.8,,25.1,,33,,35.9,,28.7,,83.6,,97.9,
133735,1,9.2,,71.7,,,,,,,,,,14.9,,15.5,,,,,
133738,1,17.7,,,,,,105.3,,16,2,,,21.4,,17.9,,46.7,,,
133739,1,42.6,,,,,,162.7,,16.1,1,44.6,,36.4,,22.5,,59.6,,83.7,
133740,3,14.4,,102.8,,,,,1,,,,,,1,,1,,1,,
133741,1,167.9,,,,,,162,,64,,42.6,,40,,51.4,,133.1,,171.1,
133742,1,58.7,,,,,,160.1,,22.9,3,39.7,,34.5,,28.4,,84,,99.8,
133743,1,83,,,,,,180.9,,25.4,,43.2,,41.1,,31,,92.7,,106.6,
133748,1,107.9,,,,,,180.4,,33.2,,41.5,,39.2,,40.9,,108.5,,113.1,
133749,1,4.8,,55.1,,37.8,,,,,,,,,,,,,,,
133751,1,90,,,,,,163.2,,33.8,,39.5,,36.5,,39.5,,105.7,,104,
133753,1,69.2,,,,,,172.3,,23.3,,38.9,,38.3,,27.8,,98.1,,93.4,
133755,1,56.1,,,,,,170.4,,19.3,2,42.6,,35.7,,25.6,,69.5,,84.5,
133757,1,82.9,,,,,,195.5,,21.7,2,47.7,,42,,28.2,,84.5,,104.7,
133760,1,72.6,,,,,,162.7,,27.4,,35,,35.2,,33.6,,82.7,,109.4,
133761,1,52.7,,,,,,174.7,,17.3,2,42.3,,38.4,,23.7,,69.2,,86,
133762,1,67.5,,,,,,167.4,,24.1,,37.3,,40.1,,31.3,,84.1,,94.1,
133764,1,72.7,,,,,,175.5,,23.6,,36.5,,39.7,,34.2,,89,,94,
133765,1,52.6,,,,,,152.5,,22.6,2,34,,31,,27,,70.5,,90,
133766,1,83.5,,,,,,162.7,,31.5,,35.3,,37,,37,,112,,118.8,
133767,1,62.3,,,,,,166.4,,22.5,3,45.2,,35.5,,28.2,,84,,90.3,
133768,1,60.4,,,,,,176.1,,19.5,2,43.8,,38.7,,26,,72.5,,90.9,
133769,1,63.5,,,,,,149.7,,28.3,,32.5,,32,,30.5,,96.5,,95.6,
133770,2,9.8,,76.5,,,,,,,,,,,1,,1,,,,
133771,1,17.2,,,,,,105.7,,15.4,2,,,20.8,,17.6,,52.6,,,
133772,1,66.8,,,,,,156.5,,27.3,,37.6,,35,,32,,84,,102,
133773,1,50.8,,,,,,163.5,,19,,38.5,,35,,26,,76,,88.7,
133774,1,78.1,,,,,,176.2,,25.2,,38.2,,40.1,,30.7,,99.3,,101.1,
133775,1,68.5,,,,,,171.1,,23.4,,39,,37.7,,29.3,,81,,93.5,
133776,1,84.6,,,,,,167.6,,30.1,3,41.6,,40.1,,34.5,,98.1,,107.2,
133777,1,100.6,,,,,,171.2,,34.3,,44.7,,38,,36.4,,119.5,,109.6,
133778,1,82.5,,,,,,167.2,,29.5,,41.1,,38,,37.2,,105.9,,105.6,
133779,1,58.4,,,,,,155.9,,24,,35.5,,37.4,,28.8,,83.1,,99.2,
133780,1,64.9,,,,,,163.4,,24.3,,36.4,,34.7,,24.9,,86.3,,99.4,
133781,1,63.3,,,,,,162.7,,23.9,,35.8,,35.5,,29.2,,89.6,,92.8,
133782,1,70,,,,,,169.5,,24.4,,41.8,,40,,32.1,,86.3,,93.7,
133783,1,119.5,,,,,,183.7,,35.4,,45.4,,42,,40.3,,117.4,,117,
133784,1,89.2,,,,,,168.1,,31.6,,35.8,,40.8,,35.5,,105.2,,115,
133785,2,123.8,,,,,,148.2,,56.4,,,1,,1,,1,,1,,1
133786,1,99.6,,,,,,165.6,,36.3,,34.6,,37,,43.1,,114.8,,124.6,
133787,1,59.5,,,,,,168.8,,20.9,,39.4,,37.6,,27.2,,76.6,,87.1,
133788,1,53.1,,,,,,163.4,,19.9,2,40.7,,37,,26.9,,72.6,,87.7,
133790,1,31.3,,,,,,138.1,,16.4,2,32.3,,30.6,,20.5,,60.1,,,
133791,1,111.5,,,,,,168.6,,39.2,,39,,38.2,,38.8,,111.9,,125.8,
133792,1,97.9,,,,,,156.7,,39.9,,38.1,,37.2,,41.4,,112.5,,121.8,
133793,1,48.9,,,,,,161.3,,18.8,,37.7,,34.2,,25.7,,68.9,,87,
133794,1,73.5,,,,,,177.6,,23.3,,40.5,,38.5,,35.8,,89.5,,96.6,
133796,1,69.1,,,,,,164.8,,25.4,,39.1,,37,,30,,90.6,,94.6,
133798,1,87.4,,,,,,176.8,,28,,42.5,,40,,32.7,,102.3,,107.7,
133799,1,112.1,,,,,,158.8,,44.5,,32.2,,36.3,,41.3,,129.7,,137.4,
133800,1,101.5,,,,,,179.8,,31.4,,40,,40,,39,,109.2,,100.3,
133801,1,83.5,,,,,,156.1,,34.3,,33.5,,33.2,,35.4,,112.3,,112.2,
133802,1,101.9,,,,,,168.1,,36.1,,32.5,,36.5,,37.6,,118.5,,119.4,
133805,1,70.2,,,,,,179.6,,21.8,2,47.2,,38,,29.5,,75.5,,96.6,
133806,1,89.1,,,,,,187.4,,25.4,,45.1,,41.8,,34.2,,99.7,,103,
133808,1,87.6,,,,,,181,,26.7,,45.7,,39.7,,35.4,,96.5,,113.2,
133809,1,43.7,,,,,,151.9,,18.9,2,37,,31,,24.2,,71.4,,,
133810,1,70.5,,,,,,159.3,,27.8,,36.9,,37.2,,30.4,,93.7,,108.6,
133811,1,130.3,,,,,,181.5,,39.6,,45.8,,41.2,,42.3,,118.4,,122.1,
133813,3,122,3,,,,,173.3,,40.6,,,1,41,,41.1,,,1,,1
133816,1,6.4,,59.6,,40.2,,,,,,,,,,,,,,,
133817,1,59.7,,,,,,152.6,,25.6,3,40.1,,34.6,,25.6,,77.8,,94.5,
133819,1,27.3,,,,,,129.2,,16.4,2,29.5,,25,,19.4,,61.2,,,
133821,1,93,,,,,,176.3,,29.9,,40.3,,39.8,,36.5,,111.9,,112.3,
133822,3,67.4,,,,,,155.9,,27.7,,,1,35.8,,31.2,,106.7,,,1
133824,1,34.7,,,,,,128,,21.2,4,26.2,,28.7,,24.5,,69.6,,,
133825,1,86.5,,,,,,156.7,,35.2,,34.3,,36.6,,36.1,,100.6,,114.4,
133826,1,72.9,,,,,,159.6,,28.6,,36,,35.8,,32.6,,95.8,,111.1,
133827,1,75,,,,,,161.6,,28.7,,35.6,,36.5,,32.5,,99,,99,
133828,3,22.4,3,,,,,,1,,,,,,1,,1,,1,,
133831,1,67.7,,,,,,151.3,,29.6,,29.5,,34.5,,29.1,,112.1,,111.1,
133832,2,9.3,3,71.9,,,,,,,,,,,1,,1,,,,
133835,1,114.3,,,,,,162.8,,43.1,,35.4,,36.7,,39.6,,119.8,,135.6,
133836,1,81.6,,,,,,171.8,,27.6,,42.8,,40,,29.3,,109.3,,111.8,
133837,1,85.2,,,,,,152.2,,36.8,4,37.4,,31.5,,34.9,,112.5,,111,
133838,3,71.4,3,,,,,143.4,,34.7,,,1,32.5,,32.2,,,1,,1
133839,1,97.3,,,,,,176.8,,31.1,,42.1,,38.6,,39.5,,97.8,,110.4,
133840,1,88.9,,,,,,167,,31.9,,37.1,,37.1,,34.6,,106.8,,116.1,
133841,1,98.4,,,,,,158.6,,39.1,,37.8,,37.7,,38.1,,117.5,,127.7,
133843,1,64.5,,,,,,154.5,,27,,32.4,,34.6,,30.7,,85,,103.3,
133844,1,22.3,,,,,,126.8,,13.9,2,,,26.4,,17,,55.4,,,
133845,1,5.3,,58,,41.9,,,,,,,,,,,,,,,
133846,1,96.8,,,,,,171.4,,32.9,,42.2,,40,,39.1,,112.8,,105,
133849,1,52.5,,,,,,157.3,,21.2,2,36,,35.5,,26.5,,74.4,,95.8,
133851,1,18.9,3,,,,,111.6,,15.2,2,,,22.6,,17.6,,50.8,,,
133852,1,95.4,,,,,,152.6,,41,,30.5,,34.7,,40,,130,,129,
133854,1,48.7,,,,,,159.2,,19.2,2,36.4,,32,,24,,72.3,,87.6,
133855,1,12.9,,80.1,,,,,,,,,,15,,18,,,,,
133856,1,67.4,,,,,,177.1,,21.5,,40.8,,43.1,,31.8,,77.5,,92.5,
133857,1,64.5,,,,,,160.3,,25.1,,37.3,,35.2,,29.4,,81.6,,101,
133858,1,66.9,,,,,,160.3,,26,,37.5,,35.3,,31.5,,95,,101.4,
133859,1,64.9,,,,,,155.9,,26.7,,33.5,,35.8,,30.6,,97.3,,101.1,
133861,1,101.4,,,,,,172.1,,34.2,,40.4,,39.7,,37.3,,112.6,,112.4,
133862,1,77.8,,,,,,160.3,,30.3,,35.5,,35.2,,32.2,,88.4,,117.3,
133864,3,43.7,,,,,,,1,,,39.8,,39.6,,19.2,,79.9,,89.7,
133865,1,127.3,,,,,,172.3,,42.9,,41.9,,40,,41.5,,135.3,,124.2,
133866,1,55.9,,,,,,150.9,,24.5,4,36,,31.7,,29.7,,80,,,
133868,1,64.7,,,,,,153,,27.6,,35.3,,34,,28.1,,91.7,,104.7,
133870,1,95.5,,,,,,168.2,,33.8,,43.5,,38.5,,35.2,,106.1,,121,
133872,1,8.5,,69.3,,,,,,,,,,13.8,,14.8,,,,,
133874,1,62.1,,,,,,164.1,,23.1,,37,,34.2,,27.7,,81.8,,99,
133875,1,67.4,,,,,,164.6,,24.9,,37.7,,37.6,,30.1,,84,,94.3,
133876,1,23.8,,,,,,121.2,,16.2,2,,,26,,19,,56,,,
133877,1,59.7,,,,,,182.4,,17.9,,39.7,,38.3,,22.7,,81.4,,86.6,
133878,1,90.4,,,,,,172.8,,30.3,,39.6,,40.2,,32.4,,113.2,,106.8,
133881,3,64.1,,,,,,145.4,,30.3,,,1,30.5,,31.6,,,1,,1
133882,1,91,,,,,,157.1,,36.9,,38,,37.7,,36.2,,115.3,,126.1,
133883,1,121.1,,,,,,176.6,,38.8,,36.4,,42.5,,39.7,,129.7,,124.6,
133885,1,66.8,,,,,,159.9,,26.1,4,34,,35.6,,30.2,,93.2,,95.2,
133886,1,33.5,,,,,,143.5,,16.3,2,33.5,,31.5,,20.2,,63,,,
133888,1,52.9,,,,,,160.1,,20.6,2,41.9,,35.1,,29.3,,65,,83.2,
133889,1,32.8,,,,,,120.7,,22.5,4,,,26.9,,24,,70.6,,,
133892,3,33.1,3,,,,,139.3,,17.1,2,,1,28.6,,21,,,1,,
133893,1,97.3,,,,,,169.8,,33.7,,41.2,,37.5,,37.2,,116.2,,105.6,
133894,1,101.4,,,,,,191.2,,27.7,,43.6,,44.8,,34.5,,104.5,,111.6,
133895,1,69.3,,,,,,177,,22.1,,41.7,,36.8,,27,,74,,101.6,
133899,1,23.7,3,,,,,131.2,,13.8,1,26.6,,25.5,,17.5,,53.6,,,
133901,1,37.3,,,,,,133.6,,20.9,4,,,29.5,,25.6,,69.6,,,
133903,1,22.2,,,,,,128.2,,13.5,2,,,27.6,,17,,54.3,,,
133905,1,4.4,,54.1,,38.4,,,,,,,,,,,,,,,
133907,1,78.4,,,,,,173.1,,26.2,,40,,39.3,,32.2,,101.6,,100.6,
133909,1,64.4,,,,,,167.6,,22.9,,40,,38.4,,30.5,,78.8,,99.3,
133911,1,75.6,,,,,,158.8,,30,3,38,,34,,33,,88.4,,105.4,
133912,1,77.2,,,,,,162,,29.4,,37.7,,38,,32.8,,106,,112,
133913,1,50.3,,,,,,146.1,,23.6,3,33.6,,31.9,,27.5,,84.4,,,
133915,1,57.5,,,,,,159.5,,22.6,,38.7,,34,,29,,83.5,,95.8,
133916,1,92.5,,,,,,186.1,,26.7,,43.7,,43.8,,32.9,,109,,101.6,
133917,1,14.6,,90.2,,,,88.4,,18.7,4,,,17,,17.9,,50.6,,,
133918,1,50.2,,,,,,166.6,,18.1,2,39.1,,38.8,,24.9,,65.2,,83.3,
133919,1,105.7,,,,,,185.4,,30.8,,46.7,,46.1,,36.1,,114,,108.2,
133920,1,112.7,,,,,,173.1,,37.6,4,40.8,,43,,40.9,,124.2,,123,
133921,1,52.7,,,,,,156.3,,21.6,2,36.9,,35.5,,25.4,,79.8,,92.5,
133922,1,38.6,,,,,,126.5,,24.1,4,30.4,,26.8,,24.7,,71.2,,,
133923,1,59.5,,,,,,159.2,,23.5,,37.5,,36,,28,,84.5,,96.2,
133924,1,53.2,,,,,,158.7,,21.1,2,41.1,,35,,24.1,,72.2,,93.4,
133925,3,49,3,,,,,155.5,,20.3,2,,1,32.2,,25.9,,,1,,1
133930,1,68,,,,,,162.1,,25.9,,41,,36.8,,33.3,,94.7,,96.5,
133931,1,43.2,,,,,,154.6,,18.1,2,38,,32.5,,22.5,,63.4,,83.6,
133932,3,,,,,,,182.9,,,,44.9,,41,,43.9,,133,,119.4,
133933,1,89.2,,,,,,160.8,,34.5,,35.9,,34.6,,34.9,,108.5,,111.4,
133934,1,75,,,,,,157,,30.4,,34.3,,35.5,,31.3,,104,,112,
133936,1,57,,,,,,159.9,,22.3,2,38.2,,35,,26.7,,68.2,,91,
133937,1,77.6,,,,,,171.8,,26.3,,42.5,,37,,32.5,,89.6,,107.9,
133938,1,63.7,,,,,,165.7,,23.2,,39.5,,37.3,,27.2,,84.3,,100.8,
133939,1,17.6,,99.8,,,,98.5,,18.1,4,,,22.2,,19.2,,55,,,
133940,1,72.1,,,,,,157.3,,29.1,,37.4,,35.5,,30.8,,84.2,,113,
133941,1,58.5,,,,,,171.5,,19.9,2,41.3,,37.5,,26.7,,71.9,,91.6,
133942,1,13.2,,89,,,,88.4,,16.9,2,,,18.3,,16.7,,47.3,,,
133943,1,75.1,,,,,,162.3,,28.5,,36.2,,35.5,,30.1,,107,,100.8,
133945,1,92.5,,,,,,169.7,,32.1,,37.3,,39.6,,35.4,,108.4,,102.7,
133946,3,98.5,,,,,,180.4,,30.3,,,1,41.2,,31.6,,,1,,1
133948,1,58.9,,,,,,158.6,,23.4,2,36.9,,35,,30.2,,74.7,,95.4,
133949,1,85.4,,,,,,148.6,,38.7,4,35,,36.2,,38,,105.4,,118.3,
133950,3,64.8,,,,,,159.6,,25.4,3,,1,35.2,,30.4,,,1,,1
133951,1,69.8,,,,,,177.2,,22.2,,40,,38.6,,30.5,,81.3,,96.3,
133953,1,15.2,,,,,,103.2,,14.3,2,,,20.5,,15.6,,54.4,,,
133954,1,55.3,,,,,,156.8,,22.5,,36,,35.4,,28.7,,90.6,,97.1,
133955,1,83,,,,,,186.2,,23.9,,40.8,,39.9,,30.9,,100.1,,96.9,
133956,1,83.8,,,,,,159,,33.1,,36.7,,35.5,,36.8,,102.4,,112.9,
133957,1,77.7,,,,,,179.7,,24.1,,43.9,,40.2,,31,,94.9,,99.3,
133958,1,132.1,,,,,,172.3,,44.5,,39.5,,37,,43.8,,134,,121.4,
133959,1,92.7,,,,,,169.7,,32.2,,33.7,,39,,31.5,,120.7,,101,
133960,1,64.6,,,,,,171.6,,21.9,,33.3,,36.6,,27.4,,92.2,,93,
133961,1,8.2,,65.3,,44.5,,,,,,,,12.6,,14.8,,,,,
133964,1,33.4,,,,,,138,,17.5,2,30.7,,27.2,,21,,62.5,,,
133965,1,64.2,,,,,,155.6,,26.5,,34.6,,37.6,,29.9,,98.9,,99.7,
133966,1,76.3,,,,,,172.9,,25.5,,40,,37.1,,29.5,,103.7,,100.7,
133969,2,55.2,3,,,,,152,,23.9,,,1,,1,,1,,1,,1
133970,1,63,,,,,,181.2,,19.2,2,43.3,,39.4,,28.8,,76.5,,84.5,
133971,1,94.4,,,,,,176.9,,30.2,,41.6,,40,,36.7,,99.1,,110.4,
133972,1,84.5,,,,,,177.4,,26.9,,41.5,,41.6,,33.3,,105.9,,96.8,
133975,1,56.9,,,,,,173.3,,18.9,2,39.6,,38,,26.2,,72,,88.7,
133976,1,63.7,,,,,,151.3,,27.8,,36.3,,35.8,,29.8,,85.9,,101.6,
133978,1,79.1,,,,,,176.1,,25.5,,47.5,,39.5,,34.5,,92.4,,98.5,
133980,1,34.9,,,,,,130.4,,20.5,3,31,,30.1,,23.5,,70.4,,,
133981,1,71.3,,,,,,166.3,,25.8,3,37.9,,37.2,,30.1,,82.2,,102.7,
133982,1,67.1,,,,,,169.3,,23.4,2,40.3,,35.6,,31.4,,73.4,,94.6,
133984,1,98,,,,,,156,,40.3,,34,,35.2,,33,,117,,121,
133985,1,39.1,,,,,,130.3,,23,4,33,,27,,23.8,,73.5,,,
133986,1,84.3,,,,,,182.9,,25.2,,42.9,,40.8,,32.5,,102.4,,106,
133988,1,120.5,,,,,,162.1,,45.9,,35.7,,40.9,,41.5,,129.9,,149.1,
133989,1,10,,81.8,,,,,,,,,,15,,14.7,,,,,
133992,1,64.2,,,,,,162.5,,24.3,,35.8,,36.3,,30.5,,83.8,,97.4,
133993,1,20.9,,,,,,110.6,,17.1,3,,,22.4,,18.3,,55.3,,,
133994,1,108.8,,,,,,168.7,,38.2,,43.3,,41.2,,39.3,,117.4,,116.8,
133995,1,63.9,,,,,,169.1,,22.3,,38.9,,37.7,,28.5,,89.6,,93.8,
133996,3,23.7,,,,,,122.2,,15.9,2,,,23.5,,17.9,,,1,,
133997,1,60.3,,,,,,174.7,,19.8,2,40.6,,36.2,,27.9,,77.7,,97.3,
133998,3,54.3,,,,,,,1,,,,1,36.6,,23.5,,,1,,1
133999,1,68.2,,,,,,162.6,,25.8,,36.9,,36.2,,29.8,,93.3,,93.8,
134002,1,45.1,,,,,,155.9,,18.6,,36.7,,33.7,,23.8,,67.2,,85.9,
134003,1,78.1,,,,,,161.7,,29.9,,36.4,,36.7,,38.1,,89,,114.3,
134004,1,37.2,,,,,,129.8,,22.1,4,27.2,,26,,25.1,,68.4,,,
134005,1,115.5,,,,,,172,,39,4,42,,39.6,,39.7,,111.7,,126.2,
134006,1,72.1,,,,,,156.7,,29.4,,33.8,,35.5,,33.3,,101.8,,105.5,
134007,1,72.1,,,,,,149.3,,32.3,,32.5,,34.8,,32.7,,98.8,,109.3,
134010,1,67.2,,,,,,157.2,,27.2,,34.2,,36.5,,31,,90.9,,109,
134012,1,57.3,,,,,,173.6,,19,,40.7,,37,,24.5,,79.7,,88.5,
134013,1,61.1,,,,,,152.6,,26.2,,33.3,,32.2,,30,,95.8,,89,
134014,1,68.5,,,,,,171,,23.4,2,44.1,,34.2,,26.7,,80.8,,101.6,
134017,4,,,,,,,,,,,,,,,,,,,,
134019,1,68.1,,,,,,154.4,,28.6,,36.3,,35,,32.7,,96.4,,97.4,
134021,1,117,,,,,,178.4,,36.8,,41.8,,42.5,,42,,122.3,,128.5,
134022,1,49.6,,,,,,158.5,,19.7,,34.5,,31.8,,25.3,,66,,92.4,
134023,1,92.9,,,,,,175.2,,30.3,,41.1,,38.4,,34,,112.4,,100.5,
134024,1,60.9,,,,,,160.5,,23.6,,36.5,,36.5,,28.5,,86.7,,92.5,
134025,1,72.6,,,,,,160.2,,28.3,,35.6,,37.5,,31.5,,106.8,,107.8,
134026,1,18.5,,,,,,117.3,,13.4,1,,,25,,16.4,,50.8,,,
134027,1,163.5,,,,,,180,,50.5,,36,,40.9,,49.4,,150.2,,134.7,
134028,1,90.4,,,,,,170.4,,31.1,,38.2,,40.1,,34,,109.8,,116.7,
134029,1,88.1,,,,,,157.1,,35.7,,34,,34,,39.4,,100.5,,117.8,
134033,1,80.1,,,,,,174.1,,26.4,3,44,,38.8,,35.1,,88.5,,104.2,
134034,3,14.7,,94.7,,,,91.5,,17.6,3,,,,1,,1,,1,,
134035,1,55.8,,,,,,138.7,,29,4,30,,32.9,,31.2,,94.1,,,
134037,1,85.9,,,,,,177.1,,27.4,,43.9,,39,,32.8,,105.1,,101.2,
134038,1,56.4,,,,,,173.9,,18.7,2,42.2,,38.3,,24,,73.2,,90.1,
134039,1,62.4,,,,,,163.6,,23.3,,38.3,,35.5,,29.8,,85.8,,107.5,
134040,1,86.2,,,,,,176.1,,27.8,,40.6,,39,,33.5,,99.8,,101.6,
134041,1,37.6,,,,,,132.5,,21.4,3,32.4,,28.5,,23.5,,72.7,,,
134042,1,126.4,,,,,,178,,39.9,,38.5,,43.5,,41.2,,137.1,,132.3,
134043,1,112.4,,,,,,167.4,,40.1,4,41.4,,36.7,,40.2,,120.8,,120.7,
134044,1,82.6,,,,,,165.8,,30,,34,,37.6,,31.5,,105.3,,102.7,
134045,1,64.5,,,,,,162.8,,24.3,,35.6,,36,,29.3,,90.7,,101.7,
134046,1,107.6,,,,,,172,3,36.4,,39,,39.8,,38.4,,124.2,,133,
134047,1,77.6,,,,,,186.2,,22.4,,43.7,,40.5,,32,,81.7,,99.8,
134048,1,83.1,,,,,,176,,26.8,3,42.1,,42.5,,32.7,,107.2,,103.1,
134049,1,59.3,,,,,,154.6,,24.8,,31.6,,32.1,,30.2,,88.6,,101.5,
134050,3,156.1,,,,,,183.8,,46.2,,,1,38.4,,44.4,,149,,152.7,
134051,1,81.8,,,,,,152.7,,35.1,,33.8,,32.8,,34.6,,105.2,,124.6,
134052,4,,,,,,,,,,,,,,,,,,,,
134053,1,71.5,,,,,,172.1,,24.1,2,38.5,,36.4,,32.6,,77.5,,103.4,
134054,1,59.4,,,,,,155.6,,24.5,,35,,33.5,,28.7,,84.4,,97,
134055,1,77.5,,,,,,167.6,,27.6,,35.3,,37.2,,33.1,,108.5,,101.7,
134056,1,68.8,,,,,,174.7,,22.5,,40.2,,37.2,,27,,82.1,,92,
134057,1,107.9,,,,,,169.6,,37.5,,36.4,,39,,38.5,,119,,118.5,
134058,1,42.8,,,,,,145.9,,20.1,2,33.5,,31.9,,23.7,,73.1,,,
134059,1,48.8,,,,,,147,,22.6,3,37.8,,34.2,,27.5,,77.1,,,
134062,1,110.3,,,,,,180.3,,33.9,,40.1,,40.5,,36.7,,120,,111.6,
134064,1,94.5,,,,,,180.6,,29,,41,,40,,31.9,,109,,108.2,
134065,1,51.6,,,,,,170.6,,17.7,2,42.8,,36.5,,25.5,,68.4,,86.2,
134066,1,98.1,,,,,,173.8,,32.5,,41,,39.4,,38,,102.2,,117,
134068,1,104.3,,,,,,160.6,,40.4,,35,,39.7,,39.8,,125,,115,
134070,1,33.4,,,,,,135.2,,18.3,2,33,,29,,22,,62.2,,,
134071,1,58,,,,,,155,,24.1,2,36,,34.5,,29.2,,78.4,,94,
134072,1,50.5,,,,,,151.9,,21.9,2,35.8,,33.9,,26.3,,67.1,,90.5,
134073,1,85.6,,,,,,169.7,,29.7,,41.4,,39.9,,35.4,,96.1,,98.1,
134075,1,105.4,,,,,,166.7,,37.9,,38.6,,38.2,,39.7,,121.6,,113,
134077,1,128.7,,,,,,165.7,,46.9,,35.7,,39.2,,42.7,,134.8,,149,
134078,1,22.6,,,,,,118,,16.2,2,,,24.6,,18.9,,55.5,,,
134079,1,92.3,,,,,,174.8,,30.2,,37.3,,39.8,,33.3,,112.3,,96.9,
134080,3,66.9,3,,,,,161.3,,25.7,,41,,,1,,1,,1,99.6,
134081,1,64.1,,,,,,157.3,,25.9,,33.3,,34.5,,30.5,,84.6,,107.5,
134082,1,74.9,,,,,,170.6,,25.7,,39.7,,40.6,,32.7,,90.5,,92.3,
134083,1,57.7,,,,,,156.3,,23.6,,37.8,,35.1,,27.9,,81.6,,101.7,
134084,1,79.7,,,,,,158.3,,31.8,,39,,38.3,,32,,111.8,,116.4,
134086,1,19.7,,108.7,,,,107.4,,17.1,3,,,22,,18.8,,52.7,,,
134087,4,,,,,,,,,,,,,,,,,,,,
134088,1,92.7,,,,,,176.9,,29.6,,41.3,,40.5,,34.9,,105.8,,106.7,
134089,1,58.5,,,,,,150.1,,26,3,37.4,,33.6,,29.1,,83.5,,95.6,
134090,1,78,,,,,,162.4,,29.6,,37.5,,36.2,,33.6,,100,,113,
134091,1,101.5,,,,,,172.5,,34.1,,39,,37.7,,36,,114.5,,112.8,
134092,1,65.8,,,,,,161.1,,25.4,,37.4,,36.7,,30.3,,91,,101.6,
134093,1,61.4,,,,,,155.3,,25.5,,35.1,,35.5,,31.3,,92,,97,
134095,1,97.2,,,,,,171.4,,33.1,,33.2,,42.9,,38,,112.4,,116.5,
134096,1,58.6,,,,,,175.9,,18.9,,42.7,,40,,27,,74.9,,87.7,
134097,3,14.9,3,93,,,,90.6,,18.2,3,,,,1,,1,49,,,
134098,1,93.9,,,,,,181.1,,28.6,,46.6,,41.5,,33,,104.8,,106.5,
134099,1,72,,,,,,179.9,,22.2,,43.5,,40.2,,31.8,,81.1,,95.7,
134100,1,79,,,,,,169.8,,27.4,,36.2,,38.1,,32.2,,100.2,,99.8,
134101,1,80.7,,,,,,162.5,,30.6,4,35,,35.5,,33.7,,102,,106.8,
134105,1,66.4,,,,,,162.9,,25,3,37.4,,34.1,,28.6,,81.5,,104.6,
134106,1,63.5,,,,,,156.1,,26.1,,31.6,,35.2,,30.3,,94.7,,94.1,
134109,1,74.8,,,,,,165.8,,27.2,,36.3,,36.5,,32.7,,90.9,,97.6,
134110,1,72.4,,,,,,162.1,,27.6,,36.2,,38.1,,31.1,,100.1,,96.8,
134111,1,57.3,,,,,,165.3,,21,2,36,,37.4,,29.4,,69,,86.9,
134112,1,60.9,,,,,,160,,23.8,,39.7,,35.5,,29.5,,90.2,,95.2,
134113,1,86.9,,,,,,172.5,,29.2,,42,,42.5,,33.7,,116.8,,101.3,
134114,1,62.6,,,,,,154.7,,26.2,,37.7,,30.5,,32.2,,87,,95.7,
134115,1,118.7,,,,,,169.3,,41.4,,38.9,,40.1,,40.2,,132.6,,135,
134119,1,134.8,,,,,,181.2,,41.1,,41.6,,42.1,,45.6,,132,,130.5,
134122,1,39.3,,,,,,153.1,,16.8,2,38.9,,32.3,,21.2,,60.5,,,
134125,1,88.7,,,,,,170.4,,30.5,4,39,,38.5,,34.6,,110.2,,104,
134128,1,42,,,,,,125.6,,26.6,4,,,27.1,,26,,75.5,,,
134129,1,75.7,,,,,,161.7,,29,,37.6,,38.5,,28.8,,88.9,,112.6,
134132,1,40.4,,,,,,145.9,,19,2,36.6,,32.7,,23.2,,69.5,,,
134134,1,82.1,,,,,,176,,26.5,,41.6,,41,,31.3,,100.8,,105.4,
134135,3,68.6,3,,,,,173.4,,22.8,,,1,38.2,,32.3,,,1,,1
134137,1,130.1,,,,,,171.5,,44.2,,37.9,,36.6,,42.5,,128.7,,125.1,
134141,1,52.9,,,,,,157.2,,21.4,,36,,32.1,,26.6,,83.8,,90.9,
134142,1,65,,,,,,174.5,,21.3,,38.3,,40,,29.5,,80,,94.6,
134144,3,80.1,,,,,,172.2,,27,,39.4,,39.7,,32.1,,,,,
134145,1,138.3,,,,,,182.2,,41.7,,42,,39,,41.3,,132.9,,138.8,
134146,1,90.3,,,,,,162.1,,34.4,,35.4,,37,,36.2,,108.1,,116.5,
134147,1,81,,,,,,165.4,,29.6,,35.8,,39,,33.2,,102.7,,99.1,
134148,1,47.3,,,,,,166.6,,17,,34.5,,30.8,,22.2,,69.9,,84.8,
134149,1,82.6,,,,,,165.4,,30.2,3,40,,36,,32.7,,105.2,,109.6,
134151,1,72.8,,,,,,156.2,,29.8,,31.3,,32.6,,31.7,,106.2,,104.4,
134154,1,62.1,,,,,,151,,27.2,,32.1,,35.4,,31.7,,90.8,,94.3,
134156,1,120.1,,,,,,186.4,,34.6,,43.2,,43,,42.4,,124.6,,116.1,
134160,1,22.1,,,,,,125.6,,14,2,29.6,,25.2,,17.5,,51.3,,,
134161,1,76.4,,,,,,173.8,,25.3,,43,,41,,30.9,,104.4,,95.6,
134163,1,96.3,,,,,,169.3,,33.6,,39.2,,38.9,,37.5,,109.6,,109.3,
134164,1,85.4,,,,,,189,,23.9,,46.2,,41.1,,32.9,,86.8,,103,
134165,1,67.5,,,,,,167.4,,24.1,2,40.1,,34.5,,30.7,,80.4,,99.2,
134166,1,72.7,,,,,,164.7,,26.8,,39,,37.6,,30.3,,95.9,,100.7,
134168,1,83.3,,,,,,173,,27.8,,38.8,,37.3,,33.3,,95.8,,99.6,
134169,1,55.3,,,,,,157.1,,22.4,2,35,,35.1,,29,,72.2,,94.8,
134171,3,42.9,3,,,,,151.1,,18.8,,,1,31.5,,24.1,,78.3,,,1
134172,1,99.8,3,,,,,153.9,,42.1,,34.7,,34.7,,38.1,,121.4,,134.6,
134173,1,78.1,,,,,,178.5,,24.5,,40.6,,38.6,,32.9,,93.1,,98.1,
134174,1,68.4,,,,,,164.2,,25.4,3,39.3,,35.4,,32.5,,91.6,,98.2,
134176,1,95,,,,,,189.7,,26.4,,46.7,,39.7,,37,,85,,107.2,
134178,1,70.1,,,,,,164.7,,25.8,,38.9,,37.5,,32,,95.5,,98,
134180,1,12.8,,89.6,,,,88.6,,16.3,2,,,17.1,,16,,49.5,,,
134181,1,53.4,,,,,,173.6,,17.7,,42.1,,40.5,,20,,77,,86.5,
134182,1,111.3,,,,,,170,,38.5,,40,,37.8,,36.3,,128.7,,132.1,
134183,1,86,,,,,,167.8,,30.5,,39,,38,,33,,108.4,,104.2,
134184,1,80.6,,,,,,160.2,,31.4,,39,,35.3,,32.8,,92,,115,
134185,1,54,,,,,,176.5,,17.3,,42,,37.8,,24,,70.6,,86.5,
134186,1,48.4,,,,,,158.2,,19.3,2,37.5,,34.5,,25.9,,70.2,,89.5,
134187,1,60.1,,,,,,150,,26.7,,35.3,,33.5,,27.9,,87.6,,97.2,
134188,1,98.4,,,,,,159,,38.9,,36.3,,38.7,,39.6,,119.4,,129.6,
134189,1,107.2,,,,,,178,,33.8,,40.1,,42.4,,40.1,,114.3,,111.6,
134190,1,113.7,,,,,,183.8,,33.7,,44,,40.6,,39,,122.3,,114.5,
134191,1,82.8,,,,,,170.6,,28.4,3,40.4,,38.4,,35.5,,90.1,,102.7,
134193,1,113.8,,,,,,183.2,,33.9,,43,,42,,38.3,,123.1,,113.2,
134194,4,,,,,,,,,,,,,,,,,,,,
134197,1,67.8,,,,,,170.7,,23.3,,40.5,,39.2,,29.7,,80.9,,95.8,
134198,1,102.5,,,,,,174.9,,33.5,,41.2,,39.7,,39.1,,109.2,,125.4,
134199,1,25.2,,118.8,,,,117.5,,18.3,4,,,24.5,,20.5,,59.8,,,
134201,1,66.1,,,,,,153.7,,28,,36,,35,,33,,89.8,,104.7,
134203,1,101.8,,,,,,179.8,,31.5,,41.5,,39,,38.8,,108.6,,113.7,
134204,1,75.1,,,,,,171.3,,25.6,,39.1,,40.4,,27.8,,100.8,,101.5,
134206,1,67.6,,,,,,163.5,,25.3,,36.2,,37.8,,28.4,,91.9,,101.7,
134208,1,104,,,,,,186.5,,29.9,,41.6,,43,,34.2,,113.1,,108,
134209,1,75.4,,,,,,179.4,,23.4,,42.1,,40.5,,31.3,,89.6,,96,
134210,1,98.1,,,,,,159.4,,38.6,,33.8,,36.8,,36.9,,106.7,,134.3,
134211,1,123.7,,,,,,178.7,,38.7,,32.8,,43.4,,40.9,,123.6,,120.4,
134212,1,70.3,,,,,,170.4,,24.2,,39.8,,38.5,,27.8,,96,,97.9,
134214,1,25.9,,,,,,121.1,,17.7,2,,,26.2,,20.2,,63.7,,,
134215,1,82,,,,,,175.6,,26.6,,42,,39.7,,31.8,,84,,114.5,
134217,1,96.4,,,,,,163.5,,36.1,,43.5,,38.5,,37.5,,96.4,,124.7,
134218,1,97.1,,,,,,170.7,,33.3,4,42.4,,39.7,,35.2,,98.5,,115.8,
134221,1,122.7,,,,,,172.7,,41.1,,42,,40.5,,41.6,,127.7,,124.6,
134222,1,92.7,,,,,,179.8,,28.7,,44.2,,40.2,,32.6,,105.9,,106.1,
134223,1,100.5,,,,,,175,,32.8,4,45.2,,40,,36,,102,,118,
134224,1,29.3,,,,,,132.1,,16.8,2,29.5,,26.3,,21.2,,60.8,,,
134225,1,59.2,,,,,,152.8,,25.4,3,33,,35,,27.7,,80.5,,96,
134226,1,93.3,,,,,,169.7,,32.4,4,38,,38.9,,33.5,,113.6,,110.1,
134227,1,65.7,,,,,,155.4,,27.2,,34,,35.2,,30,,102.3,,96.2,
134229,1,23.5,,,,,,120,,16.3,2,,,25,,17.6,,56,,,
134230,1,62.6,,,,,,165.8,,22.8,,38,,37.3,,29.9,,87,,91.2,
134231,1,96,,,,,,180.2,,29.6,,43.5,,43.4,,36.4,,107.1,,106.2,
134232,1,122.6,,,,,,168.9,,43,,35.8,,39,,39,,141,,134,
134233,1,48.3,,,,,,155.1,,20.1,2,38,,34.5,,25.3,,73.9,,86.2,
134234,1,83.6,,,,,,168.2,,29.5,,39.5,,37,,33.8,,92,,113,
134235,1,72.1,,,,,,155.1,,30,,35.9,,37.1,,31.6,,93.7,,106.7,
134237,1,59.1,,,,,,156.6,,24.1,,30.6,,36.5,,27.2,,96.5,,98.4,
134238,1,79.8,,,,,,169.3,,27.8,,39,,38.2,,31.6,,99.8,,102.3,
134240,1,90.6,,,,,,150.5,,40,,35,,38.4,,36.1,,112.5,,139.3,
134241,1,96.6,,,,,,170.9,,33.1,,41.7,,41,,34.2,,120.7,,104.3,
134242,1,15,,,,,,98.9,,15.3,2,,,20,,16.9,,46.6,,,
134243,1,77.7,,,,,,167.7,,27.6,4,43.9,,38.2,,30.9,,85,,107.8,
134244,1,105.3,,,,,,175.7,,34.1,,37,,38.4,,40.5,,109.9,,106.9,
134247,1,77.1,,,,,,187.3,,22,,47.1,,40.8,,31,,96.5,,98.6,
134249,1,84,,,,,,171,,28.7,,39.8,,37.7,,34.2,,102.2,,112.1,
134250,1,69.3,,,,,,159.7,,27.2,,37.4,,37.2,,31,,88,,106.3,
134251,1,20.4,,,,,,119.7,,14.2,2,,,24,,16.6,,52.7,,,
134252,1,26,,,,,,128.6,,15.7,2,30.8,,26.8,,19.5,,56.1,,,
134253,1,83.6,,,,,,156,,34.4,,33.6,,34.3,,36.3,,101,,109,
134254,3,111.3,3,,,,,152.8,,47.7,,36,,36,,36.2,,,1,,1
134255,1,85.9,,,,,,185.3,,25,,43.4,,41,,32.7,,96.4,,99.4,
134257,1,73.9,,,,,,153.9,,31.2,,34,,33.5,,31.1,,95.4,,108.2,
134258,1,64.4,,,,,,183.2,,19.2,2,42.6,,40,,27.9,,71.6,,89.8,
134259,1,100.2,,,,,,168.3,,35.4,,39.5,,39.9,,39.3,,113.3,,116.7,
134260,1,25.7,,,,,,123.7,,16.8,2,32.5,,26.8,,19.6,,59.3,,,
134262,1,60.6,,,,,,157.8,,24.3,,33.2,,36.6,,28.2,,88.7,,97,
134264,1,77.4,,,,,,164.8,,28.5,,36.5,,39.1,,32.5,,101.7,,106.1,
134265,1,107,,,,,,165.2,,39.2,,35.9,,39.7,,39.3,,108,,125.4,
134266,2,75.5,4,,,,,170,,26.1,,,1,,1,,1,,1,,1
134268,1,122.4,,,,,,174.5,,40.2,,38.8,,37,,42.5,,112.5,,141.8,
134269,1,73.5,,,,,,158.5,,29.3,4,38.8,,35.5,,31.9,,87.5,,106.7,
134271,1,101.1,,,,,,163.7,,37.7,,36.1,,39.9,,43.8,,124.6,,120.9,
134272,1,53.6,,,,,,153,,22.9,,34.4,,32.3,,26.1,,81,,93.2,
134273,1,76.9,,,,,,164.6,,28.4,,35.4,,38.5,,32.7,,102,,100,
134274,1,5.8,,56.6,,38,,,,,,,,,,,,,,,
134276,1,75.8,,,,,,169,,26.5,,39.8,,33.7,,32.8,,90.7,,100.8,
134279,1,23.5,3,,,,,122.3,,15.7,2,,,24.6,,18.1,,53.5,,,
134280,1,56.2,,,,,,168.1,,19.9,,40.4,,36.3,,25.4,,74.4,,98.8,
134281,1,80,,,,,,171.4,,27.2,,37.2,,42,,33.4,,104,,96,
134282,1,68.8,,,,,,155.4,,28.5,,33.8,,36.8,,34,,101.1,,105.5,
134283,1,73.1,,,,,,150.9,,32.1,,30.8,,32.3,,33,,107.2,,110.3,
134284,1,78.1,,,,,,153.2,,33.3,4,34.9,,36.5,,33.9,,96,,109.3,
134288,3,,1,,,,,160.4,,,,37,,33.2,,30.2,,83.1,,93.4,
134290,1,4.5,,54.9,,37,,,,,,,,,,,,,,,
134292,1,58.7,,,,,,153.6,,24.9,,31.6,,35.5,,30.8,,91.3,,90,
134295,1,98.4,,,,,,153.9,,41.5,4,38.8,,35.1,,36.6,,111.9,,,
134296,1,74.5,,,,,,154.2,,31.3,,34.5,,36,,33.7,,114.7,,109.3,
134297,1,68.3,,,,,,160.3,,26.6,,35.2,,39,,33,,85.5,,104,
134298,1,70.1,,,,,,159.2,,27.7,,39.6,,33.3,,35.2,,89.8,,100.8,
134300,1,19.1,,,,,,96.8,,20.4,4,,,17.2,,19.3,,55.1,,,
134301,1,75.3,,,,,,181.6,,22.8,,44.1,,40,,31,,89.9,,95.7,
134302,1,77.7,,,,,,168,,27.5,,41.8,,37.8,,33.5,,98.9,,98.1,
134303,1,89.3,,,,,,157.1,,36.2,,32.5,,33.5,,33.9,,120.5,,122.7,
134304,1,101.5,,,,,,168.5,,35.7,,41.6,,39.6,,38.4,,109.4,,111.9,
134306,1,61.2,,,,,,153.2,,26.1,2,37.4,,34,,28.7,,78.8,,98,
134307,1,86.8,,,,,,168.2,,30.7,4,44,,38.8,,36.6,,100.4,,107.4,
134309,1,54.1,,,,,,170.2,,18.7,,38.7,,36.2,,24.5,,79.6,,83.5,
134310,1,74.2,,,,,,177.7,,23.5,,40,,40.9,,31.5,,94,,93.2,
134311,1,85.4,,,,,,159.1,,33.7,,35.3,,39.2,,39.7,,109.3,,114.3,
134312,1,76.6,,,,,,157,,31.1,,36.4,,35,,30.2,,95.6,,117.4,
134314,1,87.3,,,,,,174,,28.8,,40.6,,37.5,,33.6,,99.1,,103.4,
134315,1,102.7,,,,,,175.5,,33.3,,40.1,,43.7,,35.6,,121.3,,126.8,
134316,1,76.1,,,,,,174.9,,24.9,,40.5,,41.3,,31,,99,,102.2,
134318,1,24.7,,,,,,114.3,,18.9,4,,,25.5,,20.3,,62.8,,,
134319,1,50.5,,,,,,162.6,,19.1,2,39.9,,36.6,,22.8,,73,,86.7,
134320,1,56.4,,,,,,145.2,,26.8,,32.7,,34.1,,32.6,,93.6,,99.2,
134321,1,39.4,,,,,,116.6,,29,4,,,25.7,,26,,82.1,,,
134323,1,64,,,,,,161,,24.7,,37.7,,35.9,,30.8,,94.2,,100.4,
134324,3,124.9,3,,,,,167.7,,44.4,,,1,38.5,,43.3,,133.7,,,1
134325,1,31.8,,,,,,141.6,,15.9,2,,,28.6,,19,,61.4,,,
134327,1,79.8,,,,,,172.6,,26.8,,35,,39.4,,31.4,,95.3,,98.6,
134329,1,60.5,,,,,,159.7,,23.7,,39.4,,36,,29.5,,87.3,,89,
134330,1,112.4,,,,,,175.5,,36.5,,44,,40,,41,,117.4,,118.5,
134331,1,96.6,,,,,,180.5,,29.6,,40.2,,40.8,,35.6,,105.4,,106.2,
134332,1,105.8,,,,,,161,,40.8,,37.8,,37.2,,43.2,,105.1,,127.7,
134333,1,57.5,,,,,,160,,22.5,3,37.2,,35,,26.4,,81.9,,90.4,
134334,1,116.3,,,,,,177.2,,37,,39.5,,41.3,,40.3,,130,,118.7,
134336,1,56.9,,,,,,159.1,,22.5,,36.1,,34.8,,26.6,,78,,101.2,
134337,1,100.4,,,,,,160.4,,39,,31.6,,35.8,,40.5,,125.4,,138.5,
134339,1,79.6,,,,,,173.4,,26.5,,36.7,,40.2,,30,,100,,98.4,
134340,1,61.3,,,,,,159.1,,24.2,2,36.4,,35.2,,29.4,,83,,95.6,
134341,1,76.5,,,,,,162.9,,28.8,,38,,36.7,,33.9,,101.4,,104.4,
134342,3,,1,,,,,161.3,,,,,1,,,45.8,,,1,,1
134343,1,63.8,,,,,,183.4,,19,,41,,35.9,,26.3,,79.4,,88.2,
134345,1,70.5,,,,,,175.4,,22.9,,39.5,,38.5,,34.3,,81.7,,94.2,
134346,1,53.2,,,,,,160.3,,20.7,2,37.4,,33.5,,28.4,,62.8,,81.2,
134347,1,76.4,,,,,,173.3,,25.4,3,39.3,,36.8,,29.5,,86.9,,105.2,
134348,1,192.1,,,,,,167.5,3,68.5,,39.5,,40,,51,,170,,187.1,
134349,1,32.8,,,,,,140.5,,16.6,2,33.5,,30.3,,20.3,,55,,,
134350,1,90.6,,,,,,171.7,,30.7,,39.7,,38.8,,35,,103.4,,115.5,
134353,1,72.8,,,,,,176.5,,23.4,,44.5,,37.5,,33.2,,84,,94.6,
134354,1,118.5,,,,,,175.6,,38.4,,44.2,,38.9,,43.3,,118.2,,123.5,
134356,1,101.6,,,,,,171.2,,34.7,,31.7,,38.4,,37.7,,120.5,,118.9,
134357,1,31.6,,,,,,150.5,,14,1,36.5,,32,,18.6,,57,,74,
134359,1,54.5,,,,,,166.2,,19.7,,39.8,,38.3,,26.9,,82.5,,88.5,
134360,1,8.7,,72.8,,,,,,,,,,13.8,,15.6,,,,,
134362,1,75.8,,,,,,162.9,,28.6,,36.7,,36.8,,34.2,,96,,102,
134363,1,15.2,,,,,,97.4,,16,2,,,19.7,,16.9,,46.6,,,
134365,1,34.7,,,,,,133.2,,19.6,2,34.3,,27.5,,22.8,,68.9,,,
134366,1,70.2,,,,,,154.6,,29.4,,35,,33.9,,29.5,,102.1,,108.7,
134369,1,76.7,,,,,,171.9,,26,,40.2,,38.4,,31.4,,106.4,,102.1,
134371,1,120.5,,,,,,177.9,,38.1,4,44,,38.9,,41.2,,120.9,,124.5,
134372,1,70.5,,,,,,166.8,,25.3,3,41,,36.5,,30.1,,81.3,,105.2,
134373,3,80.4,,,,,,161.7,,30.7,,,1,38.4,,35.3,,95.5,,,1
134375,1,103.3,,,,,,169.3,,36,,39,,39.9,,37,,118.6,,132.1,
134377,1,65.5,,,,,,149.9,3,29.1,,32.6,,35,,29.5,,105.6,,104,
134378,1,104.9,,,,,,179.6,,32.5,,42,,44.2,,34,,126.7,,109.7,
134379,1,66,,,,,,157.3,,26.7,,37.2,,34,,30.1,,90.3,,101.6,
134380,3,79.3,,,,,,159,,31.4,,,1,34.2,,37,,,1,,1
134381,1,76.1,,,,,,176.6,,24.4,,40.8,,38.5,,30.4,,97.2,,96.2,
134382,3,95.4,3,,,,,154.7,,39.9,,,1,34.4,,38.7,,121.7,,,1
134383,1,82.2,,,,,,156.4,,33.6,,38.1,,35.9,,35.6,,106.4,,120.7,
134385,1,75.6,,,,,,167.4,,27,,38.8,,34.7,,33.1,,85.1,,107.9,
134386,1,6.3,,61.8,,41.6,,,,,,,,12,,13.6,,,,,
134388,1,64.4,,,,,,162.9,,24.3,,37.4,,35.4,,28.2,,85.8,,102.7,
134389,1,82.5,,,,,,170.7,,28.3,,42,,39.7,,33,,96.5,,113,
134391,1,28.2,,,,,,133.9,,15.7,2,31.3,,28.6,,19.5,,60,,,
134392,1,59.7,,,,,,157.1,,24.2,,37.6,,36,,28,,86.5,,96.7,
134393,1,99.2,,,,,,159.1,,39.2,,30.3,,36.6,,41.7,,120.9,,129.1,
134394,3,107.2,,,,,,164.8,,39.5,,,1,36.2,,41.3,,,1,,1
134397,1,68.6,,,,,,162.9,,25.9,4,37.6,,34.2,,32.4,,92.9,,,
134398,1,69.7,,,,,,160.2,,27.2,,38.8,,36.7,,28.8,,94.9,,107.2,
134399,4,,,,,,,,,,,,,,,,,,,,
134400,1,61,,,,,,173,,20.4,,37.5,,34.4,,26.6,,75.2,,97,
134401,1,80.9,,,,,,178.9,,25.3,,40.1,,39,,30.6,,93,,108,
134402,1,66.2,,,,,,174.6,,21.7,2,41.1,,37.5,,29.4,,75.1,,93.9,
134403,1,96.4,,,,,,166,,35,,37.3,,37,,36.9,,115.8,,118.4,
134404,1,67.6,,,,,,154.1,,28.5,,36.8,,34.3,,33.5,,86.9,,102.4,
134405,1,73.4,,,,,,175.6,,23.8,,41.4,,40.5,,30.4,,92,,99.8,
134406,1,66.7,,,,,,163.8,3,24.9,,36.7,,36.7,,26.9,,97.8,,98,
134407,1,69.7,,,,,,156.6,,28.4,,31.6,,34.5,,34.5,,96.4,,102.7,
134408,1,78,,,,,,172.7,,26.2,,39.6,,39.2,,29.9,,103.1,,97.7,
134409,1,89,,,,,,179.1,,27.7,,41.5,,41.7,,34.5,,100.5,,106.6,
134410,1,86.6,,,,,,166.4,,31.3,,36.7,,36.2,,35.2,,110.7,,116,
134411,1,53.2,,,,,,173.3,,17.7,,40,,34.4,,26.4,,76.7,,82.9,
134412,1,53.4,,,,,,152.3,,23,2,36,,35.3,,26.4,,89.6,,92.3,
134413,1,248.2,,,,,,189.8,,68.9,,41.8,,49.1,,54.5,,187,,180.4,
134414,1,63.7,,,,,,164.2,,23.6,,36.2,,37.2,,28,,79.7,,99.3,
134417,1,90.3,,,,,,154.9,,37.6,,32.5,,39,,33,,117.7,,127.8,
134420,1,35.6,,,,,,130.1,,21,4,,,27.5,,24.5,,75.6,,,
134421,1,84.1,,,,,,168.9,,29.5,,37.5,,36.6,,32.4,,105.2,,104,
134425,1,63.2,,,,,,157,,25.6,,35.4,,34,,29,,96.1,,101.7,
134427,1,59.8,,,,,,165.1,,21.9,,38.2,,33.5,,27.6,,82.2,,96.7,
134429,1,77.2,,,,,,158.3,,30.8,,34.8,,36,,35.2,,109.6,,111,
134430,1,87.3,,,,,,177.2,,27.8,,40.6,,41.6,,35.3,,99.2,,102.3,
134431,1,111.2,,,,,,174.4,,36.6,,40.1,,38.5,,37.8,,120.5,,109.2,
134432,1,131.4,,,,,,187,,37.6,,44.9,,41,,42.7,,127.7,,125.2,
134433,1,46.3,,,,,,146.9,,21.5,4,33.7,,32,,24.5,,76,,,
134435,1,47.6,,,,,,167.5,,17,,39.8,,37.5,,25.9,,74,,84.1,
134440,1,12.9,,92,,,,90.2,,15.9,2,,,17,,14.5,,47.2,,,
134441,1,61.8,,,,,,153.6,,26.2,,28.9,,34.9,,29.7,,86.1,,101.4,
134443,1,70.6,,,,,,169.9,,24.5,,37.3,,36.3,,30.3,,92.4,,93.3,
134444,1,24.8,,,,,,123.3,,16.3,2,28.3,,27.2,,19.6,,57.6,,,
134446,1,79.6,,,,,,175.7,,25.8,,46.1,,40.5,,32.7,,90.1,,99.8,
134448,1,15.3,,99.2,,,,96.9,,16.3,2,,,20.2,,16.7,,50.2,,,
134449,1,88,,,,,,161.9,,33.6,4,40.2,,36.8,,37.1,,109.1,,114.2,
134450,3,123.5,,,,,,166,,44.8,,34.9,,37.4,,39,,,1,145.5,
134452,1,112.2,,,,,,183.1,,33.5,,42,,38.6,,36.4,,123.2,,112.8,
134453,1,52.4,,,,,,164.1,,19.5,,38.7,,36,,26,,80.2,,91.5,
134454,1,85.9,,,,,,162.7,,32.5,,34.6,,36.2,,35.3,,109.5,,118.2,
134455,1,53.1,,,,,,162.8,,20,2,39.2,,34.2,,26.2,,72.5,,86.2,
134456,1,86.4,,,,,,177.4,,27.5,,39,,42,,31.8,,98.8,,105.3,
134457,2,73.2,,,,,,172,,24.7,,,1,,1,,1,,1,,1
134460,1,43.3,,,,,,163.7,,16.2,1,38.3,,37.1,,22.2,,62,,79.4,
134461,1,51.4,,,,,,167.1,,18.4,2,40.5,,36.7,,24.4,,65.8,,91.2,
134462,1,86.1,,,,,,172,,29.1,,41.8,,39.9,,37.8,,93.2,,109.3,
134463,1,54.6,,,,,,170.2,,18.8,2,39.9,,35.6,,25.2,,68.8,,83.3,
134464,1,47.3,,,,,,153.9,,20,,37.2,,32.6,,25,,66.1,,86,
134466,1,111.3,,,,,,157.2,,45,,39.1,,38,,45.7,,108.3,,140.1,
134467,1,65.8,,,,,,167,,23.6,,40.2,,37.1,,28.7,,82.6,,111.2,
134468,1,90.7,,,,,,185.1,,26.5,,41.3,,38.7,,33.5,,99.6,,107.5,
134469,2,51.6,,,,,,164.5,,19.1,2,,1,,1,,1,,1,,1
134470,1,73.2,,,,,,167.6,,26.1,,36.3,,36.5,,28.7,,94.4,,90.8,
134471,1,119.3,,,,,,161.3,,45.9,,39.8,,38,,46.9,,133.9,,135.6,
134472,1,86.4,,,,,,172.5,,29,,41.5,,37.2,,33.3,,98.4,,108.9,
134473,1,28.4,,,,,,132.2,,16.3,2,30,,28,,19.8,,57.7,,,
134475,1,95.1,,,,,,164.2,,35.3,,35.4,,36.4,,39.3,,105,,125.5,
134477,1,90.2,,,,,,161.2,,34.7,,36,,33,,34,,118.4,,112,
134478,1,52.4,,,,,,164.8,,19.3,,38.4,,38.2,,24.5,,76.8,,86.7,
134479,1,79.3,,,,,,169.2,,27.7,,37,,37.3,,30.5,,104.9,,103.3,
134481,1,14.3,,91.5,,,,90.1,,17.6,2,,,19.2,,16.4,,47.2,,,
134482,1,58.3,,,,,,166.8,,21,,36.1,,34,,29.5,,77.5,,88.6,
134483,1,24.1,,,,,,116.7,,17.7,2,,,25.3,,21.7,,60,,,
134485,1,61.2,,,,,,169.2,,21.4,2,40.1,,38.5,,28.4,,77.9,,91.3,
134487,1,117.1,,,,,,168.7,,41.1,,37,,39,,40.7,,127.4,,120.1,
134488,1,78.7,,,,,,160.1,,30.7,,34.3,,38.5,,32.4,,107.2,,103.3,
134489,1,69.1,,,,,,156.5,,28.2,,34.3,,34.6,,30,,96.5,,106.1,
134490,1,69.5,,,,,,172.9,,23.2,,41.5,,39.4,,30,,90.4,,95.7,
134491,1,88.1,,,,,,161.2,,33.9,,36.7,,37,,34.1,,109.7,,119,
134493,1,94.6,,,,,,177.5,,30,,44.5,,39.8,,39.8,,102.4,,109.5,
134494,1,59.6,,,,,,145.6,,28.1,4,31.6,,34.5,,30.5,,96.6,,,
134495,1,67.8,,,,,,166.7,,24.4,,39.9,,36.8,,32.2,,89.4,,93.8,
134496,1,84.7,,,,,,169.5,,29.5,,39.5,,38.9,,35.1,,105.4,,101.5,
134497,1,89.4,,,,,,171.2,,30.5,,36.9,,39.4,,37.4,,109.9,,104.1,
134500,1,19.2,,,,,,110.2,,15.8,2,,,23.9,,18,,55.9,,,
134501,1,82.9,,,,,,169.1,,29,,39,,36.6,,31.8,,97.7,,104.3,
134502,1,92,,,,,,182.6,,27.6,,44.2,,41,,31.6,,115,,103.9,
134503,1,69.2,,,,,,159.9,,27.1,,39.4,,36.5,,32.5,,93.2,,96.7,
134505,3,123.9,,,,,,165.5,,45.2,,,1,38,,41.3,,,1,,1
134506,1,63.3,,,,,,149.7,,28.2,,34.2,,34.3,,31.6,,92.5,,101.6,
134507,1,66.8,,,,,,170.1,,23.1,,39.3,,37.3,,27,,81.3,,102.2,
134508,1,38.9,,,,,,147.1,,18,2,36.1,,32.2,,22.2,,63.9,,,
134510,1,97.4,,,,,,166.2,,35.3,,39.8,,35.2,,38.6,,112,,127.9,
134511,1,111.5,,,,,,168.6,,39.2,,37,,37,,40.2,,113.7,,134,
134512,1,95.1,,,,,,190.7,,26.2,3,44.8,,41,,33.2,,93,,104.5,
134513,1,66.1,,,,,,172.7,,22.2,2,41.2,,39.4,,28.8,,81.3,,91.4,
134514,1,98.4,,,,,,168.8,,34.5,,44.5,,37.5,,36.2,,108.2,,123,
134515,1,102.1,,,,,,172.2,,34.4,,39.5,,39,,38.2,,118.5,,106.9,
134516,1,102.6,,,,,,179.1,,32,,40.9,,42.2,,37.1,,115.1,,107.7,
134517,1,102,,,,,,181.7,,30.9,,43.5,,45,,39.4,,118.8,,110.9,
134519,1,93.3,,,,,,162.3,,35.4,,35.9,,33.4,,37.6,,117.7,,114.1,
134520,1,21.7,,107.3,,,,106.6,,19.1,4,,,23.4,,18.9,,57.4,,,
134523,1,82.3,,,,,,175.6,,26.7,,41,,37.5,,33.9,,95.2,,101.3,
134525,1,76.2,,,,,,170.9,,26.1,3,39.9,,40.4,,30.7,,86.9,,98.2,
134526,1,92.1,,,,,,164.9,,33.9,4,44,,37,,35.2,,112,,108,
134527,1,133.6,,,,,,160.3,,52,,39.7,,36.1,,39.6,,141.3,,147.5,
134528,1,101.3,,,,,,185.8,,29.3,,45.1,,44.5,,35.6,,113.3,,106.3,
134529,1,104.3,,,,,,173.6,,34.6,,41.9,,41.5,,34.6,,122.2,,112.8,
134530,1,86.5,,,,,,169.5,,30.1,4,40.1,,38,,32.7,,99.3,,111,
134531,1,64.8,,,,,,152.3,,27.9,,32.5,,32.7,,31.8,,88.3,,101.9,
134532,1,96.6,,,,,,163.8,,36,,33.4,,34.4,,34,,105.4,,119.9,
134533,1,71,,,,,,166.5,,25.6,,38,,35.6,,31.1,,82.8,,106.5,
134535,1,38.7,,,,,,149.5,,17.3,2,35.5,,33,,22,,62.5,,79.8,
134536,1,57.8,,,,,,158.3,,23.1,,37,,32.2,,28.1,,76.1,,98.5,
134537,1,91.6,,,,,,170,,31.7,,40.4,,38.2,,36.3,,112.4,,108.5,
134538,1,85.4,,,,,,157.5,,34.4,,36.7,,35.7,,36,,105.7,,110.4,
134541,1,123,,,,,,170,,42.6,,41.2,,37.1,,40.9,,138.7,,130.2,
134542,1,9.1,,76.1,,,,,,,,,,14.5,,14.4,,,,,
134544,1,92,,,,,,178.2,,29,,40,,40.9,,36.2,,106.3,,105.8,
134545,1,116.3,,,,,,188.3,,32.8,,43.8,,41.3,,42,,113.8,,110.1,
134546,1,54.2,,,,,,167.8,,19.2,2,46.5,,36.5,,26.5,,63.6,,85.9,
134548,1,26.1,,,,,,130,,15.4,2,28.3,,28,,19,,52.8,,,
134550,1,45.4,,,,,,154.5,,19,,31.2,,32,,27.5,,72.5,,85.2,
134551,1,57.4,,,,,,156.7,,23.4,,34.3,,31.3,,27.1,,82.6,,96.7,
134554,1,64.6,,,,,,163.6,,24.1,,38,,38.2,,29.5,,84.5,,102.5,
134555,1,57.7,,,,,,159.5,,22.7,2,36,,33,,28,,77.5,,88.2,
134556,1,37.2,,,,,,142.6,,18.3,2,34,,33.5,,22,,68.4,,,
134557,1,12.1,,86.5,,,,,,,,,,15.9,,16,,,,,
134558,1,104.8,,,,,,156.1,,43,,28.2,,35.4,,39.1,,131.1,,132.4,
134559,1,83.9,,,,,,164.7,,30.9,,32,,38.3,,30.5,,100.6,,105.4,
134560,1,46.5,,,,,,159.7,,18.2,2,37.1,,34.6,,22.3,,68.7,,84.7,
134562,1,125.9,,,,,,180.7,,38.6,,40.8,,38.3,,44,,136.8,,122.5,
134563,1,71.9,,,,,,168.3,,25.4,,41.6,,38.6,,30.1,,100.9,,103.9,
134564,1,63.3,,,,,,164.8,,23.3,,39,,34.9,,29.6,,77.9,,102,
134565,3,97.4,3,,,,,158.2,,38.9,,,1,38.1,,38.8,,,1,,1
134566,3,101.2,,,,,,171.5,,34.4,,,1,40,,39.6,,106,,106.7,
134569,1,15.1,,94.6,,,,94.2,,17,2,,,19.2,,16.5,,48.8,,,
134570,1,84.8,,,,,,178,,26.8,,43.5,,38.4,,36.7,,95,,103.1,
134571,1,84.8,,,,,,162.6,,32.1,,37.1,,34.8,,33.5,,97.5,,116.3,
134572,1,68.6,,,,,,158.4,,27.3,,34.1,,35.7,,34.3,,89,,103.3,
134574,1,69.8,,,,,,157.5,,28.1,,37,,35,,32.4,,95.2,,101.8,
134575,1,46.7,,,,,,154.8,,19.5,2,38.7,,35.6,,24.6,,72.2,,82,
134577,2,9.1,,78,,,,,,,,,,,1,,1,,,,
134578,3,45.3,,,,,,132.5,,25.8,4,,1,27.5,,29.5,,,1,,
134579,1,68.5,,,,,,168.9,,24,,39.1,,38,,29.5,,86.5,,100.3,
134580,1,81.4,,,,,,160.6,,31.6,,35.4,,33.9,,35.9,,93,,108.8,
134581,1,104.5,,,,,,176.8,,33.4,,44.1,,40,,38.5,,117.5,,115.2,
134582,1,98.5,,,,,,154.2,,41.4,,36,,34.4,,43.5,,113.3,,123,
134583,3,71.1,3,,,,,154.6,,29.7,,,1,35.2,,35.1,,,1,,1
134584,1,82.8,,,,,,173.2,,27.6,,36.2,,39.9,,32.1,,96.9,,101.4,
134585,1,60.2,,,,,,161.2,,23.2,,36.2,,35.2,,27.1,,74.6,,99.9,
134587,1,70.8,,,,,,175.4,,23,,39.2,,39.3,,28.8,,90.2,,98,
134588,1,13.7,,88,,,,,,,,,,17,,17.4,,,,,
134589,1,20.2,,,,,,114,,15.5,2,,,23.9,,18.2,,53,,,
134590,1,66.3,,,,,,176.9,,21.2,,42.2,,38.2,,28.7,,75.7,,102.1,
134591,1,70.8,,,,,,164.7,,26.1,,38.4,,36.4,,30,,81.7,,104.4,
134592,3,,1,,,,,177.2,,,,,1,,1,,1,,1,,1
134593,1,60.3,,,,,,168,,21.4,2,40,,37.5,,27.5,,73.7,,92.4,
134594,1,96.3,,,,,,165.7,,35.1,,39.3,,37.5,,36.1,,106.3,,120,
134595,1,70.8,,,,,,172.1,,23.9,2,42.2,,38,,29.4,,82.6,,100,
134596,1,68.2,,,,,,178.5,,21.4,,41.3,,39,,31.9,,79.8,,94.7,
134598,1,45.8,,,,,,154.7,,19.1,,33.1,,34.7,,28.9,,78.4,,79.2,
134602,1,71.4,,,,,,156.4,,29.2,,35,,35.8,,34.9,,91.4,,110.9,
134603,1,82.2,,,,,,172.9,,27.5,,35.7,,39.8,,30.2,,94.7,,108.8,
134604,1,106.7,,,,,,174.3,,35.1,,39.2,,40,,39.7,,118.1,,114.4,
134606,1,88.3,,,,,,180.1,,27.2,,43.2,,39.5,,33.1,,99.3,,106.2,
134607,1,99.2,,,,,,184,,29.3,,43.5,,42.6,,36,,106.7,,109.2,
134609,1,53.3,,,,,,163.9,,19.8,2,36.3,,35.1,,25.6,,72.3,,92.8,
134612,1,111.5,,,,,,172.5,,37.5,,41,,38.5,,41.5,,123,,123,
134613,1,79.5,,,,,,173.6,,26.4,,40.3,,38,,33.5,,87.5,,114.6,
134614,1,113.6,,,,,,167.1,,40.7,4,39.7,,36.5,,37.3,,114.2,,124,
134615,1,77,,,,,,159.5,,30.3,,31.4,,37.8,,36,,104.8,,116.2,
134616,1,49,,,,,,160.2,,19.1,2,35,,34.8,,24.2,,69.8,,85.2,
134617,1,52.5,,,,,,151.2,,23,,37,,34.3,,26.2,,78.7,,97.4,
134619,1,21.3,,,,,,116.5,,15.7,2,,,21.5,,18.4,,49.2,,,
134620,1,78.4,,,,,,156.8,,31.9,,35.3,,34.5,,35.2,,95.8,,97.8,
134621,1,14.2,,102,,,,99.2,,14.4,2,,,18.6,,15.3,,46.5,,,
134622,1,39.3,,,,,,138.9,,20.4,3,32,,29,,23.3,,67.2,,,
134623,1,130.6,,,,,,158.5,,52,,34.1,,37.6,,43.7,,135.8,,154,
134624,1,110.7,,,,,,177.9,,35,,43.5,,39.6,,38.8,,122.8,,116.9,
134625,1,87,,,,,,161.3,,33.4,4,37.6,,35.1,,34.1,,98.7,,109.2,
134626,1,105.1,,,,,,170.3,,36.2,4,38.2,,37.3,,39,,117,,118.6,
134627,1,151.3,,,,,,176.6,,48.5,,36.5,,39.2,,47,,149.2,,137.3,
134628,1,75,,,,,,172.7,,25.1,,41.9,,39.2,,28,,104.2,,96.4,
134629,1,51.7,,,,,,167.9,,18.3,2,40.2,,36.9,,27.7,,69.4,,87.3,
134630,1,85.4,,,,,,169.2,,29.8,,39.6,,38.6,,36.1,,104.7,,97.4,
134631,1,110.5,,,,,,184.2,,32.6,,41.5,,44,,42.2,,111.9,,111,
134632,1,52.1,,,,,,159.8,,20.4,2,36.2,,33,,24,,75.8,,87.8,
134633,1,106,,,,,,172.6,,35.6,,38.8,,39.2,,37.8,,115.7,,114.4,
134634,1,87.7,,,,,,153.5,,37.2,,30.7,,33,,33.2,,106.5,,114.8,
134635,1,71.3,,,,,,176.5,,22.9,,38.7,,36.2,,29.2,,83.2,,102.5,
134636,3,,1,,,,,142.6,3,,,31,,31,,19.2,,,1,,1
134637,1,94.9,,,,,,172.6,,31.9,,41.3,,40.5,,37.6,,104.1,,110.3,
134639,1,40.4,,,,,,156.5,,16.5,2,39.1,,32,,20.9,,62.6,,,
134641,1,98.9,,,,,,164.1,,36.7,4,41.9,,38.8,,36.4,,106.4,,119.3,
134644,1,20.3,,,,,,122.4,,13.5,2,,,24,,16.2,,52.5,,,
134645,1,69.6,,,,,,161.9,,26.6,,36.9,,36,,27.8,,97.8,,105,
134646,1,106.8,,,,,,170,,37,,40.5,,40.3,,35.1,,124.9,,131.5,
134647,1,28.4,,,,,,135.7,,15.4,2,32,,26.5,,18.5,,59.5,,,
134648,1,10.4,3,78,,,,,,,,,,16,,14.4,,,,,
134651,1,114.5,,,,,,191.5,,31.2,,44.6,,43.4,,38,,109.9,,116,
134652,1,98.4,,,,,,173.7,,32.6,,34.6,,42.6,,36.9,,114.2,,114,
134655,1,70,,,,,,155.6,3,28.9,,36.5,,35.4,,29.6,,98.7,,106,
134656,1,69.9,,,,,,172.7,,23.4,,40,,37,,32.8,,87,,89.9,
134657,1,77.9,,,,,,178.1,,24.6,,45,,41.1,,36.4,,85.8,,100.2,
134658,1,69.2,,,,,,186.6,,19.9,,44.2,,38,,27.5,,87.7,,93.6,
134660,1,95.4,,,,,,177,,30.5,,38.2,,39.5,,33.7,,110.4,,110.3,
134661,1,34.4,,,,,,139,,17.8,2,33.4,,28.5,,22.1,,60.5,,,
134665,1,71.4,,,,,,171.9,,24.2,,38,,39.9,,29.5,,82.8,,100,
134666,1,95.8,,,,,,156.9,,38.9,4,37.9,,35.8,,41.8,,101,,116,
134668,1,64.4,,,,,,170.6,,22.1,,39.1,,39.1,,27.2,,79,,88.7,
134669,1,22.3,,,,,,105.9,,19.9,4,,,20.7,,19.6,,54.7,,,
134670,1,22.9,,,,,,120.5,,15.8,2,,,26.6,,18.4,,53.3,,,
134671,1,71,,,,,,169,,24.9,,39.1,,37,,30.2,,93,,105.3,
134672,1,64,,,,,,175.7,,20.7,,45.8,,40.5,,30,,81,,90.5,
134674,1,56.9,,,,,,148.1,,25.9,4,36.7,,33.3,,26.4,,90,,,
134675,1,59.3,,,,,,162.8,,22.4,2,38.6,,36.3,,28.5,,80.3,,94.5,
134676,1,134.9,,,,,,161.6,,51.7,,34,,39,,44.2,,149.3,,151.2,
134677,1,81.7,,,,,,168,,28.9,,35.7,,38,,32.3,,101.4,,102.4,
134678,1,14.9,,96.9,,,,95.3,,16.4,2,,,19.5,,15.7,,50.9,,,
134679,1,65.2,,,,,,137.1,,34.7,4,32,,30,,34,,94,,,
134680,1,81.7,,,,,,148,,37.3,4,35,,32,,35.7,,101,,111,
134681,1,43.3,,,,,,134.5,,23.9,4,33.5,,31.4,,26.4,,78.1,,,
134682,1,16.8,,,,,,110.4,,13.8,2,,,23.5,,16,,50.8,,,
134683,1,83.1,,,,,,163.4,,31.1,,37.8,,37.6,,34.1,,93.2,,113.5,
134684,1,47.5,,,,,,158,,19,2,35.4,,35.1,,25.8,,67.5,,86.5,
134685,1,151.3,,,,,,176.3,,48.7,,43.6,,38.7,,48.5,,144.8,,136,
134687,1,67,,,,,,146.1,,31.4,,30.1,,34,,32,,101.2,,108,
134688,1,58.7,,,,,,171.3,,20,2,41.2,,38.2,,25.8,,73.7,,87,
134689,1,10.1,,73.1,,,,,,,,,,14.6,,16.5,,,,,
134690,1,96,,,,,,155.9,,39.5,,32.2,,38.5,,48.3,,108.7,,129.7,
134691,1,79.8,,,,,,174.8,,26.1,,42.9,,37,,34.2,,100.1,,104.1,
134692,1,90.3,,,,,,161.6,,34.6,,34,,36.7,,35.8,,123.8,,127.5,
134693,1,22.6,,,,,,127.8,,13.8,2,30,,26.6,,15.8,,55.3,,,
134694,1,83.6,,,,,,169,,29.3,4,39.4,,37.4,,32.6,,95.6,,102,
134695,2,58.7,3,,,,,150.9,,25.8,,,1,,1,,1,,1,,1
134696,1,80.2,,,,,,171.5,,27.3,,39.7,,36.9,,37.4,,86.2,,99.5,
134699,1,70.3,,,,,,155.2,,29.2,4,39.1,,37,,32.7,,98.2,,,
134701,1,27.8,,,,,,135.1,,15.2,2,31.3,,29.9,,19.5,,53.3,,,
134702,2,10.5,,84.3,,,,,,,,,,,1,,1,,,,
134703,1,98.5,,,,,,181.9,,29.8,,42.1,,43,,32.1,,114.8,,107.2,
134704,1,67.7,,,,,,156.4,,27.7,,38.8,,35.4,,34.2,,90,,101.2,
134705,1,25.2,,,,,,118.5,,17.9,3,,,24.6,,20.3,,63.1,,,
134707,3,116.5,,,,,,155,3,48.5,,,1,38,,43.1,,147.8,,149.9,
134708,1,113,,,,,,186.1,,32.6,,41,,40,,38.8,,113.7,,115.8,
134709,1,20.7,,,,,,116,,15.4,2,,,23.6,,17.5,,53.1,,,
134710,1,34.6,,,,,,134.5,,19.1,3,30.7,,28,,22,,62,,,
134711,1,142.5,,,,,,198.1,,36.3,,46.4,,49.2,,41.9,,125.8,,131.8,
134712,1,78.9,,,,,,166,,28.6,,37.8,,38.2,,30,,98,,115.9,
134713,1,68,,,,,,165.7,,24.8,2,37.2,,35,,29.1,,84.5,,101.7,
134715,1,64,,,,,,174.6,,21,,39.8,,36.1,,26.5,,74.1,,95.6,
134716,1,43.6,,,,,,160,,17,,37.2,,35,,23.3,,70.5,,83.1,
134717,1,105.9,,,,,,178.8,,33.1,,42.9,,40.2,,37.6,,105.7,,116.4,
134718,1,42.2,,,,,,131.1,,24.6,4,29,,27.4,,26.5,,80.4,,,
134720,1,97.3,,,,,,183.6,,28.9,,42.4,,41.2,,34.7,,114.1,,106,
134721,1,76.6,,,,,,162.4,,29,,40.6,,35.9,,34.8,,92.3,,114,
134722,1,47.1,,,,,,154.6,,19.7,2,36.2,,35,,23.5,,67.6,,88.1,
134723,1,81.6,,,,,,159.3,,32.2,,34.1,,36.2,,37.6,,105.7,,112.8,
134724,1,57.8,,,,,,169.8,,20,2,40.1,,34.1,,27.8,,72.1,,93.9,
134725,1,85.2,,,,,,171,,29.1,,42,,41.7,,33.4,,116.3,,105.5,
134726,1,80.5,,,,,,155,,33.5,4,37.2,,33.5,,39.6,,90,,111.6,
134727,1,79.9,,,,,,156.1,,32.8,,39,,35.2,,37.5,,106.8,,110.8,
134728,1,108.1,,,,,,160.5,,42,,31.8,,34.5,,44.1,,111.5,,119.6,
134729,1,70.2,,,,,,159,,27.8,,37.7,,39.7,,31.2,,104.2,,107.9,
134730,1,63.4,,,,,,160.6,,24.6,,37.9,,36.8,,30.1,,82.7,,99.2,
134731,1,78.8,,,,,,166.8,,28.3,,40.1,,38.8,,33.3,,96.4,,104.5,
134732,1,132.9,,,,,,186.1,,38.4,,42.3,,40.5,,43,,124.8,,126,
134734,1,51.5,,,,,,162.4,,19.5,,36.6,,34,,25.3,,76.7,,82.8,
134736,3,156.7,,,,,,159.6,,61.5,,,1,34.1,,51.5,,148.3,,159.1,
134737,1,85.4,,,,,,175.1,,27.9,,40.9,,39.2,,33,,100.8,,98.4,
134738,1,13.3,,89,,,,85.2,,18.3,3,,,17,,15.6,,49.7,,,
134740,3,78.3,3,,,,,176.8,,25,,40.4,,41.4,,29.5,,107.6,,,1
134741,1,84.9,,,,,,171.8,,28.8,4,44.2,,38,,35,,103.2,,102.3,
134742,1,52.8,,,,,,167,,18.9,2,39.8,,35.6,,27.6,,70.4,,84.5,
134743,1,61.9,,,,,,157.4,,25,,32.2,,32,,29.1,,96.9,,97.4,
134744,1,94.7,,,,,,171.1,,32.3,,40.1,,41.2,,37.2,,100.4,,105.9,
134745,1,73.2,,,,,,173.9,,24.2,,38,,37.7,,31.4,,97.4,,95.9,
134746,1,67.7,,,,,,148.9,,30.5,,40,,33.2,,33.6,,88.3,,108.7,
134748,1,110.6,,,,,,187,,31.6,,46.1,,45,,39.2,,113.5,,115,
134749,1,62.7,,,,,,184.9,,18.3,,44.2,,43.2,,25.7,,78.6,,87,
134751,1,76,,,,,,173.8,,25.2,,39.5,,37,,33.5,,95.4,,95.1,
134752,1,47.9,,,,,,140.5,,24.3,4,34.1,,30,,26.8,,76.5,,,
134753,1,56.7,,,,,,163.5,,21.2,2,39,,36.5,,26.5,,77,,92.8,
134755,1,10.7,,79.7,,,,,,,,,,13.2,,16,,,,,
134756,1,52.1,,,,,,148.5,,23.6,,33.7,,33.9,,28.4,,86.2,,89.2,
134757,1,75.5,,,,,,155.5,,31.2,,37.5,,35.7,,31.4,,97.4,,113.2,
134759,1,61.6,,,,,,159.7,,24.2,,36.1,,36.1,,31,,78.8,,83.7,
134760,1,87.4,,,,,,181.9,,26.4,,42.6,,40.5,,32.8,,99.4,,102.9,
134765,1,84.9,,,,,,162.7,,32.1,4,43,,36.3,,38.5,,91.2,,106.5,
134766,1,55.8,,,,,,136.3,,30,4,34,,31.2,,28.2,,93.8,,,
134769,1,86,,,,,,180.1,,26.5,,41.1,,41.9,,35.7,,98.7,,97.3,
134770,1,61,,,,,,160,,23.8,3,36.8,,32.6,,28.5,,75.5,,96,
134771,1,54.3,,,,,,160.5,,21.1,,30.4,,35.2,,22,,94.8,,93.6,
134772,1,54.4,,,,,,168.3,,19.2,2,41.5,,36.6,,25.2,,72,,91.7,
134774,1,39.4,,,,,,154.4,,16.5,2,39.6,,33.8,,21.5,,58.5,,77.8,
134776,1,63.6,,,,,,155.5,,26.3,,36,,33.5,,31.1,,93.7,,106.6,
134778,1,95.6,,,,,,159.2,,37.7,4,37.3,,35.8,,39.3,,104.5,,116.4,
134780,2,83.5,3,,,,,169.1,,29.2,4,,1,,1,,1,,1,,1
134781,1,44.1,,,,,,155.5,,18.2,,33.7,,35.4,,24,,63.7,,77.8,
134782,1,6.7,,68.2,,42.9,,,,,,,,,,,,,,,
134783,1,16.2,,,,,,100.7,,16,2,,,22.4,,17.5,,49.6,,,
134785,3,45.3,,,,,,145.7,,21.3,3,,1,30.5,,24.5,,,1,,
134786,1,38.8,,,,,,136.4,,20.9,4,,,28.3,,23.8,,65.4,,,
134787,1,20.4,,,,,,112.6,,16.1,2,,,21.9,,18.1,,54.6,,,
134788,3,88.9,3,,,,,167.8,,31.6,,,1,37.8,,37.5,,111.1,,103.2,
134790,1,73.6,,,,,,161,,28.4,,40.7,,33.6,,34.2,,79.5,,114.8,
134791,1,120.1,,,,,,169.1,,42,,37.3,,39.9,,39,,132.3,,140.5,
134793,1,75.8,,,,,,180.3,,23.3,,40.5,,37.5,,31.8,,86.9,,99,
134794,1,106,,,,,,165.7,,38.6,,32.3,,38.2,,39.7,,117.9,,132.7,
134796,4,,,,,,,,,,,,,,,,,,,,
134801,1,29.6,,,,,,130.8,,17.3,2,,,29,,20.8,,55.2,,,
134802,1,62.7,,,,,,167,,22.5,,37.2,,34.7,,29.6,,79.6,,96.3,
134804,1,104,,,,,,156.3,,42.6,,33,,36.5,,40.2,,124.2,,135.5,
134805,1,88.5,,,,,,166.9,,31.8,,36.7,,39,,39.2,,108.9,,112.9,
134806,1,58.7,,,,,,157.9,,23.5,,36.7,,34.3,,28.5,,80.1,,102.1,
134808,1,47.8,,,,,,165.9,,17.4,2,43.2,,35.4,,22.3,,65.7,,,
134810,1,15.2,,92.6,,,,93,,17.6,3,,,17.8,,16.7,,53,,,
134811,1,82.8,,,,,,175.3,,26.9,,41.2,,42.2,,34.3,,106.5,,101.9,
134812,1,62.6,,,,,,156.9,,25.4,,34.4,,34,,27.6,,95.9,,94,
134813,1,68.1,,,,,,175.6,,22.1,,39.6,,39,,28,,89.5,,93.8,
134814,1,21,,,,,,125.6,,13.3,1,,,25.6,,17,,51.6,,,
134815,1,28.6,,,,,,137.6,,15.1,2,32.1,,30,,20,,56.2,,,
134816,1,39.5,,,,,,130.5,,23.2,4,32.3,,28,,23.8,,76,,,
134817,1,89.2,,,,,,166.6,,32.1,,38.1,,39.1,,38.5,,109.3,,109.5,
134819,1,15.1,,,,,,96.1,,16.4,2,,,20,,17.4,,54,,,
134821,1,39.6,,,,,,155.6,,16.4,1,36.9,,34.2,,22.1,,62.7,,81.4,
134822,1,78,,,,,,173.3,,26,,42.4,,41.5,,30.7,,104.3,,99.5,
134823,1,30.7,,,,,,114.8,,23.3,4,,,23.8,,22.1,,65.4,,,
134824,1,81,,,,,,163.8,,30.2,,38.4,,37.2,,36.1,,97.3,,117.1,
134825,1,101.3,,,,,,156.5,,41.4,,37,,33,,36.3,,111,,131.6,
134826,1,56.5,,,,,,158,,22.6,,35.2,,35.7,,26.7,,85,,92,
134827,1,67.1,,,,,,154.3,,28.2,,34.5,,35.8,,31.2,,97.4,,101.8,
134828,1,93.6,,,,,,180.8,,28.6,,41.7,,40.5,,33.6,,111.5,,104.5,
134829,1,80.4,,,,,,174.5,,26.4,3,40.6,,39.4,,32.7,,96.9,,102.5,
134830,1,8.3,,64.3,,44.1,,,,,,,,11.9,,15.6,,,,,
134831,1,83.7,,,,,,172.9,,28,,40.6,,39.1,,32.5,,97.6,,116.1,
134834,1,64.2,,,,,,145.8,,30.2,,29.5,,33.5,,36.2,,99,,100.6,
134836,1,71.3,,,,,,170,,24.7,,38.3,,37.7,,29.8,,94.1,,96.7,
134839,1,75.5,,,,,,178.9,,23.6,,40,,40.7,,31.8,,88,,94.9,
134845,1,78.1,,,,,,162.9,,29.4,,36.8,,35.4,,29.2,,111.9,,100.5,
134847,4,,,,,,,,,,,,,,,,,,,,
134850,1,69.2,,,,,,164.1,,25.7,,37.3,,36,,30.7,,91.6,,102.3,
134851,1,73.2,,,,,,161.9,,27.9,,37.2,,37.5,,29.3,,91.6,,107,
134852,1,66.9,,,,,,177.8,,21.2,2,39.5,,41.7,,26.6,,82.9,,95.5,
134853,1,45.7,,,,,,136.4,,24.6,4,31.5,,28.9,,28.1,,79.4,,,
134856,1,84.6,,,,,,163.4,,31.7,,35,,39,,32.7,,107.5,,112,
134857,1,127.6,,,,,,163.2,,47.9,,39,,37.4,,46.4,,129.3,,146,
134858,1,110.8,,,,,,186.2,,32,,43.4,,41.1,,38.2,,110.2,,114.2,
134859,1,75.2,,,,,,159.5,,29.6,,37.1,,35,,34.2,,92.9,,101.5,
134860,2,59.3,3,,,,,167.8,,21.1,2,,1,,1,,1,,1,,1
134863,1,11.6,,82.9,,,,,,,,,,17.8,,14.9,,,,,
134864,1,93.2,,,,,,157.4,,37.6,,34.5,,37.1,,34.2,,112.7,,130,
134865,1,112.6,,,,,,161.2,,43.3,4,40.5,,38.2,,42.3,,129.6,,124.6,
134868,1,24,,,,,,122,,16.1,2,,,27.2,,18.6,,53.5,,,
134870,1,64.4,,,,,,184,,19,,43.3,,38.7,,27.7,,73.3,,93.5,
134871,2,16.6,,,,,,103.9,,15.4,2,,,,1,,1,,1,,
134873,1,21.4,,,,,,117,,15.6,2,,,23.9,,19.1,,53.4,,,
134874,1,73.1,,,,,,165.9,3,26.6,,38,,37.5,,30.5,,97.6,,98.4,
134875,1,7.1,,65,,40.8,,,,,,,,12.3,,14.5,,,,,
134876,4,,,,,,,,,,,,,,,,,,,,
134877,1,78.4,,,,,,177.6,,24.9,,41.8,,39.6,,30.2,,104.3,,96,
134878,1,99.8,,,,,,180.9,,30.5,,43.8,,43.8,,37,,105.5,,111.3,
134879,1,91.4,,,,,,166.3,,33,,34,,37.4,,35.4,,119.2,,129.4,
134880,1,45.3,,,,,,158.3,,18.1,2,37.5,,33.5,,25,,67.2,,78.8,
134882,1,11.1,,84.8,,,,,,,,,,16,,15.4,,,,,
134883,1,49.9,,,,,,176.6,,16,1,41.9,,38.3,,23.2,,69.2,,82.7,
134886,1,49.2,,,,,,151.7,,21.4,,35.3,,36,,25.9,,79.6,,90.4,
134887,1,17.8,,,,,,104.1,,16.4,2,,,20.4,,17.3,,50.9,,,
134888,1,5.7,,60.5,,44.2,,,,,,,,11.5,,12,,,,,
134889,1,82.1,,,,,,155.1,,34.1,,37.7,,34.6,,38,,100.9,,111.2,
134890,2,91.2,,,,,,170.4,,31.4,,,1,,1,,1,,1,,1
134891,1,67.2,,,,,,164.8,,24.7,,40.2,,39,,27.5,,87.4,,90.3,
134892,1,31.9,,,,,,137.5,,16.9,2,32.7,,29.5,,19.8,,64.4,,,
134893,1,72.8,,,,,,188.2,,20.6,2,44.9,,41.8,,31.5,,76.8,,94.1,
134894,1,92.2,,,,,,178.8,,28.8,,42.1,,40.5,,31,,113.5,,106.1,
134896,1,84.3,,,,,,166,,30.6,,39.4,,36.6,,33.8,,106.6,,115,
134897,3,56,3,,,,,168.7,,19.7,,,1,35,,25.8,,,1,,1
134899,1,89.5,,,,,,160.4,,34.8,,36.9,,36.6,,37,,115,,108,
134901,1,57.3,,,,,,171.1,,19.6,,39.9,,35,,24.9,,86.7,,95,
134902,1,58.1,,,,,,166.3,,21,,37.8,,32.5,,27.1,,72.8,,93.4,
134903,1,72.5,,,,,,167.3,,25.9,,40.1,,38,,28.9,,105.5,,98.2,
134904,1,116.5,,,,,,174.4,,38.3,,40,,39.2,,41.4,,121.3,,120.7,
134905,1,11.2,,76.9,,,,,,,,,,15.2,,15.7,,,,,
134906,1,164.4,,,,,,181.1,,50.1,,42.5,,42.3,,47.2,,158.1,,151.5,
134908,1,71.6,,,,,,167.7,,25.5,,40.5,,39.5,,31.9,,94.2,,94.5,
134909,3,11.4,,79.2,,,,,,,,,,15,,,1,,,,
134910,1,64.2,,,,,,147,,29.7,,33.5,,33.5,,30.9,,97.8,,103.5,
134912,1,45.7,,,,,,161.9,,17.4,2,38.8,,35.5,,22.4,,63.9,,80.3,
134915,1,29.6,,,,,,114.7,,22.5,4,,,24,,23.3,,65.8,,,
134916,1,147.7,,,,,,168,,52.3,,36.2,,39,,47,,157.7,,157,
134917,3,69.7,,,,,,165.5,,25.4,,,1,37.1,,29.7,,96.1,,,1
134918,1,72.2,,,,,,156.7,,29.4,,34.4,,35.8,,34.7,,98.2,,98.4,
134919,1,80,,,,,,169.9,,27.7,,36.9,,37.6,,32.5,,94.9,,112.6,
134920,1,107.1,,,,,,160.9,,41.4,,37.1,,40.1,,41.5,,124.1,,132.4,
134922,1,80.2,,,,,,150.6,,35.4,,30,,38.3,,35.8,,105.5,,112.6,
134923,2,59.2,3,,,,,162.2,,22.5,,,1,,1,,1,,1,,1
134926,1,60.5,,,,,,170.1,,20.9,,40.3,,36.7,,27,,75.8,,94.3,
134927,1,62.1,,,,,,166.3,,22.5,2,37.7,,34.1,,28.2,,78.3,,97.1,
134928,1,74.1,,,,,,163.6,,27.7,,33.4,,35.7,,31.3,,104.4,,103.9,
134929,1,90.1,,,,,,159.7,,35.3,,37.4,,35.7,,35,,108.5,,123.5,
134930,1,111.1,,,,,,174.3,,36.6,4,43,,38.7,,38.8,,121.3,,122.8,
134932,1,87.1,,,,,,173.7,,28.9,,44.8,,42.2,,35.2,,102.5,,101,
134933,1,48.2,,,,,,158.5,,19.2,2,35.5,,33.5,,23.3,,72.9,,,
134935,1,104.5,,,,,,166,,37.9,,39.5,,36.4,,38.8,,136.1,,133,
134936,3,111.2,3,,,,,166.2,,40.3,4,,1,37.5,,40.3,,,1,,1
134937,1,23.8,,,,,,117.6,,17.2,2,,,25.4,,19,,56.1,,,
134939,1,48.2,,,,,,157.1,,19.5,,37,,34.6,,25.4,,80.5,,84.1,
134940,3,184.2,,,,,,165.7,,67.1,,,1,39.5,,47.6,,151.8,,180,
134941,1,138,,,,,,173.4,,45.9,,38.8,,40.3,,44.9,,131.8,,138.6,
134942,1,75.7,,,,,,175.8,,24.5,,39.8,,40.5,,29.8,,100.7,,98.7,
134943,1,86.6,,,,,,158.7,,34.4,,35.8,,37.4,,38.9,,115.8,,116.2,
134944,1,76.3,,,,,,163.9,,28.4,,39.6,,36.8,,30.5,,116,,101.2,
134945,1,71.5,,,,,,172,,24.2,2,43.7,,36.6,,28.6,,87.5,,103.9,
134946,1,81.6,,,,,,171.6,,27.7,,39.9,,36.2,,33.4,,102.7,,105.8,
134947,1,64,,,,,,162.9,,24.1,2,40.5,,37.6,,27.9,,80.5,,100.5,
134949,1,33.6,,,,,,131.3,,19.5,3,27.6,,27.5,,23,,64.6,,,
134950,1,20.9,,,,,,113.4,,16.3,2,,,23,,18.5,,56.5,,,
134951,1,68.2,,,,,,165.2,,25,,37.5,,35,,28.9,,98.5,,98.1,
134953,1,66,,,,,,161.6,,25.3,,37.3,,35.2,,27.5,,98.3,,98.2,
134954,1,52.9,,,,,,149.7,,23.6,,31.8,,34.5,,22.1,,90,,92.4,
134955,1,81.5,,,,,,173.5,,27.1,,44.2,,41.8,,33.2,,101.1,,100.5,
134957,3,84.1,,,,,,164.6,,31,,,1,38.6,,30.6,,109.5,,,1
134958,1,48.7,,,,,,138.4,,25.4,4,34.5,,31.5,,30,,83,,,
134960,1,49.7,,,,,,147.6,,22.8,4,33.5,,32.4,,27.4,,73.8,,,
134961,1,103.7,,,,,,177.7,,32.8,,41.2,,40,,35.6,,111.5,,107.8,
134962,1,65.3,,,,,,151.8,,28.3,,34.7,,35.5,,30.4,,85.5,,108,
134963,1,53.9,,,,,,160.6,,20.9,2,36.4,,34.5,,25.6,,72.7,,94.3,
134964,1,105.9,,,,,,167.2,,37.9,,38.1,,38,,37.7,,122.7,,117.5,
134965,1,65.1,,,,,,153.1,,27.8,,30.9,,35.4,,30.6,,102.9,,103.6,
134966,1,82.5,,,,,,169.7,,28.6,,36.8,,39.2,,34.3,,100.4,,101.5,
134967,1,63.5,,,,,,148.9,,28.6,,33.3,,32.2,,28,,91.6,,99.3,
134968,1,41.8,,,,,,146.7,,19.4,2,36.4,,30.7,,23.7,,66.3,,,
134969,1,68.2,,,,,,164.7,,25.1,,36.6,,37.1,,29.2,,82.5,,101.4,
134970,1,146.2,,,,,,168.4,,51.6,,41.2,,38.8,,46,,134.7,,154.8,
134971,1,89.5,,,,,,177,,28.6,,39.8,,42.2,,33,,109.6,,107.6,
134972,1,115.8,,,,,,169.4,,40.4,,36.7,,38.7,,42.3,,124.1,,132.4,
134973,1,12.5,,87.9,,,,,,,,,,17,,16.3,,,,,
134975,1,55.9,,,,,,169.6,,19.4,2,43.1,,35.6,,25.9,,71.1,,88.6,
134976,1,68.4,,,,,,163.2,,25.7,,38.6,,37.2,,28.1,,85,,105,
134977,1,80.4,,,,,,167,,28.8,,37.5,,37.5,,30.4,,110.2,,117,
134978,1,97.2,,,,,,168.9,,34.1,,41.5,,38,,38.5,,106.6,,106.8,
134979,1,79.7,,,,,,172.9,,26.7,,38.3,,37.3,,34.2,,91.1,,99.5,
134980,3,129.7,3,,,,,166,,47.1,,,1,35.9,,45.4,,,1,,1
134981,1,49.1,,,,,,170.5,,16.9,2,40.5,,37,,22.8,,65.4,,85.2,
134982,1,87.6,,,,,,170.8,,30,,42.7,,38.6,,36.8,,104.6,,115.2,
134983,1,12.9,,96.1,,,,94.1,,14.6,2,,,20.5,,15.6,,44.5,,,
134985,1,67.4,,,,,,159.3,,26.6,,34.7,,36,,29.9,,98.3,,93.1,
134986,1,109.2,,,,,,171.9,,37,,38.7,,39.8,,41.4,,122.4,,129.1,
134987,1,60.1,,,,,,176.2,,19.4,2,38.7,,39.9,,27.3,,76.7,,87.9,
134988,1,63.3,,,,,,146.4,,29.5,,28.4,,35,,29.9,,104.5,,106.9,
134989,1,82.8,,,,,,176.2,,26.7,,40.5,,37.2,,33.8,,96.9,,107.6,
134990,1,59.2,,,,,,159.2,,23.4,,35.2,,35.3,,28.9,,86.5,,93.3,
134991,1,76.8,,,,,,167,,27.5,,38.5,,36.7,,31.7,,98.4,,97.9,
134992,1,102.8,,,,,,167.4,,36.7,,35.5,,37.5,,34.5,,121.9,,120.2,
134995,1,54.7,,,,,,155.9,,22.5,,33.7,,36.2,,26.3,,88.6,,92,
134996,1,67.8,,,,,,177.8,,21.4,,41,,41.5,,26.4,,84,,102.2,
134998,1,66.1,,,,,,158,,26.5,,37.8,,35.5,,29.6,,86,,102.7,
135000,1,73.3,,,,,,155.6,,30.3,,33.9,,34,,32.5,,96.6,,103,
135001,1,71.7,,,,,,166.7,,25.8,,37,,40.4,,34.5,,92,,113.8,
135003,1,86.5,,,,,,170,,29.9,4,34.5,,39,,33.7,,107,,110,
135005,1,11.2,,78.5,,,,,,,,,,16.4,,16.4,,,,,
135009,1,121.9,,,,,,174.2,,40.2,4,42.4,,39.6,,40,,124.6,,124,
135010,1,99.8,,,,,,155,,41.5,,33.7,,37.8,,45.8,,118.1,,131.1,
135011,1,62.5,,,,,,158.5,,24.9,3,35.7,,36.7,,28.5,,85.1,,95.5,
135013,1,85.5,,,,,,175,,27.9,,41,,40.1,,35.1,,97.6,,98.5,
135014,1,128.1,,,,,,164.7,,47.2,,41.6,,37.1,,43.7,,139.4,,131.1,
135015,1,63.9,,,,,,174.2,,21.1,2,42.5,,38.4,,28.5,,79.9,,90.3,
135016,1,100.4,,,,,,162.2,,38.2,,39.2,,36.8,,37.6,,111.6,,127.8,
135018,1,65.7,,,,,,146.1,,30.8,4,36.5,,33.8,,34.1,,85.1,,,
135019,1,44.4,,,,,,141.9,,22.1,3,35.6,,29.7,,24.4,,78.4,,,
135020,1,136.2,,,,,,175.4,,44.3,4,41.3,,40.3,,44.5,,127,,130,
135021,1,95.4,,,,,,167,,34.2,,39.6,,37.4,,35.8,,104.5,,111.1,
135022,1,103,,,,,,173.7,,34.1,,41.1,,39.9,,37,,126.2,,118.7,
135023,1,53.3,,,,,,149.2,,23.9,,33.7,,32,,27.7,,86,,91.4,
135024,1,60.1,,,,,,154.4,,25.2,,34.5,,33.2,,26.8,,80.6,,100.4,
135025,1,129.8,,,,,,174.7,,42.5,4,43,,41,,44.2,,127.2,,125.7,
135026,1,124.7,,,,,,191.7,,33.9,,43,,46,,37.3,,130.3,,118.2,
135027,1,57.6,,,,,,165.7,,21,,38.5,,36.4,,26.6,,89,,96.2,
135028,1,63.2,,,,,,169.9,,21.9,,46.2,,36.5,,29.5,,73.3,,93.4,
135029,3,75.4,,,,,,135.5,,41.1,,,1,32.2,,37.5,,,1,,1
135032,1,76.4,,,,,,175.4,,24.8,,35.5,,41,,29.2,,92.8,,100.3,
135033,1,105,,,,,,165.3,,38.4,,36.1,,37.3,,37.5,,128.6,,121.7,
135034,1,19.8,,,,,,119,,14,2,,,25.5,,16.2,,50.9,,,
135035,1,98.4,,,,,,163.5,,36.8,,35.5,,33.5,,32,,120.9,,120.3,
135036,1,93,,,,,,157.5,,37.5,,41.5,,37,,39.9,,102.3,,128.9,
135037,2,82.1,3,,,,,155.5,,34,,,1,,1,,1,,1,,1
135039,1,74.8,,,,,,145.9,,35.1,,30,,31.3,,36.1,,100.7,,114,
135040,1,66.5,,,,,,154.8,,27.8,,36.3,,36.3,,31.5,,93.7,,94.6,
135041,3,55.2,,,,,,156.8,,22.5,,,1,32.1,,25.2,,,1,,1
135042,1,124.3,,,,,,166.3,,44.9,,38.8,,36.8,,46.4,,131.4,,127.2,
135043,1,56.6,,,,,,157.3,,22.9,,36,,34.8,,27.8,,78.2,,92.9,
135047,1,103.2,,,,,,175.9,,33.4,,44.5,,41,,36.7,,118,,114.5,
135048,1,56.6,,,,,,170.4,,19.5,,40.2,,36,,27.5,,76.3,,87.7,
135050,4,,,,,,,,,,,,,,,,,,,,
135051,1,83.8,,,,,,157.9,,33.6,,35.7,,37.7,,34.6,,117.4,,109.2,
135052,1,104.4,,,,,,171.9,,35.3,,33.2,,39.4,,38.5,,116.8,,111.5,
135053,1,73.3,,,,,,150.7,,32.3,,36.4,,35.5,,37.5,,91.1,,107.7,
135055,1,26.4,,,,,,130.4,,15.5,2,28.4,,27.4,,19.5,,54,,,
135057,1,64.2,,,,,,155.1,,26.7,,32.4,,34.8,,29.8,,89.6,,97.5,
135058,1,23.6,,,,,,125.5,,15,2,29.2,,26,,18,,55.4,,,
135059,1,16,,98.1,,,,96.9,,17,2,,,20,,18,,51.7,,,
135060,1,69.9,3,,,,,169.5,,24.3,,36.8,,41.4,,28.1,,95.4,,97,
135062,1,27.8,,,,,,138.3,,14.5,2,35.5,,31.2,,17.7,,54.5,,,
135063,1,22.4,,,,,,117.1,,16.3,2,,,23.5,,18.1,,58.3,,,
135064,1,63.5,,,,,,168.2,,22.4,,39,,40.2,,29.9,,86.5,,97.6,
135065,1,82.7,,,,,,161.1,,31.9,,36.1,,37.8,,31.9,,112,,119.2,
135066,1,77.1,,,,,,155.1,,32.1,,36.3,,36,,33.5,,110,,112.5,
135067,1,66.2,,,,,,154.1,,27.9,,34.9,,37,,33.4,,94.2,,105.4,
135069,1,71.9,,,,,,161.1,,27.7,3,37.3,,36.3,,32.5,,87.8,,106.7,
135070,1,56.2,,,,,,162.5,,21.3,,37,,35.2,,26.1,,88.6,,86.3,
135071,1,70.6,,,,,,179.9,,21.8,,42,,38.6,,29,,80.9,,97.1,
135072,3,90.5,3,,,,,168.1,,32,4,,1,38.1,,36.6,,100.5,,,1
135074,1,93.7,,,,,,184.5,,27.5,,45,,41,,32.5,,114,,105.3,
135077,1,66.8,,,,,,161.8,,25.5,,36.9,,35.8,,28.7,,94.7,,99.3,
135078,1,64.1,,,,,,163.2,,24.1,2,38.4,,35.1,,29.8,,75.9,,103,
135082,1,8.6,,76.3,,,,,,,,,,16,,14.2,,,,,
135084,4,,,,,,,,,,,,,,,,,,,,
135086,3,143.7,,,,,,168.2,,50.8,,,1,40,,41,,148.5,,163.8,
135087,1,75.5,,,,,,178.3,,23.7,,39.7,,40.4,,28.3,,100.6,,98.2,
135089,4,,,,,,,,,,,,,,,,,,,,
135090,1,63.2,,,,,,157.4,,25.5,,37.6,,36.4,,31.7,,93.1,,99.6,
135091,1,82.6,,,,,,175.4,,26.8,,39.2,,36,,27.8,,100.2,,113.7,
135092,1,86.4,,,,,,172.2,,29.1,,40.6,,37.6,,31.7,,105.8,,103.4,
135093,1,56.1,,,,,,166.7,,20.2,,37.6,,37.1,,28.7,,75.8,,90.5,
135094,1,96.2,,,,,,175.6,,31.2,,38,,41.2,,37.3,,106,,110.4,
135095,1,88.3,,,,,,169.7,,30.7,,35.5,,37.2,,31.5,,95.3,,118.5,
135096,1,12.5,,93,,,,92.4,,14.6,2,,,17.4,,14.8,,46.9,,,
135097,1,38.8,,,,,,143,,19,2,33.8,,33.5,,23.2,,66.4,,,
135098,1,89.9,,,,,,181.8,,27.2,,43.3,,42.9,,36.1,,98.6,,104.8,
135099,1,11,,81.5,,,,79.8,,17.3,2,,,16.3,,16,,44.8,,,
135100,1,138.1,,,,,,179.6,,42.8,,44.2,,44,,46.8,,127.1,,137.5,
135101,1,51.6,,,,,,161.5,,19.8,,37.2,,32,,26.6,,69.6,,91.1,
135102,1,78.9,,,,,,167,,28.3,,38.7,,38.3,,34.1,,98.3,,102.1,
135103,1,99.5,,,,,,156.2,,40.8,,33,,33.6,,40.3,,121.6,,129.6,
135106,1,30.1,,,,,,142.3,,14.9,2,34,,28.5,,19,,55.2,,,
135108,1,59.9,,,,,,162.6,,22.7,,39.6,,35.4,,28.1,,71.6,,94.5,
135110,1,68.1,,,,,,157.9,,27.3,,34.7,,34.7,,28.5,,96.1,,96,
135111,1,75.7,,,,,,164.6,,27.9,,36.9,,37.5,,34.5,,98.4,,99.6,
135112,1,78.7,,,,,,170.2,,27.2,,36,,37.1,,32,,104.7,,95.3,
135116,1,86.5,,,,,,166.5,,31.2,,40.1,,43,,36.6,,105,,101.8,
135117,1,117.4,,,,,,171.9,,39.7,,38.9,,38.3,,43,,122.7,,123.5,
135119,1,70.9,,,,,,180.4,,21.8,,41,,39.5,,30.1,,90.6,,97.8,
135120,3,83.8,3,,,,,181.2,,25.5,3,,1,39.5,,32,,84,,,1
135121,1,54.2,,,,,,162.9,,20.4,,36.7,,37,,26.3,,84,,86.6,
135124,1,54.4,,,,,,156.5,,22.2,2,36.7,,35,,27.8,,72.7,,93.5,
135126,1,81.4,,,,,,182.2,,24.5,,42.7,,42,,31.8,,90.1,,108.8,
135129,1,66.8,,,,,,156,,27.4,,35,,35.5,,31.8,,89.9,,103,
135130,1,117.2,,,,,,176.6,,37.6,,44.6,,36.4,,40.9,,111.6,,110.6,
135131,1,75,,,,,,155.5,,31,,31.8,,32,,32.5,,98,,109.7,
135132,1,58.6,,,,,,154.4,,24.6,,36.9,,30.4,,30.2,,84.1,,103.7,
135133,1,36.9,,,,,,137.4,,19.5,2,32.7,,30.7,,21.5,,73.5,,,
135134,1,66.8,,,,,,149.3,,30,,29.6,,31.6,,29.8,,99.4,,106,
135135,1,8.4,,75.4,,,,,,,,,,15.2,,14,,,,,
135136,1,60.9,,,,,,157.1,,24.7,4,37.8,,36.2,,32.9,,92.4,,,
135137,1,88.6,,,,,,181,,27,,44.6,,41.4,,33.5,,108.2,,105.5,
135138,1,59.6,,,,,,165.8,,21.7,2,39.4,,36.6,,27.3,,79.2,,97,
135140,1,131.3,,,,,,184.2,,38.7,,40.4,,40.5,,39.6,,122.3,,119.8,
135141,3,66.1,3,,,,,169.1,,23.1,,,1,37.7,,29.3,,,1,,1
135142,1,65,,,,,,147.5,,29.9,,32,,33,,32.4,,106.1,,105,
135143,1,77.8,,,,,,168.6,,27.4,,40.9,,35.5,,32.8,,99.3,,103.2,
135144,1,77.2,,,,,,163.3,,28.9,,36.5,,36,,33.5,,102.4,,100.8,
135146,1,74.1,,,,,,166.9,,26.6,,37.4,,34.3,,30,,95.2,,99.8,
135147,3,145.2,,,,,,164.4,,53.7,,,1,40.2,,46,,,1,,1
135148,1,81.4,,,,,,173.5,,27,,41.1,,37.2,,33.3,,101.2,,100.7,
135149,1,68.1,,,,,,168.9,,23.9,,39.3,,38.5,,31,,85.2,,92.9,
135150,1,79,,,,,,156.5,,32.3,,34.5,,33.9,,32.8,,100.2,,114.1,
135152,1,109.5,,,,,,173.5,,36.4,,38.9,,35.2,,36.7,,116.2,,116.5,
135153,1,64.1,,,,,,172,,21.7,,40.4,,36.4,,31.9,,83.1,,102.3,
135155,1,69.4,,,,,,167,,24.9,,35.1,,33.6,,30.5,,99.6,,93.3,
135156,3,64.4,,,,,,165,,23.7,3,,1,36.5,,28.7,,,1,,1
135157,1,57.2,,,,,,172.1,,19.3,,38.4,,38,,25.5,,81,,83.8,
135158,1,124.9,,,,,,178.2,,39.3,,39.5,,40,,41.3,,139.2,,119.6,
135159,1,89.4,,,,,,180.1,,27.6,,49.8,,42.6,,33.4,,99.4,,104.9,
135161,1,98.3,,,,,,174.9,,32.1,4,44,,38,,37.4,,105.4,,114,
135162,1,13.6,,90.8,,,,90,,16.8,2,,,19,,16,,50.9,,,
135165,1,8.9,,71.8,,,,,,,,,,13,,15.6,,,,,
135166,1,10.6,,79.1,,,,,,,,,,15.7,,15.2,,,,,
135167,1,58.6,,,,,,161.1,,22.6,2,39.2,,36.8,,24.8,,77.5,,96.4,
135170,1,90.3,,,,,,188.3,,25.5,,42.3,,35.6,,32.8,,89.7,,107.8,
135172,1,103.2,,,,,,191.8,,28.1,,45,,44,,36,,109.2,,109.2,
135173,1,61.1,,,,,,172.7,,20.5,,41.5,,39.2,,29.9,,82.7,,89.9,
135174,1,72.6,,,,,,170,,25.1,,38.7,,38,,29.6,,90.5,,101.7,
135175,1,38.2,,,,,,149.6,,17.1,2,35.4,,32.2,,21.7,,65.7,,76,
135176,1,79.1,,,,,,165.4,,28.9,,38.1,,35.5,,33.8,,90.7,,108,
135177,1,105.7,,,,,,173.9,,35,,41,,39.2,,38.2,,114.3,,114,
135181,1,100.3,,,,,,151.5,,43.7,,34,,34.9,,36.5,,130.9,,138.2,
135182,1,44.4,,,,,,159.6,,17.4,2,36.6,,35,,23.2,,62.6,,81.2,
135183,1,58.3,,,,,,153.5,,24.7,,35.2,,34.4,,29.4,,95.2,,93.6,
135184,1,63.6,,,,,,158.4,,25.3,,34.5,,32,,29.9,,90.4,,98.3,
135185,1,98.8,,,,,,176.8,,31.6,,43,,41.8,,38.1,,110.5,,105.2,
135187,1,141.6,,,,,,161.4,,54.4,,37.7,,33.5,,46.2,,122.5,,159.8,
135188,1,67.3,,,,,,166.9,,24.2,,42.5,,40,,27.6,,89.6,,95,
135189,1,67.9,,,,,,153.3,,28.9,,33.4,,33.9,,32,,96.2,,103.4,
135191,1,150.5,,,,,,186.3,,43.4,,45.5,,44.8,,46,,139.8,,138.6,
135192,1,92.7,,,,,,173.3,,30.9,,42.1,,40,,37.5,,111,,109,
135194,1,55.6,,,,,,166.6,,20,,37.9,,36,,24,,80,,94.4,
135195,1,73.1,,,,,,159.7,,28.7,,36,,34.5,,35.8,,94.2,,94.2,
135196,1,113.6,,,,,,187.2,,32.4,,43.5,,40.5,,38.3,,107.5,,113,
135197,1,68.3,,,,,,154.2,,28.7,,33.7,,35.6,,31.8,,96.6,,103.3,
135198,1,75.8,,,,,,176.4,,24.4,,40.6,,40.2,,31.4,,97.6,,95.5,
135199,1,94.5,,,,,,157.5,,38.1,,34.6,,35,,38.1,,100.3,,118,
135200,1,70.8,,,,,,179.7,,21.9,,42,,42.2,,29.3,,92,,94.6,
135201,1,84.6,,,,,,175.7,,27.4,,41.8,,40.8,,35.4,,87.5,,100.6,
135202,1,6.6,,68.8,,43.4,,,,,,,,13.2,,12.2,,,,,
135203,1,88,,,,,,166.4,,31.8,,38.8,,38.8,,36,,105.9,,114.4,
135204,1,136.1,,,,,,175.9,,44,,38.7,,33,,39.9,,137.8,,124.5,
135205,1,9.3,,71.5,,,,,,,,,,14.5,,15.5,,,,,
135207,1,90.4,,,,,,189.3,,25.2,,42.4,,42.5,,33.5,,98.8,,103.3,
135208,1,31.3,,,,,,131.5,,18.1,2,30.7,,29,,23.3,,71.6,,77.4,
135209,4,,,,,,,,,,,,,,,,,,,,
135210,1,60.2,,,,,,169.3,,21,,40,,34.1,,26.4,,78.7,,95.5,
135213,1,82,,,,,,165.6,,29.9,,36.4,,37.7,,31.1,,107.8,,98.4,
135214,1,10.8,,77.9,,,,,,,,,,16.2,,14.4,,,,,
135215,1,18.3,,,,,,112,,14.6,2,,,22,,17.5,,50,,,
135216,1,96.9,,,,,,160,,37.9,,36.2,,35.8,,35.9,,121.9,,125.9,
135217,1,68,,,,,,168.2,,24,,37.2,,34.5,,29.2,,82.4,,90.9,
135218,1,56.7,,,,,,175,,18.5,2,38.5,,37.2,,24,,69.1,,92.2,
135219,1,68.6,,,,,,160.6,,26.6,,35.2,,34.7,,31.5,,88.9,,97.2,
135220,1,119.6,,,,,,171.8,,40.5,,35.8,,41.9,,43.3,,125.6,,129.7,
135222,1,71.3,,,,,,172.2,,24,,39.9,,38.4,,33.9,,79.8,,95.4,
135223,1,111.9,,,,,,171.9,,37.9,,32.6,,39.8,,35.4,,132.6,,126.2,
135224,1,32.1,,,,,,136.6,,17.2,2,31.4,,27.1,,21.2,,58.3,,,
135225,1,9.5,,69.3,,,,,,,,,,15.5,,16,,,,,
135227,1,50.5,,,,,,151.4,,22,,35.6,,33.6,,26.3,,83,,94.8,
135229,1,40.1,,,,,,147.7,,18.4,2,33.8,,33,,22,,68.9,,,
135230,1,16.7,,100.3,,,,99,,17,2,,,20.3,,16.5,,51,,,
135231,1,32.1,,,,,,144.1,,15.5,2,36.5,,28.2,,20.2,,64.3,,,
135232,1,95.7,,,,,,169.7,,33.2,,41.7,,39.7,,39.8,,107.6,,107.9,
135234,1,29.1,,,,,,107.1,,25.4,4,,,23.3,,23,,70,,,
135236,1,81.7,,,,,,168.7,,28.7,,38.5,,35.5,,33.5,,105.4,,110.6,
135238,1,116.6,,,,,,155.3,,48.3,,28,,35,,45.9,,139.2,,144.2,
135239,1,61.4,,,,,,161.7,,23.5,,35,,35.5,,30.8,,75.5,,87.5,
135240,1,48.8,,,,,,160.3,,19,2,36.1,,35,,23.8,,66.3,,86.3,
135241,1,67.3,,,,,,164.7,,24.8,,37,,35,,31,,80.8,,105.6,
135243,1,61.5,,,,,,166.9,,22.1,,39.3,,36.6,,26.8,,81.5,,90.3,
135244,1,57.7,,,,,,172.1,,19.5,,42.4,,37,,29.4,,70.7,,87,
135245,1,72.7,,,,,,161.3,,27.9,,38.2,,37.2,,34.5,,97.5,,98.2,
135246,3,222.7,,,,,,179.5,,69.1,,,1,40,,61,,,1,,1
135248,1,95.8,,,,,,160,,37.4,,34.6,,39.4,,41.7,,115.4,,112.4,
135249,1,71.9,,,,,,153.6,,30.5,3,34.6,,35.5,,35,,93.8,,105.9,
135250,1,73.5,,,,,,158.7,,29.2,,36.5,,34,,32.2,,90.5,,110,
135251,1,78.6,,,,,,176.5,,25.2,,41.4,,39.1,,30,,90.5,,99.2,
135255,1,116.7,,,,,,175.3,,38,,40,,41.8,,40.5,,135.1,,121,
135256,1,32.1,,,,,,121.3,,21.8,4,,,27.2,,21.7,,69.3,,,
135260,1,96.6,,,,,,176.9,,30.9,,41.4,,42.3,,36.2,,114.4,,108.7,
135261,1,76.4,,,,,,172.8,,25.6,3,39.2,,35.5,,31.5,,91.5,,104.4,
135262,1,93.4,,,,,,169.5,,32.5,,37.5,,38.2,,36.4,,113,,105.7,
135264,1,40.3,,,,,,139.2,,20.8,3,35.6,,32.6,,22.8,,66.9,,,
135265,1,83,,,,,,166.3,,30,,37.1,,37.4,,33,,104.7,,105.7,
135266,1,89.2,,,,,,174.5,,29.3,,43.1,,41.8,,33.3,,107.4,,104,
135270,1,106.1,,,,,,172.2,,35.8,,37.1,,42.6,,44.2,,112.6,,117.5,
135272,1,49.1,,,,,,151.1,,21.5,2,35,,28.5,,25.6,,78,,84.7,
135274,1,13.9,,91.8,,,,90.6,,16.9,2,,,16.7,,16.1,,46.8,,,
135275,1,136.9,,,,,,172.2,,46.2,,38.5,,36,,39.9,,132.2,,139.3,
135276,1,77.1,,,,,,148.8,,34.8,4,36.5,,35.4,,36.4,,100.1,,,
135277,1,60.3,,,,,,170,,20.9,2,40.5,,34.4,,26.5,,77.1,,91.6,
135278,1,68.7,,,,,,147.9,,31.4,4,34.5,,35.3,,33.6,,103.2,,,
135280,1,24.2,,,,,,123.3,,15.9,2,,,26.8,,16.5,,53.6,,,
135281,1,103.1,,,,,,176.9,,32.9,,43,,40.4,,37.8,,113.6,,107.3,
135284,1,117.8,,,,,,154.5,,49.4,,28.5,,36,,39.4,,138.3,,135.8,
135285,2,153.3,3,,,,,184.2,,45.2,,,1,,1,,1,,1,,1
135287,3,110.3,3,,,,,165.7,,40.2,,,1,40.6,,38.7,,121.2,,,1
135288,1,76.5,,,,,,159.4,,30.1,,33.8,,36.2,,35.1,,100.2,,108.1,
135291,1,65.7,,,,,,165.6,,24,,38,,36,,28.8,,90.6,,102.6,
135292,1,63.3,,,,,,162.9,,23.9,,34.7,,33.5,,28.7,,87,,101.6,
135293,1,56.6,,,,,,160.4,,22,,36.8,,34,,28.2,,86.2,,88.6,
135295,1,81.6,,,,,,156.2,,33.4,,34.6,,35.6,,36.4,,97.4,,114.9,
135296,1,21.5,,,,,,120.1,,14.9,2,,,24.9,,18.1,,50.6,,,
135297,1,55.5,,,,,,162.1,,21.1,2,38.6,,36.3,,25,,78.4,,88.1,
135298,1,100.1,,,,,,157.6,,40.3,,36.2,,33,,31,,116.1,,138.7,
135299,1,95.4,,,,,,178.9,,29.8,,41.5,,40,,35.3,,112.8,,104.7,
135300,1,64.3,,,,,,165.7,,23.4,,38,,36.4,,29.7,,89.5,,96.8,
135301,1,69,,,,,,163.7,,25.7,,39,,36.5,,26.9,,99.8,,99.1,
135302,1,75.1,,,,,,160.3,,29.2,,31.2,,35.5,,35.5,,108,,115.5,
135304,1,31.2,,,,,,127,,19.3,3,27.9,,25.9,,23.2,,63.2,,,
135305,1,56.5,,,,,,153,,24.1,,35.3,,34.5,,30.5,,77.6,,100,
135306,1,156.9,,,,,,180.8,,48,,43.1,,41.3,,48.8,,133.5,,139.2,
135307,1,17.9,,,,,,105.1,,16.2,2,,,20.5,,18,,53.6,,,
135308,1,62.2,,,,,,163.2,,23.4,,40.1,,36.1,,27.6,,81.5,,97.6,
135310,1,62,,,,,,144.8,,29.6,,33,,32.2,,31,,100.5,,98.2,
135311,3,16.4,,97,,,,94.8,3,18.2,4,,,,1,,1,,1,,
135312,1,54.5,,,,,,159.7,,21.4,,34.9,,35,,26.7,,78.9,,91.4,
135313,1,20.9,,,,,,122.6,,13.9,2,,,24.8,,17,,50.6,,,
135314,1,55,,,,,,160.3,,21.4,,35,,33.8,,28.6,,78.9,,94.4,
135315,1,50.6,,,,,,152.6,,21.7,2,37.3,,35.4,,28.1,,72.3,,88.1,
135316,1,52.2,,,,,,167.2,,18.7,,38.4,,35.6,,24.6,,71.3,,93,
135317,1,70,,,,,,170.6,,24.1,,38.7,,38.8,,31.1,,94.4,,92.1,
135318,1,71.5,,,,,,163,,26.9,,39.3,,37.2,,30.5,,90.5,,97.3,
135321,1,72.3,,,,,,166,,26.2,,39.6,,37.4,,30.8,,93,,97,
135322,1,17.7,,100.3,,,,96.4,,19,4,,,19,,19.2,,51.1,,,
135323,1,17.2,,,,,,103.5,,16.1,2,,,20.8,,17.5,,51,,,
135324,1,78.2,,,,,,177.1,,24.9,,37.7,,39.8,,34.3,,93.9,,96.1,
135325,1,101.2,,,,,,173.3,,33.7,,39.9,,39.2,,39.4,,108.4,,107.8,
135326,3,16.8,,106.9,,,,103.9,,15.6,2,,,20.2,,17.4,,,1,,
135329,1,93.9,,,,,,167.3,,33.5,,37,,37.6,,37.7,,109.4,,109.2,
135330,1,135.1,,,,,,163.6,,50.5,,39.7,,40,,55.8,,127.8,,145.7,
135332,1,87.9,,,,,,180.9,,26.9,,42.5,,40.6,,33.5,,98.4,,106.8,
135335,1,41.1,,,,,,130.7,,24.1,4,,,28.8,,27,,78.6,,,
135336,1,104.1,,,,,,183.5,,30.9,,44,,42,,39.8,,109.7,,115.6,
135337,1,14.8,,92.9,,,,90.5,,18.1,3,,,18.4,,18.1,,53.3,,,
135339,1,87.5,,,,,,160.9,,33.8,,35.8,,36.1,,31.9,,111.3,,119.4,
135340,1,93.3,,,,,,162.8,,35.2,4,40.5,,37.8,,38.2,,104.4,,117.2,
135342,1,23.1,,,,,,116.4,,17,2,,,23.7,,19.4,,60.2,,,
135343,1,86.9,,,,,,160.1,,33.9,,31.2,,37.5,,32.6,,122.5,,117.5,
135344,1,69.1,,,,,,174.8,,22.6,,37.9,,39.7,,29.9,,88.7,,96.8,
135345,1,57.4,,,,,,160.4,,22.3,2,35.7,,35.9,,26.8,,77.5,,94.3,
135346,1,68.8,,,,,,172.9,,23,2,40.1,,38,,28.9,,83.5,,98.7,
135347,1,113.2,,,,,,180.7,,34.7,,36.6,,39.5,,39,,122.4,,117.5,
135348,1,80.5,,,,,,172.4,,27.1,,39.4,,39,,33.2,,99.5,,101,
135350,1,82,,,,,,169.8,,28.4,,42.3,,39.6,,31.7,,102.7,,98.9,
135351,1,75.8,,,,,,175.5,,24.6,,37.5,,42.2,,27.8,,100,,97,
135352,1,67,,,,,,182.1,,20.2,2,43.8,,39.6,,27.6,,70.6,,91,
135353,3,70.4,4,,,,,160.4,,27.4,,,1,35.4,,37.7,,101,,101.7,
135356,3,53.6,3,,,,,150.7,,23.6,,,1,33,,27.7,,,1,,1
135357,1,49.9,,,,,,154.3,,21,,35.5,,35.7,,23.8,,77.3,,92.1,
135358,1,69.4,,,,,,164.2,,25.7,,37.3,,35.6,,29.3,,99.8,,101.2,
135360,1,20,,,,,,108.7,,16.9,3,,,22.7,,17.5,,51.4,,,
135362,1,15.5,,,,,,99.5,,15.7,2,,,20,,17.5,,48.1,,,
135363,1,12.6,,85.1,,,,84.9,,17.5,2,,,17.6,,17,,48.3,,,
135364,1,65.9,,,,,,172.3,,22.2,,36.7,,41.6,,28,,86.2,,92,
135366,1,78.5,,,,,,166.1,,28.5,,38.3,,39.7,,35.4,,99.8,,98.6,
135369,1,76.7,,,,,,176.1,,24.7,,45.5,,40.5,,36.4,,79.4,,97.3,
135370,1,24.8,,,,,,123.7,,16.2,2,,,25,,18.5,,55,,,
135372,1,93.3,,,,,,163.2,,35,,31.5,,35.8,,36.6,,117.5,,130.2,
135373,1,30.8,,,,,,123.8,,20.1,4,,,25.5,,21.9,,64.6,,,
135374,1,16.3,,98.3,,,,95.2,,18,3,,,17.9,,17.2,,53.1,,,
135375,1,107.9,,,,,,170.5,,37.1,,41.5,,36.9,,38.4,,116.4,,133.7,
135376,1,88.5,,,,,,167,,31.7,,38.5,,37.6,,35.5,,97.3,,104.4,
135377,1,80.5,,,,,,175.9,,26,,41.9,,38.6,,32.6,,98.8,,98.1,
135381,1,65.5,,,,,,187.9,,18.6,,40.6,,42.6,,28,,76.6,,91.1,
135382,1,76.1,,,,,,151.2,,33.3,,37,,35.1,,31.9,,97.5,,111.8,
135383,1,82.9,,,,,,178.8,,25.9,3,45,,37,,35,,86.4,,103.3,
135384,1,54.4,,,,,,161.2,,20.9,,35.2,,34.3,,27,,82.9,,92.6,
135385,3,,,,,,,190.5,,,,,1,42.1,,30.2,,95.1,,95.8,
135388,1,60.5,,,,,,160.9,,23.4,,41,,36.7,,28.5,,78,,95.1,
135389,1,50.8,,,,,,153.4,,21.6,,34.6,,32.9,,26.5,,73.6,,91.6,
135390,1,120.8,,,,,,174.6,,39.6,,43.5,,42.9,,42,,129,,124,
135391,1,79.7,,,,,,176.7,,25.5,,40.7,,40.3,,28.7,,104.7,,101.9,
135392,1,80,,,,,,171.8,,27.1,,38.2,,37.3,,34.4,,90.5,,107.2,
135395,1,109.9,,,,,,181.1,,33.5,,43.7,,41.7,,39.3,,109.7,,112.1,
135396,1,85.4,,,,,,178.9,,26.7,,39.3,,40.6,,32.9,,104.1,,100,
135397,3,163.4,,,,,,158.9,,64.7,,,1,36.5,,47.1,,,1,,1
135399,1,59.8,3,,,,,166.2,,21.6,,40.2,,36.7,,25.9,,77.4,,100.2,
135401,1,95.4,,,,,,165.8,,34.7,,38.2,,36.5,,38,,112.5,,106,
135404,1,124.8,,,,,,164,,46.4,,40.1,,44.2,,45.1,,128.3,,142.8,
135405,1,95.7,,,,,,155.2,,39.7,,36.2,,37.4,,39.8,,113.1,,128.3,
135406,1,70.8,,,,,,170,,24.5,,40.5,,37.5,,31.6,,88,,99,
135407,1,91.2,,,,,,163.2,,34.2,,37.9,,35.4,,35.2,,116.3,,121.8,
135409,1,68.1,,,,,,171.9,,23,,39.5,,37.3,,31.7,,81.1,,94.6,
135410,1,14.7,,,,,,94.5,,16.5,2,,,21.5,,17.2,,48.2,,,
135411,1,41.7,,,,,,139.1,,21.6,,31,,29.5,,22.8,,79.4,,86.5,
135413,1,55.2,,,,,,156.9,,22.4,2,37.6,,34.3,,27.6,,78.7,,96.2,
135414,1,72.4,,,,,,166,,26.3,,36.8,,35.5,,33,,89.8,,93.7,
135416,1,66.7,,,,,,162.8,,25.2,,39,,36.9,,32.6,,88.1,,101.2,
135417,4,,,,,,,,,,,,,,,,,,,,
135419,1,144.9,,,,,,191.6,,39.5,,46.2,,43.5,,38.3,,121.8,,133.7,
135420,1,15.2,,103.4,,,,101.5,,14.8,2,,,21.5,,16.1,,49.2,,,
135421,1,15.9,,,,,,105,,14.4,2,,,21.5,,16.8,,48.5,,,
135422,1,52.8,,,,,,167.4,,18.8,,40.5,,37.2,,27.5,,72.2,,85.1,
135423,1,46.7,,,,,,153.8,,19.7,,34.4,,32.3,,23.6,,68.2,,86.5,
135424,1,23.8,,,,,,123.3,,15.7,2,,,28.2,,18.4,,52.2,,,
135425,1,94.2,,,,,,166.9,,33.8,,38.8,,36.4,,35,,109.6,,104.8,
135427,1,93.4,,,,,,166.9,,33.5,,40.2,,37.2,,37.3,,103,,122.8,
135428,1,104.9,,,,,,160.8,,40.6,,39.6,,35.5,,43.9,,109.4,,133,
135429,1,44.1,,,,,,146.1,,20.7,2,34.2,,31.3,,23.3,,72.1,,86,
135432,1,63.5,,,,,,162.4,,24.1,,36.1,,36.8,,32,,100.7,,100.6,
135433,1,25.3,,,,,,123.8,,16.5,2,28.8,,25.6,,20.3,,56.3,,,
135434,1,28.3,,,,,,126.5,,17.7,2,,,27.6,,20.8,,61.2,,,
135436,1,66.3,,,,,,158.6,,26.4,3,39.9,,37.1,,31.7,,84.8,,98.2,
135437,1,90.9,,,,,,163.6,,34,,39.7,,39.5,,33.4,,112,,121.9,
135439,1,82.1,,,,,,177.1,,26.2,,44.7,,41.5,,33.3,,98.5,,103.5,
135440,1,25.6,,,,,,133.5,,14.4,2,29.8,,26.1,,17.9,,55.8,,,
135441,1,58.3,,,,,,168.6,,20.5,,40,,36.8,,24.9,,85.1,,95.8,
135442,1,87.9,,,,,,156.5,,35.9,,35,,36.5,,41.5,,111.5,,118.2,
135443,1,118.4,,,,,,167.3,,42.3,,35.3,,36.5,,35.5,,125.7,,133.5,
135445,1,76.3,,,,,,153.5,,32.4,,34.6,,34.1,,35.2,,103.1,,110.5,
135446,1,92,,,,,,185.9,,26.6,,43.1,,42.8,,34.3,,116.8,,106.3,
135447,1,59.7,,,,,,147,,27.6,,35.3,,31.4,,29.1,,91.7,,96.8,
135449,1,61.9,,,,,,164.8,,22.8,2,38,,36,,28,,82.8,,94.3,
135450,1,93,,,,,,171.5,,31.6,,32,,39.3,,34.5,,114,,118,
135452,1,90.4,,,,,,178.7,,28.3,,40.2,,40.5,,38.6,,100,,105,
135453,1,74.8,,,,,,184.3,,22,,46.3,,41,,30.3,,84.4,,98.5,
135454,1,61.1,,,,,,159.8,,23.9,,37,,36.5,,27.8,,95,,97.8,
135455,1,16,,,,,,102.4,,15.3,2,,,21,,16.4,,48.7,,,
135456,1,68.8,,,,,,163.6,,25.7,,33,,34.8,,30.1,,103.7,,106.2,
135458,1,60,,,,,,180.3,,18.5,,42.8,,36.3,,27.3,,70.2,,80.9,
135459,1,64.4,,,,,,156.5,,26.3,,38.3,,35.1,,31,,84.3,,100.9,
135460,1,71.8,,,,,,168.3,,25.3,,38.1,,38.1,,31.2,,98.5,,94.8,
135463,1,72.2,,,,,,161.8,,27.6,,33.8,,38.7,,31.5,,107.8,,103,
135465,1,74.1,,,,,,168.5,,26.1,3,38,,35.5,,33.8,,85.8,,100.4,
135466,1,101,,,,,,158.8,,40.1,,38.2,,35.5,,41,,118,,132.3,
135467,1,72.9,,,,,,166,,26.5,,39.6,,37.1,,31.8,,102.4,,99.5,
135468,3,14.4,3,99.9,,,,99,,14.7,2,,,,1,,1,49.2,,,
135469,2,60,3,,,,,165.8,,21.8,,,1,,1,,1,,1,,1
135470,1,76.1,,,,,,153.8,,32.2,,39.5,,37,,34.7,,104.6,,116,
135473,1,109.5,,,,,,184.5,,32.2,,44.3,,39.5,,35.5,,110,,111,
135475,1,118.2,,,,,,185.3,,34.4,,44,,43.5,,42.8,,117,,112.6,
135476,1,87.2,,,,,,157.9,,35,,35,,37.4,,30.4,,110.9,,115.5,
135477,1,73.6,,,,,,169.3,,25.7,,37.5,,36.8,,31.3,,97.2,,97.7,
135478,1,85.1,,,,,,185.4,,24.8,2,44.2,,41.4,,32.6,,94.5,,105.9,
135479,1,75.1,,,,,,167.4,,26.8,,39.2,,38.1,,30.3,,98.6,,108.4,
135480,1,58.6,,,,,,165.4,,21.4,,41.2,,37.5,,24.5,,81,,92.5,
135483,1,51.7,,,,,,153.9,,21.8,,36.2,,32.2,,25.4,,83.5,,91.4,
135484,1,90.6,,,,,,165,,33.3,,40,,37,,35.9,,96.9,,123.5,
135485,1,78.6,,,,,,175.8,,25.4,,39.5,,37,,29.5,,92.9,,106.2,
135488,1,36.5,,,,,,145,,17.4,2,35.5,,29.9,,21,,60.3,,,
135490,1,31.7,,,,,,137.7,,16.7,2,32,,29.2,,20.5,,59.6,,,
135493,1,51.6,,,,,,151.8,,22.4,2,35,,33,,26.6,,75.4,,90.5,
135494,1,100.2,,,,,,179.2,,31.2,,40,,44.8,,38.4,,109.9,,111.4,
135496,1,76.4,,,,,,167,,27.4,,40.2,,40,,33.1,,88,,99.1,
135498,1,65.5,,,,,,165.1,,24,,39.7,,35.7,,27.9,,75.7,,102.4,
135499,1,95.7,,,,,,176,,30.9,,40.5,,39,,38.1,,107.7,,111.6,
135500,1,63.7,,,,,,162,,24.3,,38.5,,36,,30.8,,77.9,,91,
135502,1,82,,,,,,176,,26.5,,40,,37,,31.4,,93.2,,99.3,
135503,1,56.4,,,,,,152.5,,24.3,,35.1,,33.5,,30,,86.2,,95.7,
135504,1,114.3,,,,,,165.8,,41.6,,40.1,,40.8,,47.7,,127.1,,123.8,
135505,1,58.2,,,,,,168.5,,20.5,,37,,36.2,,27.3,,79.6,,89.2,
135506,1,20.4,,,,,,115,,15.4,2,,,23.5,,18,,52.6,,,
135508,1,97.6,,,,,,187.7,,27.7,,45,,42.1,,34.8,,99.4,,104.5,
135509,1,99.1,,,,,,158.3,,39.5,,34.5,,38,,39.1,,112.8,,125.8,
135511,1,81,,,,,,159.1,,32,,33.8,,33.9,,32.1,,116.8,,123.5,
135512,1,93.1,,,,,,169.6,,32.4,,39,,37.2,,34.8,,111.5,,106,
135513,1,13,,88.5,,,,,,,,,,17.5,,17.1,,,,,
135516,1,78.9,,,,,,169.2,,27.6,,36.5,,38,,30.1,,99.1,,99.7,
135517,1,65.7,,,,,,158.7,,26.1,,32.4,,31.9,,27.9,,101.7,,103.6,
135519,1,71.6,,,,,,161.8,,27.3,,36.8,,35.5,,32.6,,93.2,,106,
135520,1,17.5,,,,,,114.2,,13.4,1,,,21.9,,15.5,,49,,,
135521,1,85.9,,,,,,173,,28.7,,38.3,,36.8,,32.4,,108,,109.9,
135522,1,106.6,,,,,,176.1,,34.4,,41.2,,38,,38.9,,118,,111.9,
135524,1,31.7,,,,,,128.9,,19.1,3,,,27.2,,24.1,,64.1,,,
135528,1,89.1,,,,,,164,,33.1,,41.1,,38.2,,37,,110.4,,110.5,
135529,1,81.2,,,,,,167.5,,28.9,,37.9,,35.6,,30.3,,105.1,,99.4,
135530,1,73.5,,,,,,183.4,,21.9,,45.7,,39.8,,29.2,,78.1,,98.6,
135531,1,16.6,,93.3,,,,92.7,,19.3,4,,,18.5,,18.4,,50.1,,,
135533,3,114.9,,,,,,159.4,,45.2,,,1,38.6,,43.1,,117.6,,144.3,
135535,1,71.5,,,,,,170,,24.7,,39,,35.5,,29.7,,95.9,,100.5,
135536,1,59,,,,,,168.7,,20.7,,39.7,,36,,26.9,,83.1,,90.3,
135537,1,115.9,,,,,,190.5,,31.9,,44.6,,44,,37.9,,119.8,,112.6,
135538,1,9.7,,73.7,,,,,,,,,,14.5,,15.2,,,,,
135539,1,69.7,,,,,,154.9,,29,,36.6,,36.5,,32.2,,94.3,,115.4,
135540,1,85.4,,,,,,193.3,,22.9,,47.2,,43.5,,35,,85.7,,99.1,
135541,1,87.9,,,,,,173.8,,29.1,,36.8,,43.4,,31.7,,106.9,,102.4,
135542,1,80.7,,,,,,163.1,,30.3,,40,,40,,40.5,,92.9,,103,
135543,1,65.1,,,,,,169.6,,22.6,2,41.2,,38.5,,29.6,,73.5,,91,
135544,1,86.5,,,,,,166.6,,31.2,,38.8,,40.6,,34.2,,109.4,,110,
135545,1,96.6,,,,,,183.2,,28.8,,42.5,,42.5,,33,,109,,110.6,
135546,1,79.9,,,,,,160.9,,30.9,,37.8,,37.5,,31.1,,113.2,,110.2,
135547,3,24.6,,,,,,127.9,,15,2,,1,27,,16.9,,53.7,,,
135548,3,61.3,,,,,,159.4,,24.1,,36.2,,33,,30.1,,,1,,1
135549,1,80.1,,,,,,189.6,,22.3,2,48.1,,42.3,,30.4,,82.9,,101.9,
135550,1,64,,,,,,162.4,,24.3,,39.5,,37,,27.9,,96.3,,91,
135551,3,94.9,3,,,,,162.8,,35.8,,,1,,1,,1,116.8,,120.8,
135552,1,62.6,,,,,,155.6,,25.9,,33.4,,33.2,,28.4,,90,,101,
135553,1,74.9,,,,,,157.9,,30,,36,,35.3,,33.6,,92.7,,106.8,
135555,1,84,,,,,,151,,36.8,,34,,35.7,,36.9,,115,,121.2,
135556,1,60.8,,,,,,156.2,,24.9,2,37.5,,33.2,,29.5,,76.1,,102.5,
135557,1,43.1,,,,,,140.7,,21.8,4,30.9,,30.2,,25,,80.9,,,
135558,1,59.8,,,,,,154.6,,25,2,36.5,,34.2,,29.6,,82.2,,97.2,
135559,1,57.4,,,,,,168.3,,20.3,2,38,,38.5,,28.4,,73.9,,87.2,
135560,1,103.9,,,,,,175.5,,33.7,,41.3,,38.5,,41.3,,109.2,,110.9,
135561,1,138.7,,,,,,173.3,,46.2,,41.7,,43,,41.2,,141.4,,139.8,
135564,1,53.1,,,,,,165.5,,19.4,,38.4,,37.9,,25.5,,74.5,,89.8,
135565,1,97.3,,,,,,167,,34.9,,38.7,,40.3,,36.3,,116.9,,107.1,
135566,1,93.2,,,,,,151.3,,40.7,,31.7,,33.8,,33,,135.5,,137,
135567,1,81,,,,,,169.1,,28.3,,38.4,,37,,28.3,,104.3,,115.1,
135568,1,27.8,,,,,,128,,17,2,,,27.2,,20.7,,60.9,,,
135569,1,63.2,,,,,,165,,23.2,,36.5,,37.2,,28.2,,90.8,,102.1,
135570,1,146.5,,,,,,174.8,,47.9,,34.6,,42.8,,43.3,,152.9,,143,
135571,1,90.3,,,,,,175,,29.5,,42.3,,41,,36.3,,102.6,,105,
135573,1,73.9,,,,,,159.5,,29,,36.3,,37.8,,31,,98.9,,110,
135574,1,45.2,,,,,,143.9,,21.8,3,34.8,,31.2,,26.1,,69.2,,,
135575,1,11.2,,76.3,,,,,,,,,,14.5,,16,,,,,
135576,1,17.8,,99.9,,,,99.8,,17.9,3,,,20.4,,18.5,,55,,,
135577,1,28.9,,,,,,126.9,,17.9,2,,,25.3,,21.5,,63.4,,,
135579,1,11.1,,91.8,,,,90.9,,13.4,1,,,18.1,,14.2,,41.4,,,
135580,2,47.2,3,,,,,151.9,,20.5,2,,1,,1,,1,,1,,1
135581,1,85.7,,,,,,182.7,,25.7,,41,,39,,33.7,,98.5,,98.5,
135582,1,75.4,,,,,,154.4,,31.6,,31.7,,31.1,,32,,108.1,,118.7,
135583,1,92.4,,,,,,189,,25.9,,44,,41.1,,33.7,,97.1,,105,
135584,1,55.4,,,,,,160.6,,21.5,,38.5,,36.8,,26.6,,73.3,,96.8,
135585,2,89.6,3,,,,,159.4,,35.3,,,1,,1,,1,,1,,1
135586,1,91.5,,,,,,180.4,,28.1,,38.3,,42.4,,35.4,,94.3,,103.5,
135587,1,61.1,,,,,,155.7,,25.2,,33.3,,34.5,,29,,97.4,,99.2,
135588,1,81.7,,,,,,164.7,,30.1,,41,,37.8,,35,,103.7,,99,
135589,1,70.9,,,,,,159.2,,28,,35.6,,33,,32.7,,103.2,,101.7,
135590,1,13.3,,98.9,,,,98,,13.8,1,,,19,,14.2,,47.4,,,
135591,1,113.6,,,,,,176,,36.7,,44.3,,40.1,,38.2,,126.7,,115.7,
135592,1,81.4,,,,,,165.5,,29.7,,42.3,,43.8,,31.6,,118.4,,110.6,
135593,1,72,,,,,,168.4,,25.4,,39.3,,38.7,,29.5,,99.3,,98.6,
135594,1,28.5,,,,,,131.8,,16.4,2,29,,27.8,,20.7,,62.1,,,
135597,2,66.5,3,,,,,154.7,,27.8,,,1,,1,,1,,1,,1
135598,1,52.7,,,,,,156.2,,21.6,2,38.3,,35.5,,25.9,,75.8,,91.9,
135599,1,62.4,,,,,,167.8,,22.2,,41.5,,38,,27.4,,78.7,,100.8,
135600,1,10.9,,82.8,,,,,,,,,,15.9,,15,,,,,
135601,1,57.9,,,,,,150.6,,25.5,4,37.8,,34.6,,30.8,,84.7,,,
135602,1,109,,,,,,183.3,,32.4,,44.9,,39.5,,38.8,,112.3,,114.2,
135603,1,66.2,,,,,,165.2,,24.3,,42.5,,36.5,,27.8,,84,,97.9,
135605,1,86.6,,,,,,178.2,,27.3,,44.5,,40.4,,35.4,,89.8,,103.9,
135608,1,81.3,,,,,,159.3,,32,,34,,37.5,,34.5,,101.5,,111.4,
135609,1,44.8,,,,,,155.4,,18.6,,34.1,,30.5,,22.7,,68.3,,87,
135610,1,123.6,,,,,,191.3,,33.8,,45.4,,45.7,,41.1,,125.9,,120.5,
135611,1,19.5,,,,,,108.7,,16.5,2,,,22.5,,16.3,,53.3,,,
135612,1,5.2,,57.9,,41.4,,,,,,,,,,,,,,,
135615,1,67.9,,,,,,157.2,,27.5,,36.9,,37.7,,31.6,,94.4,,103.2,
135616,3,92.7,,,,,,172.9,,31,,,1,39.5,,33.8,,,1,,1
135617,1,21.8,,,,,,115.2,,16.4,2,,,23.1,,18.9,,54,,,
135618,1,51.7,,,,,,166.4,,18.7,2,40.8,,35.7,,25.6,,71.9,,83.9,
135619,1,87.7,,,,,,169.9,,30.4,,39.3,,38.9,,34.2,,103.5,,104.9,
135621,1,63.2,,,,,,151.5,,27.5,,34.6,,35.5,,33,,97.8,,105.2,
135622,1,109.9,,,,,,180.9,,33.6,,38.3,,41,,34.8,,123.7,,115.2,
135623,1,91.1,,,,,,157.8,,36.6,,34.8,,33.4,,36.7,,120.5,,120.2,
135625,3,17.1,,,,,,105.4,,15.4,2,,,22.3,,17.1,,,1,,
135628,1,58.6,,,,,,158.1,,23.4,,38.2,,35.5,,28.3,,93.6,,97.1,
135630,1,68.2,,,,,,156,,28,4,38.5,,33.9,,34.3,,97.5,,,
135631,1,82,,,,,,172.4,,27.6,,43.5,,40.5,,35,,102.6,,103.4,
135633,1,42.9,,,,,,159.1,,16.9,,32.9,,34.4,,22.2,,64.6,,87.7,
135634,3,73.8,3,,,,,168.5,,26,,,1,36,,30.7,,88.7,,,1
135637,2,185.2,3,,,,,157.3,,74.8,,,1,,1,,1,,1,,1
135638,1,81.4,,,,,,173.7,,27,,43,,38,,31,,102.2,,110,
135639,1,52.8,,,,,,154,,22.3,,37,,36.2,,27.7,,80.4,,93.1,
135640,1,60.5,,,,,,166.3,,21.9,,38.5,,38,,27.4,,77.4,,90.3,
135641,1,82.4,,,,,,166.9,,29.6,,34.6,,37.7,,33.2,,102.2,,104,
135643,1,58.2,,,,,,146.1,,27.3,,30.1,,32.3,,29.2,,90,,96.5,
135644,1,114,,,,,,190.7,,31.3,,44.9,,42.5,,35.5,,114.6,,114,
135645,1,60.9,,,,,,171.3,,20.8,,38.2,,37.4,,29.8,,73.4,,86.4,
135646,1,117.4,,,,,,180.1,,36.2,,43,,38.5,,41.4,,115.3,,119.9,
135647,1,24.9,,,,,,126.8,,15.5,2,,,27,,18.6,,58.2,,,
135648,1,69.2,,,,,,182.5,,20.8,2,43.5,,41.5,,27.1,,72.9,,92.7,
135649,1,74.2,,,,,,158.9,,29.4,,32,,35,,30.8,,103.4,,104.9,
135650,1,116.6,,,,,,150.2,,51.7,,31.1,,37,,46.2,,133.1,,152.5,
135653,1,79.4,,,,,,164.9,,29.2,,38.4,,39.6,,33.7,,88.4,,107.6,
135654,1,59.3,,,,,,153.7,,25.1,,33.3,,31,,28.2,,77.5,,98,
135655,1,97.5,,,,,,185.8,,28.2,4,45.1,,42,,34.4,,97,,109.2,
135660,1,8.5,,66.1,,44,,,,,,,,13,,16.1,,,,,
135661,1,85.1,,,,,,175.9,,27.5,,43,,40.6,,31.7,,102,,100.3,
135663,1,66.2,,,,,,154,,27.9,,33.3,,37,,31.8,,82.7,,101.8,
135665,1,78.7,,,,,,151.7,3,34.2,,30,,36,,36.1,,113.2,,123,
135668,4,,,,,,,,,,,,,,,,,,,,
135669,1,102.7,,,,,,173.4,,34.2,,42,,39.6,,39.8,,108.3,,115.7,
135670,1,22.1,,,,,,122.3,,14.8,2,,,26.5,,18.3,,50.6,,,
135671,2,69.6,3,,,,,167,,25,,,1,,1,,1,,1,,1
135672,1,161.6,,,,,,170.1,,55.9,,32.8,,36,,46.8,,158.3,,158.2,
135673,1,18.5,,,,,,109.7,,15.4,2,,,24.1,,17.4,,51,,,
135674,1,70.1,,,,,,163.6,,26.2,,39.5,,37.7,,28.5,,82,,100.8,
135675,1,94.1,,,,,,184,,27.8,,43,,40.6,,37.3,,104.9,,105.6,
135676,1,40.9,,,,,,151.8,,17.7,2,36.4,,32.6,,21.3,,58.6,,,
135678,1,69,,,,,,169.2,,24.1,,40,,39.4,,31.8,,80.6,,93.4,
135680,1,113.3,,,,,,160.3,,44.1,,33.8,,35.2,,45.9,,115.5,,136,
135681,1,42.2,,,,,,155.3,,17.5,2,36.4,,34.2,,23.8,,67.2,,76.5,
135682,1,67.1,,,,,,161.2,,25.8,,37.3,,35,,29,,93,,101.6,
135683,2,51.7,3,,,,,170,,17.9,2,,1,,1,,1,,1,,1
135684,1,12.5,,88.8,,,,86.3,,16.8,2,,,18.5,,15.1,,47.5,,,
135685,1,26.1,,,,,,120.4,,18,3,,,23.5,,18.9,,58.3,,,
135687,3,63.7,,,,,,168,,22.6,,39,,35.5,,31.2,,85,,,
135688,1,41.7,,,,,,156,,17.1,2,35,,31.1,,20.8,,64.4,,80.6,
135689,1,13.8,,96.3,,,,95.4,,15.2,2,,,18.1,,15.8,,46.4,,,
135690,1,11.9,,79,,,,,,,,,,17.5,,17.3,,,,,
135691,1,77.4,,,,,,171.6,,26.3,,39.8,,39.4,,30.9,,100.8,,99.6,
135692,1,71.4,,,,,,161.1,,27.5,,37.3,,38.5,,30.5,,97.6,,99.2,
135693,1,74.3,,,,,,181.8,,22.5,,45,,38.2,,31.2,,88.6,,100.6,
135694,1,69.4,,,,,,166.4,,25.1,,37.1,,38.9,,29.8,,95.2,,99.1,
135695,1,67.5,,,,,,169.1,,23.6,,38.8,,39,,28.6,,83.4,,92.4,
135696,1,13.3,,88.9,,,,87.7,,17.3,2,,,19.3,,16.9,,49.5,,,
135697,1,103.6,,,,,,181.2,,31.6,,39.8,,42,,34.6,,120.7,,116.6,
135699,1,69,,,,,,174.8,,22.6,,39.1,,40.4,,30.6,,87.2,,94.6,
135700,1,99.4,,,,,,172.7,,33.3,,40.6,,42.9,,39,,114.8,,105.5,
135701,1,85.3,,,,,,172.2,,28.8,,40.5,,40,,30,,108.4,,103.6,
135702,1,78.1,,,,,,177.8,,24.7,,45,,39.3,,31.8,,88.9,,104.2,
135704,1,61,,,,,,161.6,,23.4,,34,,34.8,,29.5,,88.2,,96.3,
135705,4,,,,,,,,,,,,,,,,,,,,
135706,1,124.8,,,,,,171.2,,42.6,,37.4,,42.2,,43.8,,132.1,,132.6,
135707,1,83.5,,,,,,161.2,,32.1,4,39.8,,37.9,,35.7,,100.9,,110.9,
135708,1,71.6,,,,,,172.7,,24,,42.6,,38,,29.7,,97.2,,93.2,
135709,1,93.8,,,,,,169.1,,32.8,,34.3,,39.1,,35.9,,117.5,,112.6,
135711,1,90.8,,,,,,183,,27.1,,39.2,,43.4,,32.4,,105.9,,103.1,
135712,1,89.4,,,,,,160.7,3,34.6,,37.2,,36.7,,32.8,,110.7,,125.1,
135713,1,114.1,,,,,,186.8,,32.7,,42.5,,43.9,,37.2,,122.4,,112,
135715,1,104.3,,,,,,165,,38.3,,37.5,,35.5,,37.8,,117.2,,121.8,
135716,1,63,,,,,,158.4,,25.1,,33.2,,35.4,,26.6,,95.4,,94.5,
135717,1,10,,76.4,,,,,,,,,,15,,16.1,,,,,
135719,1,66.5,,,,,,156.8,,27,,35.3,,34.1,,28.2,,87,,101.8,
135720,1,113.4,,,,,,166.1,,41.1,,40.7,,39.5,,42.3,,120.5,,125.2,
135721,1,64.4,,,,,,168.1,,22.8,,39.8,,38.3,,28.5,,97.5,,89.5,
135722,1,80.7,,,,,,170.4,,27.8,,41.1,,40.9,,34.2,,95.8,,101.1,
135723,1,119.1,,,,,,169.6,,41.4,,37.8,,42,,40.6,,129.2,,137,
135724,1,74.1,,,,,,181.1,,22.6,,44.7,,41.5,,33.9,,81.8,,96.1,
135726,1,84.7,,,,,,189.8,,23.5,,45.1,,42.5,,33,,95.3,,101.8,
135728,1,151.1,,,,,,177.6,,47.9,,46,,47,,48.2,,124.4,,140.3,
135729,1,23.5,,,,,,125.5,,14.9,2,,,26,,19.6,,53,,,
135730,1,75.5,,,,,,141.3,,37.8,,24.9,,33.2,,33.4,,106.1,,115.7,
135731,1,143.6,,,,,,179.6,,44.5,,41.8,,38.6,,43.3,,129.4,,143.6,
135733,1,62.9,,,,,,171.7,,21.3,2,38,,38.3,,27.9,,79.3,,94.7,
135734,1,104.4,,,,,,167.1,,37.4,,36.5,,37.7,,37.7,,113.6,,124.7,
135737,1,16.3,,,,,,106.7,,14.3,2,,,22.5,,16,,48.9,,,
135738,1,84.3,,,,,,177.3,,26.8,,41.1,,39,,34.8,,96.6,,98.6,
135740,1,92,,,,,,158.6,,36.6,,39.1,,36.6,,36.7,,102.2,,125,
135741,1,114.8,,,,,,175.2,,37.4,,41.5,,40.2,,40,,125.7,,119.4,
135742,1,87.1,,,,,,185,,25.4,,42.1,,41.4,,34.4,,100.2,,101.2,
135743,1,75.4,,,,,,161.7,,28.8,,36.3,,36,,28,,109.2,,112.7,
135744,1,36.9,,,,,,141.5,,18.4,2,32,,29.3,,22.4,,68.4,,,
135745,1,126.3,,,,,,158.9,,50,,31.2,,35.1,,42.1,,141,,128.5,
135747,1,68.7,,,,,,163.2,,25.8,,37.8,,35,,33.3,,92.2,,99.4,
135748,1,30.9,,,,,,130.8,,18.1,3,,,26,,19.9,,59.5,,,
135749,1,71.4,,,,,,152.3,,30.8,,33.7,,32.8,,32.7,,104.7,,114.1,
135751,3,15.4,,98.3,,,,96.4,,16.6,2,,,18.3,,16.9,,,1,,
135753,1,93.4,,,,,,160.6,,36.2,,39.8,,37.4,,39.8,,95.9,,117.9,
135754,1,80.6,,,,,,153.1,,34.4,,37.3,,37.1,,35.1,,107.1,,120.5,
135755,1,34.7,,,,,,133.7,,19.4,2,29.3,,27.8,,23.5,,65,,,
135757,1,27.7,,,,,,132.1,,15.9,2,,,28.2,,20.6,,60.8,,,
135758,1,17.4,,,,,,103.7,,16.2,2,,,22.6,,17.2,,49.9,,,
135760,1,38.4,,,,,,152.3,,16.6,2,37.8,,32.2,,19.5,,61,,,
135761,1,72.4,,,,,,168.5,,25.5,2,39.2,,36,,30.8,,89.6,,101.4,
135762,1,27.4,,,,,,111.1,,22.2,4,,,23.5,,21.8,,66.7,,,
135763,1,43,,,,,,160.3,,16.7,2,39.7,,35.6,,22.6,,60.7,,78.4,
135764,1,39.4,,,,,,141.7,,19.6,2,31.8,,30.3,,24.2,,70.8,,83.3,
135765,1,15.8,,96.2,,,,95.4,,17.4,2,,,19,,17.5,,50.5,,,
135766,1,57,,,,,,153.4,,24.2,,35.7,,33.3,,27.4,,83.7,,98.9,
135767,2,66.4,3,,,,,161.6,,25.4,,,1,,1,,1,,1,,1
135768,1,68.4,,,,,,163.2,,25.7,,41.8,,38.5,,33.5,,87,,103.8,
135769,1,34.6,,,,,,143.5,,16.8,2,36.6,,32.1,,19.7,,60.9,,,
135770,1,63.7,,,,,,173.3,,21.2,,39.6,,38.3,,28,,84.9,,92.9,
135772,1,114.4,,,,,,177.3,,36.4,,43.6,,41,,38.1,,123.7,,118.3,
135775,1,82.9,,,,,,163,,31.2,,38,,37,,35.7,,94.1,,102.7,
135776,1,61.1,,,,,,173.2,,20.4,,43,,38.7,,26,,85,,88.5,
135777,1,65.3,,,,,,166.9,,23.4,,37.4,,36.8,,30.5,,91.6,,91.6,
135779,1,120.6,,,,,,170.1,,41.7,4,41.1,,39.3,,40.4,,125.8,,144,
135781,1,61.7,,,,,,160.9,,23.8,3,36.2,,37.3,,29.3,,87.6,,95.4,
135782,1,129.3,,,,,,181.1,,39.4,,39,,39.5,,38.3,,133.4,,119.4,
135783,1,115.5,,,,,,196.2,,30,,48.2,,43.9,,39.1,,117.1,,119.4,
135787,2,71.8,3,,,,,161.2,,27.6,,,1,,1,,1,,1,,1
135789,1,97,,,,,,172.8,,32.5,4,43.3,,37,,35.7,,106.3,,115.7,
135790,1,120.3,,,,,,158.2,,48.1,,34.5,,35.3,,40.3,,128.9,,138.6,
135792,1,105.8,,,,,,160.1,,41.3,,39.2,,40,,41.7,,119.5,,127.7,
135794,1,87.7,,,,,,151.8,,38.1,,32.5,,34.4,,35.2,,109.9,,120.3,
135797,1,73.8,,,,,,166.6,,26.6,,38.5,,38.2,,28.1,,97.9,,106.6,
135798,1,70.8,,,,,,174.5,,23.3,,38.2,,36.2,,27.7,,94.9,,96.9,
135799,1,13.4,,84.3,,,,,,,,,,18.2,,16.8,,,,,
135801,1,82,,,,,,171.5,,27.9,,39.5,,39.8,,31.5,,111.8,,101.9,
135804,1,90.9,,,,,,170.6,,31.2,,38.8,,40,,35.5,,121.5,,110.6,
135805,1,41.2,,,,,,164,,15.3,1,40.3,,36.5,,22.4,,68.3,,79.9,
135806,1,66.7,,,,,,163.8,,24.9,,38,,35.5,,28.2,,89.2,,100.7,
135807,1,75.9,,,,,,177.3,,24.1,,43,,40.1,,29.7,,91.5,,97.7,
135808,1,98.2,,,,,,178.3,,30.9,,42.4,,40,,36.9,,105.2,,110.6,
135809,1,86.9,,,,,,166.4,,31.4,,40.6,,38.2,,37,,104.4,,102,
135811,1,60.1,,,,,,163.4,,22.5,,36.9,,37.5,,24.1,,88.6,,91.2,
135817,1,46.7,,,,,,147,,21.6,3,35.2,,31.8,,26.9,,78.3,,,
135819,1,65.9,,,,,,180.1,,20.3,2,43.5,,40.1,,28,,71.3,,93,
135821,1,125.4,,,,,,182,,37.9,,39,,42.1,,42,,117.6,,114.4,
135822,1,131.1,,,,,,178.8,,41,,40.3,,41.4,,41.5,,134.3,,130.9,
135823,1,55.8,,,,,,149.7,,24.9,,31.5,,32.5,,29.7,,78.2,,101.6,
135825,1,49.6,,,,,,165.1,,18.2,2,40.6,,36.5,,24,,69.8,,93.8,
135826,1,87.6,,,,,,159.6,,34.4,,37.3,,35,,38.1,,108.2,,114.5,
135827,1,99.6,,,,,,183.6,,29.5,,45.6,,42.6,,35.3,,110.5,,112,
135829,3,11.5,,84.9,,,,,1,,,,,17.7,,15.7,,47.5,,,
135830,1,43,,,,,,156.4,,17.6,,35.7,,35.8,,25.6,,63.5,,76.2,
135831,1,33.4,,,,,,153.6,,14.2,1,36.2,,33.9,,19,,62,,,
135832,1,75.2,,,,,,165.6,,27.4,,39,,36.3,,33.5,,92.4,,99.8,
135833,1,32.6,,,,,,156.8,,13.3,1,38,,32.5,,17.5,,57.6,,72.9,
135834,1,88.7,,,,,,161.9,,33.8,,37,,39,,36,,98.4,,114.5,
135838,1,5.4,,56.4,,39.1,,,,,,,,11.2,,12.3,,,,,
135839,1,91.4,,,,,,154.8,,38.1,,34.4,,35.8,,44.8,,113.8,,124.1,
135841,1,65.6,,,,,,168.8,,23,,39.2,,38.2,,29.2,,80,,93.1,
135842,1,79.9,,,,,,151.4,,34.9,,37.3,,33.9,,37,,101.1,,109.9,
135844,1,48,,,,,,161.1,,18.5,,35.5,,34.5,,25.7,,78.5,,88.8,
135845,1,65.7,,,,,,167.4,,23.4,,35.5,,36.4,,31.8,,90.4,,104.5,
135846,1,51.7,,,,,,165.2,,18.9,,37.4,,37.7,,27.9,,77.1,,83,
135848,1,65,,,,,,162,,24.8,,39.6,,37,,27.4,,95.7,,102.5,
135849,1,70.5,,,,,,165,,25.9,,38.5,,36.6,,30.2,,91.2,,107,
135850,1,40,,,,,,135,,21.9,4,31.2,,29.2,,25.7,,68.7,,,
135851,1,45.5,,,,,,152.6,,19.5,,32.4,,32.8,,25.4,,73.6,,84.4,
135852,1,47.8,,,,,,157.4,,19.3,2,34.7,,31.5,,25.1,,70.3,,88.4,
135853,1,86.5,,,,,,182.3,,26,,45.4,,41.8,,32.7,,97.6,,103.8,
135855,1,98.7,,,,,,156,,40.6,,33.3,,38.5,,40.5,,118,,130.2,
135857,1,51.6,,,,,,150.7,,22.7,3,38,,35.5,,25.6,,77,,91,
135858,1,60.7,,,,,,162.4,,23,,38.6,,38.2,,28,,87,,95,
135859,1,58.2,,,,,,170.8,,20,,40.1,,38.2,,27.4,,82.5,,88.2,
135861,3,15.1,,97,,,,95.3,,16.6,2,,,,1,,1,48.2,,,
135864,1,41.3,,,,,,156.8,,16.8,2,36.1,,32.1,,21.9,,66.4,,86.1,
135865,1,74,,,,,,173.1,,24.7,,37.4,,39.9,,28.6,,95.2,,97.4,
135867,1,59.2,,,,,,165.5,,21.6,,36.4,,34.7,,26,,87.7,,92.8,
135868,1,84.2,,,,,,172,,28.5,,41.6,,37.7,,32.5,,96.4,,119.1,
135869,1,11.2,,85,,,,,,,,,,17.8,,15.9,,,,,
135872,1,69.2,,,,,,145.8,,32.6,,30.1,,33,,34,,103.9,,100.2,
135873,1,161.3,,,,,,166.2,,58.4,,36.4,,39,,49,,152.7,,159.4,
135874,1,57.4,,,,,,175,,18.7,2,44.3,,36.3,,26.4,,69.1,,85.7,
135876,1,64.4,,,,,,166.2,,23.3,,36.8,,36.2,,29.6,,89.2,,102.3,
135877,1,95.6,,,,,,167.5,,34.1,,37.7,,37.2,,35.9,,124.3,,132.2,
135878,1,48.8,,,,,,155.5,,20.2,2,35.5,,33,,25.8,,68.8,,89.4,
135879,1,28.2,,,,,,134.3,,15.6,2,30.5,,25.3,,18.4,,57.5,,,
135880,3,14.1,,,1,,,99.2,,14.3,2,,,20,,15.6,,,1,,
135881,1,80,,,,,,180.4,,24.6,,43.9,,41.5,,30.1,,86.5,,99.4,
135882,1,94.1,,,,,,155.3,,39,,35,,34,,37.3,,111.4,,134.3,
135883,3,103.1,3,,,,,155.2,3,42.8,,,1,38,,37.1,,,1,,1
135884,1,40,,,,,,147.4,,18.4,2,35.1,,32,,23.2,,68.2,,,
135885,1,72.2,,,,,,167.8,,25.6,,39.5,,37.6,,32.2,,88.5,,100.3,
135886,1,84.2,,,,,,162.3,,32,,36.4,,38,,38.2,,103.6,,115.1,
135887,1,56.2,,,,,,143.7,,27.2,4,34,,30.5,,31.2,,84.3,,,
135888,1,88.8,,,,,,169,,31.1,,36.7,,37.3,,37.1,,99,,102.2,
135889,1,68.5,,,,,,163.6,,25.6,,35.9,,36.2,,31.7,,97.5,,107,
135890,1,76,,,,,,179.7,,23.5,,43.2,,39.7,,29.9,,89.1,,98.2,
135891,1,86.6,,,,,,173.6,,28.7,,39.8,,38.6,,35.9,,98.9,,101.5,
135892,1,63.7,,,,,,174.2,,21,,40.5,,38.2,,29.6,,75.9,,89.3,
135893,1,81.6,,,,,,144.5,,39.1,,30.7,,31.2,,32.2,,120.7,,127.8,
135894,1,25.4,,,,,,129.7,,15.1,2,28.6,,26,,18.5,,58,,,
135895,1,60.5,,,,,,184.9,,17.7,,46,,37.8,,24.9,,70.6,,86.2,
135896,1,24.6,,,,,,127.9,,15,2,31.3,,27.2,,18.2,,52.9,,,
135897,1,6.9,,64,,41.7,,,,,,,,12.5,,13.5,,,,,
135898,1,54.5,,,,,,160,,21.3,2,37.9,,35.2,,26.6,,74,,93.3,
135899,1,8.8,,74.3,,,,,,,,,,15,,14.8,,,,,
135900,1,118,,,,,,160.3,,45.9,,32.6,,42.5,,41.2,,127.1,,143.5,
135902,1,82.1,,,,,,182.7,,24.6,,44.4,,41.5,,31.9,,96.3,,100.9,
135903,1,85.6,,,,,,156.2,,35.1,,39.7,,36.5,,39.4,,106.3,,111.7,
135904,1,14.6,,98.1,,,,95.7,,15.9,2,,,20.4,,16.5,,49.3,,,
135905,1,41.3,,,,,,151.9,,17.9,2,35,,30.8,,22.7,,62.6,,80.6,
135906,1,57.5,,,,,,164.5,,21.2,,41.4,,36.3,,27.7,,82.8,,91.8,
135907,1,32.5,,,,,,148.4,,14.8,2,30.6,,31,,20.6,,57.9,,,
135908,1,67,,,,,,164,,24.9,,36.4,,35.8,,28.3,,95.6,,102.4,
135909,3,71.2,3,,,,,168.5,,25.1,,,1,34.3,,30.6,,99.5,,,1
135910,1,129.8,,,,,,176.3,,41.8,,33.7,,42,,42.7,,148.7,,142.6,
135911,1,97.2,,,,,,181.3,,29.6,,42.2,,41.9,,35.6,,111.6,,101.4,
135914,1,96.7,,,,,,167.6,,34.4,,36.3,,38.3,,35.8,,115.7,,120,
135915,1,99.3,,,,,,154.4,,41.7,,36.3,,34.3,,31,,126.9,,140.3,
135916,3,67.6,,,,,,158.2,,27,,,1,37.1,,28.8,,,1,,1
135919,1,93.1,,,,,,165.6,,33.9,,38.5,,39.3,,36.3,,109.6,,121.8,
135920,1,84.8,,,,,,163.7,,31.6,,39.2,,35.6,,37,,101.3,,116.1,
135921,3,100.4,,,,,,,1,,,34.9,,38,,34.9,,,1,,1
135924,1,29.7,,,,,,129.3,,17.8,2,,,28.1,,21.5,,57.4,,,
135927,1,109.5,,,,,,186.7,,31.4,,47.1,,42.7,,37,,114.9,,111.9,
135928,1,73.2,,,,,,154.7,,30.6,,32.9,,33.9,,33.1,,99.1,,101.6,
135929,1,70.7,3,,,,,164.9,,26,,39.6,,38,,32,,101.2,,99.3,
135930,1,59.9,,,,,,164.1,,22.2,,40.4,,34.4,,27.5,,89.4,,96.1,
135933,1,33.3,,,,,,121.4,,22.6,4,26.5,,25.5,,24.6,,73.3,,,
135937,1,81.5,,,,,,169.8,,28.3,,37.4,,36.8,,35.6,,98.3,,100.1,
135938,1,48.4,,,,,,153.8,,20.5,,33.8,,32,,25.9,,73.4,,90,
135940,1,69.4,,,,,,169.1,,24.3,,38.4,,37.8,,26.5,,83.9,,99.7,
135941,1,63.7,,,,,,161.3,,24.5,,37.1,,32.9,,28.5,,76.5,,105,
135943,1,81.6,,,,,,160.3,,31.8,,36.3,,36.5,,37.7,,92,,107.8,
135945,1,72.3,,,,,,166.4,,26.1,,38.2,,39,,32.2,,93.9,,109.5,
135946,1,108.8,,,,,,170,,37.6,,35.7,,38.5,,41.5,,126.8,,117.8,
135948,1,11,,82.3,,,,,,,,,,15.3,,15.6,,,,,
135950,1,71.2,,,,,,162,,27.1,4,40,,35.5,,29.6,,87.1,,101.8,
135951,1,55.1,,,,,,150,,24.5,4,37.5,,33,,28.8,,80.8,,,
135952,1,54.3,,,,,,164.4,,20.1,2,38.9,,38.2,,24.6,,70.8,,91.9,
135953,3,66.1,3,,,,,149.2,,29.7,,,1,36.5,,32,,105,,,1
135954,1,73.7,,,,,,148.5,,33.4,,33.4,,33.3,,37.2,,93.6,,113.8,
135955,1,76.6,,,,,,166.7,,27.6,3,37.5,,35.1,,35,,91.6,,108.8,
135956,1,134.9,,,,,,174.6,,44.3,,39,,38.4,,41.7,,142.2,,145.9,
135957,1,88.4,,,,,,154.1,,37.2,,33.2,,34,,35.7,,118.2,,119,
135959,1,54.6,,,,,,159.1,,21.6,,35.3,,34,,26.7,,80.8,,90.1,
135960,1,72.4,,,,,,157.3,,29.3,,36,,32.4,,37.5,,98.8,,106.9,
135961,1,109.1,,,,,,165.9,,39.6,,40,,37.4,,40,,111,,127,
135962,3,108.8,,,,,,158.3,,43.4,,,1,32.1,,41.7,,128.7,,132.4,
135963,1,77.3,,,,,,184.3,,22.8,,41.3,,43.4,,31.4,,103.8,,95.3,
135964,1,92.9,,,,,,157.6,,37.4,,36,,36.5,,39.7,,113.5,,122,
135966,1,89.8,,,,,,174.1,,29.6,,43.9,,40,,35,,97.2,,122.7,
135968,1,84.7,,,,,,177.5,,26.9,,44,,40.7,,31.6,,104,,104.2,
135969,1,87.5,,,,,,176.1,,28.2,,38,,37.6,,33.5,,100.4,,102.3,
135970,1,106.1,,,,,,153.8,,44.9,,36.8,,33,,42,,121.6,,138.5,
135972,3,63.2,,,,,,184.1,,18.6,1,,1,37,,24.9,,,1,,1
135973,1,62.5,,,,,,149.8,,27.9,,32.4,,34,,31,,106.7,,110,
135974,1,50.4,,,,,,145,,24,4,36,,30.8,,26.8,,80.8,,,
135976,1,76.8,,,,,,157.5,,31,,37.6,,37.3,,35.3,,103.9,,110,
135977,1,77.7,,,,,,151.4,,33.9,,33,,34,,34.6,,109.4,,117.5,
135980,1,76.9,,,,,,159.8,,30.1,,36.5,,34.3,,35.6,,90.2,,106.6,
135982,1,101.8,,,,,,169.1,,35.6,,40.8,,37,,36.3,,125.2,,134.2,
135983,1,72.8,,,,,,181.9,,22,,43.1,,38.5,,29,,76.9,,109,
135984,1,22.4,,,,,,113.7,,17.3,3,,,22.4,,19,,58.5,,,
135985,1,65.5,,,,,,139.4,,33.7,,31.7,,31.8,,36.1,,89.2,,109.6,
135986,1,79.9,,,,,,171,,27.3,3,39,,39.8,,31.1,,102.6,,110.3,
135987,1,83.8,,,,,,170.2,,28.9,,37,,38.1,,33,,108.4,,99.6,
135988,1,78.2,,,,,,169.9,,27.1,,41.5,,39,,29.8,,97.1,,100.7,
135991,1,137.6,,,,,,169.8,,47.7,,40.5,,40,,46.7,,111.8,,144,
135992,1,74.9,,,,,,174.9,,24.5,,40.5,,40.7,,32.2,,91.5,,92.5,
135993,1,114.7,,,,,,178.8,,35.9,,42.8,,41,,39.4,,119.2,,122.6,
135994,1,27.1,,,,,,119.8,,18.9,4,,,26.6,,20.5,,66.4,,,
135995,1,62.4,,,,,,160.4,,24.3,,34.7,,34.5,,28.3,,91.4,,90,
135997,1,110.7,,,,,,168.6,,38.9,,40,,36.3,,36.1,,119.4,,134.9,
135998,1,84.4,,,,,,182,,25.5,,41.6,,39.4,,31.1,,96.6,,107.8,
135999,1,71.7,,,,,,172.8,,24,,44.1,,39.4,,29.2,,91,,94.9,
136000,1,66,,,,,,167.3,,23.6,,41.2,,38,,28.2,,78.5,,106.8,
136001,2,47.7,3,,,,,156.8,,19.4,,,1,,1,,1,,1,,1
136002,1,82.5,,,,,,166.9,,29.6,,41.2,,39.8,,30.7,,102.7,,106.4,
136004,1,137,,,,,,175.2,,44.6,,36.3,,40.5,,39.8,,136.8,,128.5,
136005,3,178.3,3,,,,,173.5,,59.2,,,1,38,,50.3,,163.2,,,1
136007,1,25.2,,,,,,127,,15.6,2,,,27.5,,19.2,,56.2,,,
136008,1,75.7,,,,,,153,,32.3,4,38.6,,35.5,,34.4,,91.2,,108.5,
136012,1,61.6,,,,,,177.2,,19.6,,42.3,,38.5,,24,,86.2,,89,
136013,1,70.1,,,,,,142.3,,34.6,,29.8,,32,,33.6,,106.4,,108.8,
136014,1,89.7,,,,,,177.1,,28.6,,41.9,,39.4,,37.4,,93.4,,106.6,
136015,1,78.8,,,,,,158.9,,31.2,,35.6,,36.4,,37,,87.9,,116.5,
136016,1,105.9,,,,,,177.9,,33.5,,42.1,,40,,41,,120.5,,110.7,
136017,1,41.4,,,,,,132.1,,23.7,4,32,,29.2,,24.2,,73.1,,,
136018,1,152.4,,,,,,159.8,,59.7,,35.1,,33.6,,44.5,,143.4,,157.2,
136020,1,159.4,,,,,,164.2,,59.1,,37,,33.8,,50.7,,154.5,,150.4,
136022,1,77.9,,,,,,161.4,,29.9,4,37.8,,38.4,,33.9,,99.1,,106.5,
136024,1,10.9,,73.4,,46.1,,,,,,,,15.1,,17.5,,,,,
136025,1,64,,,,,,163.3,,24,,37.3,,34.4,,28.5,,84.8,,98.9,
136027,1,89.4,,,,,,159.9,,35,,36.6,,39.2,,37.7,,120.6,,116.7,
136028,1,32.2,,,,,,135.1,,17.6,2,29.5,,31,,20.3,,65.8,,,
136029,1,46.3,,,,,,155.1,,19.2,2,35.5,,34.5,,23.5,,63.5,,84.2,
136030,3,12.7,,,1,,,,1,,,,,,1,,1,,1,,
136031,1,98.5,,,,,,173.5,,32.7,,37,,39.5,,36.1,,104.6,,126.3,
136034,1,67.3,3,,,,,178.4,,21.1,,39.6,,40.4,,27.6,,75.3,,93,
136035,3,98.7,,,,,,,1,,,43.8,,46,,35,,117.7,,111.4,
136036,1,75.2,,,,,,170.9,,25.7,,39.8,,39.6,,31.5,,84.8,,113.3,
136039,1,73.8,,,,,,154.6,,30.9,,35.4,,35.4,,35.8,,96.9,,99.5,
136040,1,71.9,,,,,,149.4,,32.2,,33.4,,32,,33.7,,96.2,,104.7,
136042,1,76.2,,,,,,171.6,,25.9,,44,,40.1,,33.6,,93.7,,97.9,
136044,1,7.7,,69.5,,43.9,,,,,,,,13.8,,13,,,,,
136045,1,104,,,,,,160.4,,40.4,4,35,,35.9,,38.4,,117.6,,128,
136046,1,85.4,,,,,,159.9,,33.4,,36.4,,35.8,,31.6,,109.3,,120,
136047,1,88.6,,,,,,167.4,,31.6,,35.9,,34.7,,31.8,,110.2,,112.1,
136048,1,18,,,,,,111.2,,14.6,2,,,23.7,,16.4,,53.1,,,
136049,3,16,3,,,,,101.6,,15.5,2,,,20,,16.5,,,1,,
136050,3,62,3,,,,,157.1,,25.1,,,1,34,,26.1,,,1,,1
136051,1,105.2,,,,,,180.1,,32.4,,41.4,,41,,43.2,,103.6,,108.7,
136052,1,83.4,,,,,,179.2,,26,,41.8,,41.6,,31.9,,104.1,,100.5,
136053,1,63.1,,,,,,153.9,,26.6,,35,,34,,31.5,,88.7,,103,
136054,1,69.7,,,,,,155.2,,28.9,,38,,35.5,,33.7,,86.8,,102.3,
136055,1,53.3,,,,,,154.8,,22.2,2,35.4,,35.2,,27.8,,83.1,,85.9,
136057,1,94,,,,,,153.1,,40.1,,26.5,,34.8,,37.8,,124.7,,129,
136058,1,85.6,,,,,,174.7,,28,,42.7,,43.8,,35.6,,102.1,,105.3,
136059,1,120.7,,,,,,172.9,,40.4,,37.7,,43.9,,43.2,,129.8,,121.2,
136060,1,97.7,,,,,,180.7,,29.9,,38.4,,38.5,,36.4,,106.9,,107.9,
136061,1,21.6,,,,,,117.7,,15.6,2,,,23.4,,17.8,,53.1,,,
136062,1,52.2,,,,,,158.4,,20.8,,38.1,,35.1,,26.6,,73,,92.9,
136063,1,100,,,,,,184.4,,29.4,,42.4,,41.5,,40.7,,91.8,,109,
136064,2,91.1,,,,,,163.9,,33.9,,,1,,1,,1,,1,,1
136070,1,144,,,,,,169.1,,50.4,,42.8,,38,,44.4,,146.6,,132.1,
136071,1,87.9,,,,,,161.7,,33.6,,38.2,,35.4,,39.8,,100.8,,108.7,
136072,1,78.1,,,,,,168.3,,27.6,,39.3,,38,,32.5,,98,,91.9,
136073,1,76.8,,,,,,150.4,,34,,33.6,,33.3,,34.6,,105,,113.4,
136074,1,103,,,,,,172.6,,34.6,,37.9,,38.1,,41.4,,123.4,,116.7,
136075,1,96.2,,,,,,184.5,,28.3,,41.2,,42.1,,37.4,,108.9,,108.4,
136076,1,58.6,,,,,,164.7,,21.6,2,39.5,,36,,27.3,,76.2,,92.8,
136079,1,64.1,,,,,,168.2,,22.7,,40.6,,36.8,,28,,75,,97.8,
136081,1,69.2,,,,,,158.9,,27.4,4,38.4,,34,,32.8,,89.4,,98.9,
136084,1,55,,,,,,153.1,,23.5,,31.5,,30.4,,26.9,,88.5,,94.9,
136086,1,70.8,,,,,,174.2,,23.3,2,45.8,,36.5,,31.5,,78,,96.5,
136087,1,77.5,,,,,,170.6,,26.6,3,46.5,,39.5,,32.5,,84,,104.4,
136089,1,75.2,,,,,,178.7,,23.5,,41.1,,43.5,,30.3,,92.2,,98.8,
136091,1,99.6,,,,,,183.4,,29.6,,42.2,,42,,31,,121.3,,107.9,
136092,1,69.7,,,,,,160.7,,27,,39.5,,34.5,,32,,93.5,,105.3,
136093,1,64.6,,,,,,163.5,,24.2,,38.3,,38,,32.1,,92.3,,97,
136094,1,84.2,,,,,,159.9,,32.9,,33.5,,39.5,,32.4,,108,,123,
136095,1,47.5,,,,,,159.5,,18.7,,36.1,,33.1,,24.4,,67.3,,90.6,
136096,1,27.5,,,,,,129.5,,16.4,2,27.8,,26,,18.9,,52.8,,,
136097,1,88,,,,,,166,,31.9,,36.9,,38.5,,37.3,,93,,112.2,
136101,1,44.5,,,,,,143.1,3,21.7,,34.8,,34.4,,24.1,,85,,84.9,
136103,3,44.1,3,,,,,162.2,,16.8,2,,1,,1,,1,62.2,,,1
136105,1,88.9,,,,,,163.2,,33.4,4,39.1,,36,,34.6,,102.2,,,
136106,1,46.6,,,,,,153.7,,19.7,,37.5,,34,,25.4,,78.1,,87.5,
136107,1,81.6,,,,,,172.3,,27.5,,40,,38,,34.7,,97.4,,103.9,
136108,1,55.4,,,,,,175.1,,18.1,2,44.4,,40.8,,24.4,,69.4,,84.5,
136110,1,99.7,,,,,,163.6,,37.3,4,40,,38.8,,41.4,,102.2,,123.4,
136111,1,90.9,,,,,,158,,36.4,,32.5,,36,,38.5,,113,,135.3,
136112,1,65.4,,,,,,183.8,,19.4,2,45,,39.3,,25.6,,78.4,,94.9,
136113,1,57.7,,,,,,142.4,,28.5,,31.5,,36.5,,29.5,,96,,94,
136114,1,69.4,,,,,,158,,27.8,,40.4,,36.6,,31.2,,100.6,,105.5,
136115,1,68.3,,,,,,151.2,,29.9,,35,,34.2,,29.8,,92.7,,108.9,
136116,1,89.7,,,,,,155,,37.3,,38.5,,35.5,,37.9,,113.3,,113.3,
136118,1,93.9,,,,,,159.4,,37,,34.6,,37.6,,38.6,,117.1,,115.2,
136119,1,91,,,,,,170.4,,31.3,,42,,40.4,,34.1,,110,,109.7,
136120,1,76,,,,,,173.3,,25.3,,38.7,,39.5,,36,,80.6,,92.1,
136121,1,23.8,,,,,,115.3,,17.9,3,,,22.8,,18.5,,55.7,,,
136123,1,67,,,,,,167.9,,23.8,,37.1,,37.3,,28.3,,89.6,,100.9,
136124,1,60,,,,,,179,,18.7,,41.3,,39.1,,29.2,,76,,91.8,
136125,1,95.6,,,,,,171,,32.7,,41.5,,39,,38.1,,113.4,,108.9,
136127,1,62.7,,,,,,172.1,,21.2,,39.5,,38.6,,26.2,,86.9,,94,
136128,1,85.1,,,,,,154.1,,35.8,,33.6,,35.5,,36.6,,104.4,,119.1,
136129,1,81.3,,,,,,175.2,,26.5,,41.2,,41.2,,35,,109.1,,96.3,
136130,1,69.8,,,,,,163.7,,26,,40,,38.4,,29.9,,93.4,,100.8,
136132,1,106.5,,,,,,165.9,,38.7,,38,,36.1,,36.8,,119.2,,116.6,
136133,1,64,,,,,,162.7,,24.2,,36.8,,34.5,,29.8,,89.5,,96.6,
136135,1,46.3,,,,,,159.8,,18.1,2,37.7,,35.2,,24.1,,68.8,,,
136136,1,78.7,,,,,,167.6,,28,,40,,40.5,,33,,101.5,,88.6,
136137,1,117,,,,,,182.8,,35,4,46.2,,43,,40.9,,117.2,,120.7,
136138,1,60.6,,,,,,172.7,,20.3,2,39.2,,39,,26.7,,75,,91.5,
136139,1,93.7,,,,,,163.7,,35,,38.6,,36.5,,37.4,,95.5,,122,
136141,1,68.1,,,,,,172,,23,,39.2,,37,,29,,91.5,,103.2,
136142,1,65.5,,,,,,172.2,,22.1,,39.2,,37,,29.2,,76.5,,95,
136144,1,92.5,,,,,,163.7,,34.5,,40.2,,36.9,,36.2,,106.7,,120.2,
136145,1,41.6,,,,,,141.3,,20.8,3,33,,30.2,,24.3,,74.5,,,
136146,1,52.3,,,,,,171,,17.9,,41.8,,37.2,,24.5,,70.3,,85.2,
136148,1,46,,,,,,162.9,,17.3,1,34.3,,32.9,,23.1,,60,,82.9,
136150,1,59,,,,,,170.9,,20.2,2,44.4,,37.4,,27.4,,72.1,,90,
136151,1,69.2,,,,,,174.1,,22.8,2,45,,38.9,,31.2,,78.2,,93.7,
136152,1,78,,,,,,169.4,,27.2,,39.8,,39,,30.6,,100.6,,110.3,
136153,1,49,,,,,,168.4,,17.3,2,40.5,,37,,22,,66.1,,84.7,
136154,1,29.4,,,,,,122,,19.8,3,27.7,,25,,22.7,,64.7,,,
136155,1,73.2,,,,,,167.5,,26.1,,35.2,,37,,28.5,,104.9,,97.9,
136156,1,25.3,,,,,,127,,15.7,2,,,27.5,,16.8,,54.6,,,
136158,1,9.3,,74.7,,,,,,,,,,15.2,,15.4,,,,,
136159,1,20.7,,,,,,115.6,,15.5,2,,,23.4,,18.9,,51.5,,,
136161,1,106.7,,,,,,174.4,,35.1,,42.2,,38.5,,37.5,,117,,124.8,
136162,1,66.1,,,,,,155.2,,27.4,,35.6,,33.8,,32.7,,85.7,,111.9,
136164,1,102,,,,,,176,,32.9,,42.1,,39.2,,36.8,,111.5,,111.2,
136165,1,93.7,,,,,,176.7,,30,,38.6,,42,,33.2,,108,,106.3,
136168,1,90.9,,,,,,159.7,,35.6,,36.2,,41.1,,39.9,,108.6,,124.3,
136169,1,96,,,,,,168.8,,33.7,,39,,36.5,,34.5,,111.6,,111.9,
136170,1,33,,,,,,134.2,,18.3,2,31,,26.5,,22.2,,63.2,,,
136172,3,102.1,,,,,,164,,38,,,1,35.2,,33.8,,,1,,1
136173,1,99.5,,,,,,154.3,,41.8,,30,,33.2,,38,,127.8,,138.8,
136174,1,75.1,,,,,,170.8,,25.7,3,40.6,,39.2,,33.6,,78.1,,96.7,
136175,1,68.2,,,,,,169.3,,23.8,2,39.8,,38,,30,,78.9,,101,
136176,1,97.6,,,,,,179.2,,30.4,,38.4,,38.8,,36,,105.8,,110,
136177,1,34.2,4,,,,,144.5,,16.4,2,35.3,,30.1,,20.6,,60.5,,,
136179,1,59.1,,,,,,178.3,,18.6,2,43.3,,39.7,,27,,72,,88,
136180,1,53.6,,,,,,155.3,,22.2,,37.7,,35.1,,26.6,,71.3,,92.5,
136182,1,97.6,,,,,,174.8,,31.9,,36.1,,43.4,,34.8,,124.1,,112.9,
136184,1,31,,,,,,139.4,,16,2,33,,29.5,,19.5,,60,,,
136185,3,74.3,,,,,,165.5,,27.1,,,1,36,,32,,89.3,,106.1,
136186,1,76,,,,,,168,,26.9,,42.6,,38.6,,33.8,,95.7,,103.5,
136187,1,114.7,,,,,,168,,40.6,,41.2,,39.4,,46.5,,127.3,,128.4,
136188,1,52.7,,,,,,170,,18.2,,41,,36.5,,26.8,,73.9,,83.4,
136189,1,63.8,,,,,,154,,26.9,,33.1,,31.2,,30.6,,82.9,,98.4,
136190,1,53.2,,,,,,161.3,,20.4,,34.6,,35.2,,24.9,,75.2,,95.3,
136191,1,79,,,,,,170.6,,27.1,,36.7,,38.5,,30.6,,100.8,,108.4,
136192,1,64.6,,,,,,178.5,,20.3,,43.7,,40,,29.1,,82,,91,
136193,1,75.1,,,,,,159.7,,29.4,,32.8,,36.3,,32.1,,107.2,,106.2,
136194,1,71.1,,,,,,165.5,,26,,39.5,,37,,30.5,,96.8,,94,
136195,1,88.2,,,,,,166.4,,31.9,,39.2,,40.4,,34.1,,117.4,,103.5,
136196,1,31.4,,,,,,139.3,,16.2,2,33.5,,30.5,,19.6,,60.1,,,
136197,1,38.9,,,,,,152.3,,16.8,2,36.8,,33.3,,20.8,,64,,,
136198,1,113.6,,,,,,154.2,,47.8,4,35.5,,31.5,,38.5,,128.1,,130.8,
136200,1,65.4,,,,,,156.9,,26.6,,34.4,,35.8,,31.5,,102.2,,101.6,
136201,1,58.7,,,,,,152.6,,25.2,,33.5,,32,,29.1,,85.9,,93.2,
136202,1,29.5,,,,,,119.1,,20.8,4,,,25.5,,22.3,,66,,,
136203,1,32.4,,,,,,131.2,,18.8,3,,,29.6,,21.6,,63.1,,,
136204,2,173.1,3,,,,,174.3,,57,,,1,,1,,1,,1,,1
136205,1,93.2,,,,,,184.5,,27.4,,42.2,,40.3,,35.7,,95.6,,104.5,
136206,1,66,,,,,,158.7,,26.2,,36.7,,37.7,,29.7,,90.6,,104.6,
136207,1,30.4,,,,,,142.3,,15,2,33.3,,31.2,,18.6,,61.4,,,
136208,1,40.5,,,,,,159.3,,16,2,39.9,,36.8,,21.5,,62.6,,,
136210,1,101.8,,,,,,161.7,,38.9,,35.5,,35,,36.5,,110.9,,134.8,
136211,1,72.8,,,,,,160.2,,28.4,,32.5,,34.2,,32.5,,104.6,,100.3,
136212,1,19.3,,,,,,109.1,,16.2,2,,,23,,17.7,,50.8,,,
136213,1,83.8,,,,,,170.7,,28.8,4,40.2,,38.3,,33.2,,94.5,,104.6,
136216,1,80.9,,,,,,181.9,,24.5,,43.5,,41.5,,31,,98,,107.4,
136217,1,26.8,,,,,,109.5,,22.4,4,,,21.6,,24.5,,66,,,
136218,1,44.6,,,,,,155.1,,18.5,,33.8,,31.2,,23.7,,66.3,,83.8,
136220,1,89.2,,,,,,172.8,,29.9,,42.8,,42.6,,34.1,,109.4,,105.2,
136222,1,56.6,,,,,,157.9,,22.7,,38.8,,35.3,,30.3,,77.6,,94.5,
136223,1,120.4,,,,,,183.9,,35.6,,45,,44,,40.8,,117,,120.7,
136225,1,60.7,,,,,,164.6,,22.4,,37.2,,36,,25.6,,77.8,,94.1,
136227,1,76.2,,,,,,166.2,,27.6,,37,,37,,33,,99.9,,108.3,
136228,1,53.8,,,,,,164.9,,19.8,2,37,,37.1,,26,,73.7,,92.3,
136229,1,144.2,4,,,,,179.2,,44.9,,40,,45.2,,43.5,,142.5,,135.7,
136230,1,76.5,,,,,,166.2,,27.7,,40.4,,39.5,,31.6,,97,,110.7,
136231,1,86.4,,,,,,158.6,,34.3,,38.8,,38.2,,36.1,,99.5,,115.1,
136232,1,91.3,,,,,,184.7,,26.8,,41.3,,40.7,,34,,91.9,,100.1,
136233,1,98.1,,,,,,168.8,,34.4,,39.7,,40,,37,,121.2,,104.5,
136236,1,66.1,,,,,,174.4,,21.7,3,42.9,,40,,26.1,,84.5,,,
136237,1,30.1,,,,,,127.3,,18.6,2,29.5,,26.8,,21.6,,69.3,,,
136239,1,30.1,,,,,,126.7,,18.8,3,27.7,,26.2,,20.5,,65.1,,,
136240,1,67.2,,,,,,160.2,,26.2,,33.5,,37.5,,31.1,,93.6,,99.2,
136241,3,82,3,,,,,155.4,,34,,,1,33.6,,32.1,,,1,,1
136242,1,91.7,,,,,,171.6,,31.1,4,39.7,,42.9,,35.7,,105.2,,107.6,
136243,1,104.2,,,,,,168.8,,36.6,,40.5,,39.1,,43.6,,103.2,,122.3,
136244,1,76,,,,,,165.5,,27.7,,36.5,,36.2,,33.1,,96,,101.4,
136245,1,19.6,,,,,,107.7,,16.9,3,,,22.4,,18.4,,57.6,,,
136248,1,52.3,,,,,,164.2,,19.4,2,36.8,,36.6,,23.9,,72.2,,91.1,
136249,1,120.5,,,,,,165.3,,44.1,,39,,37.3,,44.6,,143.6,,127.2,
136250,1,95,,,,,,177.7,,30.1,,39.9,,38.6,,34,,117.2,,108.1,
136251,3,161.9,,,,,,155.9,,66.6,4,,1,33,,48.7,,,1,163.6,
136252,1,102.7,,,,,,181.3,,31.2,,44.7,,40.6,,36.2,,115.2,,107.3,
136254,1,48.9,,,,,,167.9,,17.3,,38,,35.8,,22.6,,67.5,,87.9,
136255,1,68,,,,,,152.3,,29.3,,36.3,,35,,33.6,,96.4,,107,
136256,1,60.8,,,,,,156.4,,24.9,,36.3,,33.5,,28.4,,84,,100,
136257,1,43.8,,,,,,150.8,,19.3,2,35.3,,31.8,,22.2,,66.4,,87.6,
136259,1,15.4,,,,,,99,,15.7,2,,,20.8,,17.2,,49,,,
136260,1,83,,,,,,180.5,,25.5,,42.1,,41.3,,33.8,,91.1,,101,
136261,1,60.5,,,,,,158.8,,24,,38.2,,36.1,,27.4,,90.5,,97.8,
136265,3,68.5,,,,,,165.5,,25,,40.9,,38,,29.3,,,1,108.2,
136266,1,76.1,,,,,,151.6,,33.1,,35,,33,,31.8,,100,,112,
136267,1,49,,,,,,165.3,,17.9,,38.3,,37,,23.8,,72.1,,90.2,
136268,1,81.9,,,,,,169.9,,28.4,,41.6,,43,,34,,99.4,,99.9,
136269,1,19.7,,,,,,110.7,,16.1,2,,,23.5,,18.5,,52.1,,,
136270,1,25.3,,,,,,126.6,,15.8,2,31.5,,25,,18.4,,55.8,,,
136271,1,64.9,,,,,,163.2,,24.4,,38.2,,36.5,,28.7,,81,,101.5,
136272,1,83.8,,,,,,182.7,,25.1,,43.7,,40.5,,32.4,,95.5,,102.4,
136273,1,30.4,,,,,,132.7,,17.3,2,,,27.6,,20.7,,57.5,,,
136274,1,61.8,,,,,,161.9,,23.6,,39.2,,36.2,,29.4,,80.2,,103.6,
136275,1,28.5,,,,,,117.7,,20.6,4,,,26.5,,22.6,,63.2,,,
136276,1,77.4,,,,,,167.6,,27.6,,37,,36.4,,32.5,,100,,99,
136278,1,111.1,,,,,,171.2,,37.9,,38.5,,38.5,,38.5,,115,,124,
136279,1,63.1,,,,,,175.8,,20.4,2,41,,36,,26.7,,78.9,,94.5,
136280,1,39.6,,,,,,151.4,,17.3,2,34.7,,31.8,,21.7,,64.1,,74.2,
136281,1,70.7,,,,,,171,,24.2,,39.4,,38,,32.5,,97.9,,95.7,
136283,1,58.2,,,,,,164.1,,21.6,,37.9,,35.7,,27.7,,79.7,,89.9,
136284,2,91.1,3,,,,,156.8,,37.1,,,1,,1,,1,,1,,1
136285,1,91.2,,,,,,162.4,,34.6,,38.3,,40.6,,36.2,,124.1,,119.4,
136287,1,66.9,,,,,,181.1,,20.4,,38.9,,36.9,,28,,76.6,,90.5,
136289,1,85.5,,,,,,175.9,,27.6,,39.2,,40.4,,31.8,,106.5,,106.5,
136291,1,66.6,,,,,,160.7,,25.8,,35.4,,35.2,,30.8,,89,,99,
136293,1,48.4,,,,,,163.1,,18.2,,35.9,,32.6,,22.4,,70.8,,88.5,
136294,1,99.3,,,,,,162.5,,37.6,,35.2,,35,,39.3,,120,,122.4,
136296,1,57.5,,,,,,165.8,,20.9,,38.2,,37.5,,26.5,,82.4,,89.1,
136297,1,57.1,,,,,,169.1,,20,2,41.7,,37,,24.5,,72.8,,89.8,
136298,1,41.6,,,,,,157.2,,16.8,,35,,33,,19.9,,72.5,,83.6,
136299,1,87.6,,,,,,174.5,,28.8,,41.2,,40.5,,29.2,,118,,107.4,
136300,1,77.2,,,,,,162.4,,29.3,3,34.9,,39.7,,31.9,,95.7,,105.8,
136301,1,81.7,,,,,,170.8,,28,,39,,38.8,,34.4,,99.7,,100.5,
136302,1,162.4,,,,,,160.1,,63.4,,37.7,,43,,63.3,,149.4,,166.6,
136305,1,58.8,,,,,,166.7,,21.2,,38,,35,,25.7,,81.9,,94.2,
136306,1,74.8,,,,,,181.8,,22.6,,44.3,,40.4,,28.7,,89,,97.6,
136307,1,67.5,,,,,,156.9,,27.4,,34.7,,36.2,,33.1,,89.9,,109.4,
136308,1,85.9,,,,,,178.9,,26.8,,43.3,,40,,33.5,,91.4,,104.2,
136309,1,70.5,,,,,,158.9,,27.9,,33.2,,32.7,,29.2,,104,,105.8,
136310,1,70.8,,,,,,172.6,,23.8,,38.6,,39.6,,28.5,,93.1,,108.6,
136312,1,61.9,,,,,,165.2,,22.7,,39.3,,35.8,,29.3,,82.4,,97,
136313,1,20,,,,,,118.1,,14.3,2,27.3,,25.8,,16.6,,54.3,,,
136315,1,85.4,,,,,,171.6,,29,,39.8,,38.4,,37,,102,,100.4,
136317,1,25.1,,,,,,121.3,,17.1,2,,,23,,19.4,,56.5,,,
136318,1,74.8,,,,,,162.8,,28.2,,35,,36.8,,32.7,,101.5,,103.6,
136320,1,61.6,,,,,,163.5,,23,,43,,36,,27.8,,86,,96.8,
136321,1,108.8,,,,,,171.8,,36.9,,34.2,,37,,39.5,,129.4,,119.5,
136322,1,69.3,,,,,,148.9,,31.3,,30.1,,31.8,,30.1,,111.4,,118.3,
136323,1,63.8,,,,,,170.3,,22,,37.7,,37.9,,28,,85.2,,93.1,
136324,1,50.1,,,,,,167,,18,2,34.8,,35.8,,24,,66.8,,,
136325,1,82.8,,,,,,156.4,,33.8,,30,,35,,38.5,,113.5,,109,
136326,1,105.2,,,,,,179.1,,32.8,,43.1,,41.7,,38.3,,114.3,,108.4,
136328,3,119,3,,,,,170.7,,40.8,,,1,40,,44.5,,122,,,1
136330,3,58.6,,,,,,164.1,,21.8,,,1,39,,26.2,,,1,,1
136332,1,75,,,,,,170.8,,25.7,,45.1,,40,,32.2,,93.7,,108.5,
136333,1,69,,,,,,167.5,,24.6,,39,,37.5,,26.2,,92,,99.8,
136334,1,89.9,,,,,,166,,32.6,,39.8,,40.7,,35.4,,117.3,,108,
136336,1,64.6,,,,,,164.8,,23.8,,37.7,,36,,28,,93,,98.6,
136337,1,73.2,,,,,,168.6,,25.8,,44.7,,37.5,,31.7,,86.7,,94.2,
136339,1,88.6,,,,,,179.6,,27.5,,40.5,,42,,33.3,,109.7,,100.1,
136340,1,5.9,,63.6,,42.4,,,,,,,,12.5,,13,,,,,
136341,1,85.1,,,,,,179.3,,26.5,,42.1,,39.5,,34.3,,92.6,,102.8,
136345,1,73.1,,,,,,178.3,,23,,40.3,,38.5,,30.4,,89.5,,94.3,
136346,1,71.5,,,,,,166.9,,25.7,2,40,,33.3,,31.2,,85.3,,100.5,
136347,1,29.5,,,,,,130.4,,17.3,2,29.7,,27.3,,20.4,,60.3,,,
136352,1,93.1,,,,,,164.9,,34.2,,37.1,,37.6,,35.6,,115.3,,128.8,
136353,1,64.6,,,,,,161.9,,24.6,,35,,34.3,,30.5,,81.1,,100.7,
136354,1,70.7,,,,,,164.5,,26.1,,38.8,,37.7,,31,,88.6,,106,
136355,1,106.2,,,,,,183.7,,31.5,,44.2,,43,,36.2,,105.2,,110.9,
136357,2,62.4,3,,,,,177.9,,19.7,,,1,,1,,1,,1,,1
136360,1,75.8,,,,,,182.6,,22.7,,43.6,,39,,31.6,,87,,100,
136361,1,99.9,,,,,,181.4,,30.4,,44.5,,40.5,,36.5,,105,,106.7,
136363,1,16.7,,99.7,,,,96.7,,17.9,4,,,20,,16.7,,50,,,
136364,1,68.8,,,,,,171.2,,23.5,,37.7,,36.8,,27.1,,88.9,,98.7,
136365,1,93.8,,,,,,176.6,,30.1,,41,,41.3,,33.9,,105.6,,103.2,
136366,1,53.1,,,,,,157.9,,21.3,,37.3,,32.5,,25.7,,78.8,,94.7,
136368,1,20.9,,,,,,113.8,,16.1,2,,,24.1,,18.2,,55.3,,,
136369,1,77,,,,,,170,,26.6,,40.5,,38.3,,31,,93.7,,110,
136370,1,88.5,,,,,,176.1,,28.5,,36,,39.9,,33.4,,89.3,,105.4,
136372,1,57.7,,,,,,132.5,,32.9,4,31.3,,28.6,,29.8,,99,,,
136373,1,104,,,,,,172.5,,35,,44,,41.3,,37.9,,110.9,,115,
136376,1,88.1,,,,,,168.6,,31,,34.9,,36,,35.7,,113,,108.7,
136377,4,,,,,,,,,,,,,,,,,,,,
136378,1,71.5,,,,,,166.5,,25.8,,38.5,,38.7,,31.8,,85.7,,94.9,
136379,1,46.2,,,,,,152.6,,19.8,2,34.6,,32,,24.3,,67.4,,88.9,
136380,1,89.2,,,,,,177.2,,28.4,4,43.5,,43.9,,34.2,,96.9,,105,
136381,1,78.7,,,,,,162.7,,29.7,,36.4,,34.2,,33.4,,99.4,,110.1,
136382,1,39.5,,,,,,158.9,,15.6,1,41.1,,33.5,,20.8,,62.7,,75.2,
136383,1,71.5,,,,,,161.5,,27.4,,36.5,,35,,28.3,,99.1,,95.6,
136384,1,118.2,,,,,,177.5,,37.5,,40.7,,39,,38.2,,130.3,,132.2,
136385,1,92.9,,,,,,181.9,,28.1,,42.4,,44.4,,31.2,,112.6,,104.2,
136386,1,36.4,,,,,,136.7,,19.5,3,34.3,,29.5,,23.2,,71.4,,,
136387,1,77.6,,,,,,164.2,,28.8,,38,,36.5,,31.6,,99,,108,
136389,1,118.7,,,,,,160.3,,46.2,,31.4,,38,,40,,123.5,,143,
136390,1,69.5,,,,,,149,,31.3,,30.1,,32.1,,35.1,,104.8,,110.2,
136392,1,54.7,,,,,,159.7,,21.4,,35.5,,34.5,,28.5,,80.5,,93.2,
136393,1,63,,,,,,159.4,,24.8,3,41.5,,38.2,,31.1,,85.3,,97.6,
136395,1,9.4,,70.4,,,,,,,,,,14.5,,15,,,,,
136396,1,53.1,,,,,,164.2,,19.7,2,39.5,,33.4,,26.5,,70.6,,88.5,
136397,1,83.9,,,,,,166.7,,30.2,,39,,37.5,,34.5,,96.1,,115.6,
136398,1,76.1,,,,,,146.2,,35.6,,31,,35.5,,32.7,,104.6,,123.8,
136399,1,76.2,,,,,,147.3,,35.1,,28.1,,27.4,,32.1,,100.6,,110.9,
136400,1,83.2,,,,,,156,,34.2,,33.3,,34,,36.2,,104,,107.6,
136401,1,56.6,,,,,,150.8,,24.9,,36.6,,33,,29.8,,74,,101.7,
136402,1,76.3,,,,,,160.6,,29.6,,37.2,,38,,35,,94.6,,112.4,
136403,1,11.8,,85.7,,,,,,,,,,16.4,,14.9,,,,,
136404,1,15.1,,89,,,,88.8,,19.1,4,,,17.7,,17.4,,50,,,
136405,1,108.3,,,,,,160.5,,42,,38.7,,36.2,,37.6,,124.1,,135.9,
136406,1,68.5,,,,,,167.1,,24.5,2,41.5,,37.2,,28,,97.2,,98.4,
136407,1,75.7,,,,,,170.6,,26,,37.2,,39.1,,32.5,,97.8,,94.7,
136408,1,89.8,,,,,,172.5,,30.2,,39.6,,38.2,,34.6,,113.1,,106.7,
136409,1,88.4,,,,,,170.1,,30.6,3,44.5,,39.4,,34.6,,98.4,,112.7,
136410,1,59.2,,,,,,166.5,,21.4,,39.5,,38.3,,26.5,,78.8,,96.7,
136411,1,19.1,,,,,,110.6,,15.6,2,,,23,,18,,51.5,,,
136412,1,89.7,,,,,,161.7,,34.3,,39.7,,35.5,,39.6,,116.2,,122.2,
136413,1,7.1,,64.3,,42.5,,,,,,,,11,,15.7,,,,,
136414,1,58.6,,,,,,170.3,,20.2,2,40,,38,,25.8,,78.3,,88.5,
136415,1,75.5,,,,,,164.9,,27.8,,35,,40,,32.5,,102.7,,98.5,
136417,3,84.7,3,,,,,188.9,,23.7,,,1,45.5,,29.9,,98.9,,,1
136418,1,75.3,,,,,,159.3,,29.7,,35.4,,35,,34.5,,105.4,,99.5,
136419,1,88.4,,,,,,160,,34.5,4,38.5,,37.8,,37.5,,100.5,,123.7,
136421,1,94.8,,,,,,169.3,,33.1,,38,,40.6,,35.7,,108.2,,113.5,
136422,2,103.3,3,,,,,154.2,,43.4,,,1,,1,,1,,1,,1
136424,1,105.7,,,,,,167.4,,37.7,,35.7,,35.9,,38.2,,110.3,,121.1,
136425,1,115.9,,,,,,174.3,,38.1,,41.5,,40.7,,42.5,,120.8,,118,
136426,1,109.6,,,,,,169.9,,38,,38.5,,39.4,,42.2,,111.5,,127,
136429,1,119.7,,,,,,161.6,,45.8,,37.7,,40.7,,44.2,,146.8,,150.5,
136430,1,68.8,,,,,,171,,23.5,,37.8,,37,,28.5,,84.4,,94,
136431,1,76.6,,,,,,169.3,,26.7,,40.3,,40.2,,36,,94.2,,94.1,
136432,1,59.3,,,,,,168.1,,21,2,39,,37.2,,26.8,,73,,95.2,
136434,1,73.3,,,,,,160.2,,28.6,,37,,36.1,,31.5,,97.3,,106.7,
136435,3,61.2,,,,,,185.8,,17.7,,,1,39,,28.1,,,1,,1
136436,1,46.8,,,,,,155.6,,19.3,2,36.5,,31.8,,24.1,,73,,,
136437,1,80.8,,,,,,167.5,,28.8,,39.1,,35.3,,33.4,,101.1,,104,
136439,1,58.6,,,,,,174.3,,19.3,,41,,35.3,,25.1,,77.1,,93.7,
136440,1,56.5,,,,,,160.2,,22,,37.8,,36.2,,26.1,,78,,97.2,
136442,1,95.9,,,,,,194.6,,25.3,,45.4,,42,,35.5,,92.9,,105.4,
136443,1,61.9,,,,,,168.7,,21.8,,41.4,,40,,28.2,,84.3,,88,
136444,1,84.4,,,,,,170.3,,29.1,,41.1,,40.6,,35.7,,101.7,,102.5,
136445,1,68,,,,,,168.1,,24.1,,35.3,,36,,29.1,,91.6,,94.3,
136448,1,104.9,,,,,,169.3,,36.6,,40.7,,42,,39.3,,121.5,,131.9,
136449,1,50.7,,,,,,154.3,,21.3,,37.1,,34.7,,25.1,,73.7,,92.7,
136451,1,92.4,,,,,,177.8,,29.2,,41.1,,42.8,,33.9,,109.6,,105.5,
136452,1,63.1,,,,,,154,,26.6,,37.1,,34,,30.4,,87.5,,100.8,
136453,1,60.2,,,,,,162.5,,22.8,,38.8,,37.4,,27.3,,88.1,,95.8,
136455,1,76.9,,,,,,171.7,,26.1,,41.1,,37.2,,33.8,,100.6,,97.2,
136457,1,64,,,,,,161.9,,24.4,,36.3,,40.5,,30,,81.9,,99.7,
136458,1,106.7,,,,,,174.2,,35.2,,40.9,,42.3,,37.2,,122.8,,114.9,
136460,1,95.3,,,,,,160.5,,37,,37.8,,35.2,,39,,113.3,,135.6,
136461,1,65.1,,,,,,162,,24.8,,39.9,,36,,28.3,,79.9,,106.5,
136462,1,60.8,,,,,,164.3,,22.5,,36.2,,37.4,,27.5,,79,,97.4,
136463,1,107.5,,,,,,180.9,,32.8,4,45.4,,41.1,,36.7,,117.7,,132,
136464,1,31.2,,,,,,123.5,,20.5,4,,,26.3,,23,,70,,,
136465,1,48,,,,,,164.4,,17.8,,35.4,,34.3,,23,,69.5,,81.4,
136466,1,85.5,,,,,,173.1,,28.5,,38.4,,40.3,,31.9,,98.7,,112.5,
136467,1,63.5,,,,,,165.3,,23.2,,37.5,,37.8,,30.5,,89.5,,100,
136468,1,54.3,,,,,,172.6,,18.2,,40,,38.6,,25.8,,69.5,,87.1,
136469,1,97.4,,,,,,163.1,,36.6,4,36.3,,36.5,,37,,101.7,,120,
136473,1,69.8,,,,,,167.6,,24.8,,39,,40.1,,32.8,,89.4,,93.8,
136474,1,62.5,,,,,,173.7,,20.7,2,36.5,,37,,27.2,,76,,98.4,
136475,1,58.4,,,,,,147.5,,26.8,,33.3,,36.5,,26.9,,93.1,,97,
136476,1,49.4,,,,,,145.5,,23.3,,29,,32,,29.4,,88.4,,89.5,
136477,1,84.4,,,,,,174.9,,27.6,,40.1,,37.2,,36.2,,95.9,,96.4,
136478,1,112.3,,,,,,166.5,,40.5,,40.6,,38,,40.3,,124.6,,115.4,
136480,3,57,3,,,,,170.2,,19.7,,,1,,1,,1,73.6,,,1
136481,1,15.4,,97.2,,,,95.3,,17,2,,,19,,17.1,,49.5,,,
136484,1,13.5,,87.6,,,,87,,17.8,2,,,17.5,,16.7,,51.2,,,
136487,1,94.2,,,,,,154,,39.7,,34.1,,36.3,,40.2,,120.3,,125.1,
136489,1,88,,,,,,190.8,,24.2,,44.6,,42.8,,31.9,,95.8,,105.3,
136490,1,102.3,,,,,,185.7,,29.7,,43.5,,42.5,,34.6,,112.3,,106.1,
136492,1,63.4,,,,,,158.8,,25.1,,33.3,,33.5,,31.2,,88,,90.9,
136493,1,7.2,,59.4,,42.1,,,,,,,,10.8,,15.8,,,,,
136494,1,81.5,,,,,,170.2,,28.1,,41.5,,38.1,,32.8,,94.5,,101.2,
136495,4,,,,,,,,,,,,,,,,,,,,
136496,1,64.1,,,,,,163.3,,24,,39,,34.7,,26.7,,89.6,,100.5,
136498,1,11.6,,81.6,,,,81.4,,17.5,2,,,16,,15.9,,45.4,,,
136499,1,64.3,,,,,,176.7,,20.6,,40.5,,39,,26.5,,77.5,,100.9,
136502,1,94.7,,,,,,183.4,,28.2,,46.5,,40,,37,,102.6,,107,
136505,1,12.2,,,,,,92.6,,14.2,2,,,18.4,,14.2,,43.8,,,
136507,3,,1,,,,,162.6,3,,,,1,,1,,1,,1,,1
136508,1,54.6,,,,,,146.2,,25.5,,31.7,,34.1,,28.1,,84.9,,93.8,
136509,1,173.9,,,,,,172.2,,58.6,,38.3,,39,,50,,143.4,,165.7,
136510,1,137.6,,,,,,168.5,,48.5,,39.8,,36.2,,45.7,,141.3,,145.2,
136511,1,10,,81.7,,,,81.5,,15.1,2,,,16.7,,14.4,,43.2,,,
136512,1,59,,,,,,155.2,,24.5,,36,,35,,24.7,,88.8,,96.7,
136514,1,20.5,,,,,,107.4,,17.8,3,,,22.4,,17.6,,55.3,,,
136515,1,155,,,,,,187.4,,44.1,4,46.5,,47,,46.9,,144.3,,137.4,
136516,1,66,,,,,,156.2,,27.1,,36.2,,33.9,,28.7,,94.3,,102.7,
136517,1,37.8,,,,,,152.3,,16.3,2,36.3,,33.4,,21.5,,63,,,
136518,1,11.4,,76.1,,,,,,,,,,16,,16.4,,,,,
136521,1,75.5,,,,,,176.8,,24.2,,38.4,,39.2,,30.8,,91.6,,89.2,
136522,1,54.5,,,,,,164.3,,20.2,,37.1,,36.2,,25.5,,68.5,,90.4,
136523,1,86.7,,,,,,155.6,,35.8,,36,,37.2,,37.1,,106.5,,124.5,
136525,1,118.9,,,,,,172.9,,39.8,,41,,39.5,,37.5,,134.3,,115.5,
136527,1,79.3,,,,,,148.6,,35.9,,30.5,,37,,35.3,,101,,117.5,
136528,1,70.7,,,,,,180.2,,21.8,,41.8,,37.5,,29.3,,86.2,,94.5,
136530,1,90.6,,,,,,188.2,,25.6,,47.5,,41.5,,33.2,,99.5,,100.7,
136534,1,69.5,,,,,,180,,21.5,2,43.7,,38.4,,30,,79.9,,95.4,
136535,1,77.8,,,,,,172.1,,26.3,,42,,41,,33.6,,98.5,,99.7,
136536,1,69,,,,,,164.9,,25.4,,40.1,,37.9,,28.3,,86,,107.1,
136537,1,98.9,,,,,,163.4,,37,,38.2,,37,,38.2,,111.7,,115.5,
136538,1,62.5,,,,,,161.5,,24,3,37.1,,36,,30.1,,91.4,,91.6,
136539,1,66.7,,,,,,155.6,,27.5,,33.5,,38.7,,30.5,,103.2,,100.3,
136540,1,63.5,,,,,,164.8,,23.4,,38,,35.7,,28.2,,83.5,,98.3,
136541,1,61.3,,,,,,169.2,,21.4,,39.1,,36.4,,26.5,,77.5,,99.1,
136542,1,111.8,,,,,,171.4,,38.1,,35,,39.8,,42,,121.9,,123.9,
136545,1,9.9,,78.2,,,,,,,,,,15,,15.1,,,,,
136546,3,76.4,3,,,,,159,,30.2,,,1,37.1,,30,,105.3,,,1
136547,1,55.6,,,,,,160.2,,21.7,2,35.4,,36.4,,27.5,,74,,89.3,
136549,1,70.2,,,,,,166.8,,25.2,,41.5,,35.6,,27.3,,94.3,,105.8,
136552,1,42.5,,,,,,155,,17.7,1,37,,33.1,,22.6,,61.2,,81.4,
136553,1,70.8,,,,,,165,,26,,36.2,,34.9,,32.6,,92.9,,99.2,
136555,1,7.6,,68.5,,,,,,,,,,11.5,,14.7,,,,,
136556,1,64.9,,,,,,163.7,,24.2,,39.6,,37.6,,31,,85.1,,90.2,
136559,1,75.6,,,,,,168.7,,26.6,3,39.1,,39.3,,31.4,,90.8,,102.9,
136560,1,47.6,,,,,,158.3,,19,,36.3,,34.5,,22.4,,75,,87.6,
136561,1,80.6,,,,,,175.5,,26.2,,42.8,,39,,34.1,,86.7,,102.5,
136562,1,80.7,,,,,,158.8,,32,,36.9,,36,,33.3,,103.7,,117.2,
136564,1,86.8,,,,,,170.1,,30,,39.4,,38.4,,32,,103.6,,105.5,
136566,1,108.3,,,,,,191,,29.7,,40.7,,43.9,,37.9,,111.4,,118.2,
136568,1,92.6,,,,,,178.6,,29,,39.9,,41.7,,34.3,,103.7,,100.6,
136569,1,12.9,,88.9,,,,88.5,,16.5,2,,,20,,16.1,,47.2,,,
136571,1,88,,,,,,185.1,,25.7,,44.5,,41.5,,37.8,,95.7,,105.5,
136572,1,75,,,,,,161,,28.9,,33,,37.4,,31,,104.3,,108.8,
136573,1,74.2,,,,,,179.8,,23,,38.6,,39.5,,28.4,,94.1,,99.7,
136574,1,26,,,,,,126.5,,16.2,2,,,25.7,,19.2,,56.9,,,
136575,4,,,,,,,,,,,,,,,,,,,,
136576,1,113,,,,,,165.6,,41.2,,39.2,,39.1,,42.1,,116.9,,137,
136577,1,109.3,,,,,,159.7,,42.9,,33.1,,41,,42,,117,,133,
136579,1,66.9,,,,,,155.2,,27.8,,32.1,,32,,30.5,,97.3,,97.6,
136580,1,27,,,,,,130.8,,15.8,2,30.4,,29.2,,18.7,,57.7,,,
136581,1,70,,,,,,168.6,,24.6,3,39.9,,35.5,,30.4,,85.6,,98.7,
136582,1,77.5,,,,,,176.1,,25,,41.4,,40,,30.6,,89.7,,100.4,
136583,2,70.1,3,,,,,166.3,,25.3,,,1,,1,,1,,1,,1
136584,1,53,,,,,,158.8,,21,,35.5,,34.4,,25.8,,73,,87.9,
136585,1,72.6,,,,,,152.3,,31.3,,32.5,,32.3,,29.1,,99.7,,99.8,
136586,1,62.7,,,,,,161.9,,23.9,,36.8,,34.5,,28.8,,87.2,,99,
136587,1,67.3,,,,,,149.7,3,30,,34.4,,34,,33.1,,91.8,,107,
136588,1,74.6,,,,,,167,,26.7,,38.4,,35,,31.7,,102.9,,107.7,
136589,1,132.4,,,,,,190.7,,36.4,,42.8,,47.1,,39.2,,136.8,,125,
136590,1,14,,,,,,101.9,,13.5,1,,,22.5,,13.3,,43.5,,,
136591,1,61,,,,,,158.9,,24.2,,37.3,,37.4,,29.8,,91.4,,85.9,
136592,1,91.1,,,,,,168.2,,32.2,,38.5,,40.8,,34.3,,113.5,,107.5,
136593,1,64.2,,,,,,155.8,,26.4,,35.3,,35.4,,29.1,,90.7,,105,
136594,1,35.7,,,,,,150.3,,15.8,2,34.8,,30.6,,19.5,,57.2,,,
136596,1,62.2,,,,,,166.9,,22.3,,38.8,,38.1,,28.1,,89.4,,83.6,
136597,1,54.1,,,,,,162,,20.6,2,46,,35.5,,26,,68.3,,92.6,
136598,1,62.6,,,,,,170.4,,21.6,3,42.6,,35.5,,27.3,,77,,93,
136599,1,118.2,,,,,,163.7,,44.1,,35.6,,35.3,,35.2,,135,,150.5,
136600,1,13.1,,88.3,,,,,,,,,,17.2,,15.4,,,,,
136601,1,60,,,,,,153.6,,25.4,,33,,34.2,,30.5,,87,,92.5,
136602,1,78.5,,,,,,173.3,,26.1,3,41.6,,38.6,,34.7,,82.5,,99.9,
136603,1,74.6,,,,,,155.4,,30.9,,34.5,,34.8,,33.3,,102.7,,102.4,
136604,1,62.3,,,,,,157.5,,25.1,,36.1,,36.4,,27,,83.9,,94,
136605,1,81.7,,,,,,166.6,,29.4,,39.4,,35.8,,34.5,,101.3,,112.2,
136606,3,,1,,,,,,1,,,,1,37.5,,37.5,,,1,,1
136607,1,79.5,,,,,,169.7,,27.6,,38.1,,40.1,,32.3,,106.2,,104.6,
136608,1,137,,,,,,186.7,,39.3,,44.4,,46.2,,41.5,,128.6,,125,
136609,1,148.8,,,,,,155.6,,61.5,,37.4,,39.5,,52.8,,140.9,,156.8,
136610,1,58.3,,,,,,173.4,,19.4,,35.9,,35.9,,25,,71.3,,88.6,
136612,1,74,,,,,,171.9,,25,3,43.8,,37.4,,32.2,,86.9,,105.4,
136613,3,46.5,,,,,,153.1,,19.8,2,,1,32.1,,25.9,,61.6,,,1
136614,2,79.8,,,,,,171.4,,27.2,,,1,,1,,1,,1,,1
136616,1,75.5,,,,,,177.1,,24.1,,39.2,,36.5,,29.8,,92.2,,97.5,
136617,1,51.2,,,,,,155.9,,21.1,2,40,,34.5,,25.1,,77,,89.2,
136618,1,116.4,,,,,,175.7,,37.7,,38.8,,38.5,,41.2,,128.3,,113.6,
136621,1,56.9,,,,,,152.5,,24.5,,33,,34.1,,27.9,,85.2,,96.1,
136623,1,83.1,,,,,,177,,26.5,,43,,42,,34.7,,94.4,,99.2,
136624,1,110,,,,,,176.4,,35.4,,39.4,,40.4,,37.2,,125.4,,137.9,
136625,1,108,,,,,,169,,37.8,,39.2,,39.2,,38.4,,113.9,,126.1,
136626,1,86.4,,,,,,164.5,,31.9,,34.7,,37.5,,35.5,,110,,113,
136628,1,47.5,,,,,,157.4,,19.2,,36.5,,33.5,,23.7,,77.5,,86.4,
136629,1,79.9,4,,,,,170.7,,27.4,,36.3,,36.4,,29.6,,98,,98.1,
136630,2,104.9,3,,,,,171.6,,35.6,,,1,,1,,1,,1,,1
136631,1,47.2,,,,,,146,3,22.1,,33.6,,33.9,,27.2,,85.6,,88.5,
136632,1,18.7,,,,,,108.8,,15.8,2,,,22.6,,17.2,,53.4,,,
136634,1,52.9,,,,,,168.5,,18.6,,39.2,,37.7,,22,,79,,84.7,
136635,1,51.3,,,,,,144.4,,24.6,4,33.3,,32.2,,26.8,,79.7,,,
136636,1,64.2,,,,,,167.1,,23,,37.8,,35,,29,,87,,99,
136637,1,76.6,,,,,,158,,30.7,,37.1,,36.1,,34.1,,99.2,,108.3,
136638,1,61.7,,,,,,169.2,,21.6,,37.4,,36.4,,29.2,,82.4,,95.7,
136639,1,73,,,,,,170,,25.3,3,39.5,,35,,31.7,,87,,99.2,
136641,1,151.9,,,,,,192.5,,41,4,47.1,,41.5,,44.1,,129.9,,133.7,
136642,1,62.9,,,,,,154.8,,26.2,,31.9,,35.2,,31.3,,89,,108,
136643,1,74.8,,,,,,157,,30.3,,36.5,,36.9,,35.1,,94.2,,109.4,
136644,1,70.1,,,,,,148.9,,31.6,,32.6,,32,,34.6,,104.2,,106.8,
136645,1,92,,,,,,174,,30.4,,40.9,,40.4,,36,,107,,110.5,
136646,1,60.4,,,,,,154,,25.5,3,36.8,,35.4,,29.6,,86.5,,96.9,
136647,1,104.9,,,,,,156,,43.1,,31.5,,35.6,,37.4,,129.5,,132.5,
136648,1,41.3,,,,,,153.2,,17.6,2,37.3,,36,,23,,61.2,,,
136649,1,63.9,,,,,,164.8,,23.5,,40,,37.5,,29.7,,77,,89.6,
136650,1,70.1,,,,,,174,,23.2,,41,,40.1,,30.7,,89.4,,95.4,
136652,1,71.8,,,,,,159,,28.4,,36,,36.5,,29.5,,105.4,,105,
136653,1,19.4,,,,,,113.6,,15,2,,,22.3,,17,,91.2,,,
136655,1,68.5,,,,,,167.2,,24.5,,41.5,,37.5,,29.4,,93.4,,95.7,
136657,1,88.4,,,,,,165.7,,32.2,,38.9,,36.8,,35.1,,112.8,,116.6,
136658,3,,1,,,,,,1,,,,1,35.2,,28.6,,,1,,1
136659,2,10.9,,79.6,,,,,,,,,,,1,,1,,,,
136660,3,72.5,3,,,,,160.8,,28,,,1,36.5,,27.8,,,1,,1
136663,1,55.2,,,,,,157.1,,22.4,,34.8,,34.3,,28.7,,81.4,,90.5,
136664,3,137.4,3,,,,,176.6,,44.1,,,1,38.6,,43.7,,142.3,,,1
136666,1,35.8,,,,,,139.6,,18.4,2,33.2,,29.3,,22,,64.5,,,
136667,1,71.7,,,,,,166.6,,25.8,,38.7,,37.1,,30.5,,88.3,,101.1,
136668,1,95,,,,,,167,,34.1,,40.3,,38.5,,36.3,,113.8,,106.9,
136670,1,74.4,,,,,,158.5,,29.6,3,34,,32.7,,31.5,,99.4,,105.5,
136672,1,10.2,,70.9,,44.9,,,,,,,,14.5,,15.6,,,,,
136673,1,63.4,,,,,,155.2,,26.3,,34.3,,35.5,,30.2,,89,,98.9,
136674,1,45.3,,,,,,146.8,,21,3,34.9,,32.7,,24.4,,71.9,,,
136675,1,55.1,,,,,,171.6,,18.7,,38.2,,38,,24.2,,79.6,,92.6,
136677,1,89.1,,,,,,165.3,,32.6,,39.7,,38.6,,35.3,,113.8,,108.2,
136678,1,77.8,,,,,,166.2,,28.2,3,38.3,,37.2,,31.2,,95.2,,108.2,
136679,1,76.3,,,,,,164.6,,28.2,,39.4,,37,,32,,104.7,,94.5,
136680,1,7.5,,68.8,,,,,,,,,,13.2,,14.3,,,,,
136682,1,85.5,,,,,,171.8,,29,,38,,42,,30.5,,106.5,,107.6,
136683,2,80.4,3,,,,,174.5,,26.4,,,1,,1,,1,,1,,1
136684,1,49.2,,,,,,147.1,,22.7,3,33.9,,32.2,,25.6,,77.5,,,
136685,1,98.4,,,,,,164.3,,36.5,,38.1,,37.4,,37.5,,109.4,,125.3,
136687,3,62.5,3,,,,,162.4,,23.7,2,,1,34.5,,27,,,1,,1
136688,1,62.1,,,,,,172.9,,20.8,,40.8,,35,,27,,77,,96.5,
136689,1,8.8,,66.7,,,,,,,,,,15.3,,15,,,,,
136691,3,104.5,3,,,,,175.3,,34,,,1,41.8,,34.5,,,1,,1
136692,1,60.3,,,,,,165.6,,22,,38.3,,36.8,,31.5,,78.5,,91,
136693,1,88.4,,,,,,159,,35,,33.7,,37.3,,36.2,,110.9,,116.1,
136694,1,76.2,,,,,,162.7,,28.8,,37.9,,33.6,,36.5,,94.7,,104.7,
136696,1,65.5,,,,,,152.6,,28.1,,36.9,,36.5,,32.8,,90.1,,105.4,
136697,1,82.1,,,,,,160.1,,32,,34,,35.2,,32,,104.2,,109.7,
136698,1,68.2,,,,,,158.4,,27.2,,37.9,,35.2,,33.2,,92.7,,99.8,
136699,1,100.1,,,,,,160.9,,38.7,,28.5,,36.2,,43.7,,115.5,,118.4,
136701,1,136,,,,,,171.2,,46.4,,39.2,,40,,44.6,,129.2,,143.7,
136702,1,64.9,,,,,,156.3,,26.6,,34.3,,35.6,,32.7,,100.2,,95.4,
136703,1,54.5,,,,,,153.4,,23.2,,37.5,,34,,28,,82.9,,89.8,
136704,1,20,,,,,,107.8,,17.2,3,,,22.8,,18.3,,52.2,,,
136705,1,79.4,,,,,,156.2,,32.5,,35.3,,35.5,,34.8,,90,,110.4,
136706,3,,1,,,,,163.9,,,,,1,,1,,1,,1,,1
136707,1,72.1,,,,,,157,,29.3,,38.5,,34.9,,36.2,,97,,107.1,
136709,1,75.5,,,,,,163.9,,28.1,,36.2,,36.7,,34.1,,94.2,,95.2,
136710,1,68,,,,,,168.2,,24,2,36.1,,36.5,,31.4,,81.5,,98.7,
136713,1,54.6,,,,,,161.5,,20.9,,38.2,,36.8,,25.1,,71.7,,93.3,
136714,1,108.6,,,,,,171.1,,37.1,,41.2,,39,,40.7,,122,,124.9,
136715,1,13.6,,,,,,96,,14.8,2,,,19.9,,16,,48,,,
136716,2,80.3,,,,,,155.8,,33.1,,,1,,1,,1,,1,,1
136718,1,90.9,,,,,,168.6,,32,,34,,40.1,,39.3,,106.1,,103.5,
136719,3,13.3,3,99.1,,,,95.6,,14.6,2,,,,1,,1,,1,,
136720,1,73.7,,,,,,152.8,,31.6,,36.5,,36.4,,32.2,,103.4,,106.8,
136722,1,20.4,,,,,,119.1,,14.4,2,,,24.6,,18.3,,54.7,,,
136723,1,121.8,,,,,,179.6,,37.8,,42,,42.2,,39.6,,123.8,,122.9,
136724,1,58.1,,,,,,162.5,,22,,35.7,,35.2,,26.8,,84.4,,95.6,
136725,1,11.4,,85.3,,,,,,,,,,18.1,,16.3,,,,,
136727,3,,1,,,,,,1,,,,1,40.4,,36.2,,,1,,1
136728,1,55.5,,,,,,151.2,,24.3,,31.3,,34.6,,28.5,,92.5,,98.7,
136729,1,50.2,,,,,,153.6,,21.3,2,35.3,,30.2,,26.4,,72.7,,89.1,
136730,1,83.5,,,,,,174.3,,27.5,,45.2,,41.3,,33.2,,97.8,,95.6,
136731,1,55.5,,,,,,151.1,,24.3,,33.2,,32,,27.8,,83,,95.7,
136732,1,22.3,,,,,,124.2,,14.5,2,,,28,,18.1,,53.1,,,
136733,1,61.8,,,,,,169.2,,21.6,,42.1,,39.5,,28.2,,83.1,,101.5,
136734,1,71.9,,,,,,167.3,,25.7,,37.5,,38.4,,33.5,,83.9,,101.7,
136735,1,69.4,,,,,,160.7,,26.9,,35.8,,37.1,,31,,95.6,,103.1,
136736,1,65.8,,,,,,152.4,,28.3,,35.2,,35.8,,33.9,,90.9,,101.7,
136737,1,11.1,,84.6,,,,,,,,,,16.2,,14.9,,,,,
136739,1,57.9,,,,,,153.6,,24.5,,33.3,,33.8,,30,,90,,99.5,
136740,1,63.5,,,,,,149.9,,28.3,,33.3,,36.3,,32.5,,96.5,,99.5,
136742,1,45.8,,,,,,151.3,,20,2,36.1,,35.5,,25.5,,68.1,,81.6,
136744,1,78,,,,,,177.6,,24.7,,41.2,,38.1,,34.6,,90.2,,99.4,
136745,1,77.5,,,,,,174.8,,25.4,,41.7,,37,,31,,92.2,,101.7,
136747,1,87.3,,,,,,165.7,,31.8,,39.2,,37.7,,36.7,,106.1,,116.7,
136748,1,93.9,,,,,,173.2,,31.3,,42,,43.1,,35.2,,113.2,,109.8,
136750,1,112.6,,,,,,183.7,,33.4,,41.9,,42.1,,36,,123.2,,109.8,
136752,1,96.9,,,,,,177.3,,30.8,,38.8,,39.2,,36.4,,109.2,,108.1,
136753,1,69.5,,,,,,183.7,,20.6,2,41.5,,41.9,,29.6,,74.8,,99.2,
136754,1,62.8,,,,,,169,,22,,40.5,,36.6,,28.5,,86.4,,91.5,
136755,1,144.8,,,,,,165.4,,52.9,4,39.8,,36.5,,45.9,,142,,145.3,
136757,1,71.5,,,,,,165.6,,26.1,,37,,38.4,,31.5,,93.9,,104.1,
136758,1,97.8,,,,,,176.2,,31.5,,41.7,,40,,38.5,,108.7,,112,
136760,1,59.3,,,,,,154.2,,24.9,,34,,34.5,,26.8,,91.3,,99,
136761,1,70.5,,,,,,166.9,,25.3,,37.3,,36.1,,31.3,,86.4,,97.8,
136762,1,93.9,,,,,,182.8,,28.1,,45.2,,40,,38.6,,101.2,,106,
136763,1,53.6,,,,,,180,,16.5,2,43.7,,38.5,,21.4,,69.2,,84,
136764,1,29.9,,,,,,113.9,,23,4,,,22.9,,24.3,,70.6,,,
136766,1,19.6,,,,,,108.2,,16.7,2,,,23,,18.6,,56.1,,,
136769,1,24.4,,,,,,124.5,,15.7,2,,,27,,17.9,,54.5,,,
136770,2,67.6,3,,,,,160.7,,26.2,,,1,,1,,1,,1,,1
136771,1,78.7,,,,,,179.5,,24.4,,42.2,,37.6,,30,,89.5,,100,
136772,1,131.1,,,,,,176.4,,42.1,4,44,,38.7,,42,,118.6,,130,
136773,1,21.5,,,,,,110.2,,17.7,3,,,23,,18.9,,56,,,
136774,1,50.1,,,,,,169.5,,17.4,1,40.5,,34.1,,23.5,,64.7,,88,
136775,1,36.3,,,,,,137.2,,19.3,3,31.3,,29.4,,22.9,,66.1,,,
136776,1,101.8,,,,,,162.7,,38.5,,37.8,,36.3,,38.9,,120,,122.2,
136778,1,85.1,,,,,,167.8,,30.2,,35.7,,37.1,,35.5,,97.2,,103,
136780,1,26.5,,,,,,122.3,,17.7,3,,,24.8,,20.6,,60.3,,,
136781,1,52.3,,,,,,154.5,,21.9,,36.2,,34,,26,,78.5,,93.8,
136783,2,118.6,,,,,,149.9,3,52.8,,,1,,1,,1,,1,,1
136784,1,48.3,,,,,,164.4,,17.9,2,40.2,,35,,22.2,,69.3,,89.2,
136785,1,63.8,,,,,,168,,22.6,,38.2,,38.5,,27.7,,99.1,,91.8,
136786,1,69.1,,,,,,153.6,,29.3,4,35.3,,34,,31.5,,87,,105.8,
136787,1,72.2,,,,,,172.8,,24.2,2,41.5,,37.3,,29.8,,81.5,,104,
136788,1,107.2,,,,,,181.2,,32.6,,40.9,,42.5,,38,,116.5,,110.7,
136791,1,60.5,,,,,,168.6,,21.3,,41,,38.1,,25.9,,75.3,,98.6,
136793,1,112.1,,,,,,165,,41.2,4,40,,38,,41.4,,108,,122.3,
136794,1,57.9,,,,,,159.8,,22.7,,40.3,,35,,28.3,,79.4,,97.7,
136797,1,65.9,,,,,,155.4,,27.3,,39.5,,35,,31.3,,83.7,,102.2,
136799,1,59.1,,,,,,153.2,,25.2,,35.5,,32,,26.5,,83.4,,100.4,
136800,1,71.9,,,,,,172.8,,24.1,,43.1,,40.2,,31,,88.4,,97.7,
136801,3,73,,,,,,153.8,,30.9,,,1,33.2,,34.7,,102.5,,115.5,
136802,1,47.7,,,,,,168.3,,16.8,,36.4,,36.2,,24.5,,72.9,,88.1,
136803,1,99.1,,,,,,173.2,,33,,40.6,,42.6,,39.4,,104.2,,106.7,
136805,1,16.8,,99.2,,,,97.8,,17.6,3,,,19.8,,18,,53.4,,,
136806,1,120.2,,,,,,172.6,3,40.3,,39.4,,42,,43.8,,126.9,,121.7,
136807,1,12.6,,90.6,,,,86.4,,16.9,2,,,17.5,,15.6,,46.6,,,
136809,1,97.4,,,,,,173.6,,32.3,,40.6,,40.3,,36,,121.4,,119.2,
136810,1,120.9,,,,,,160.6,,46.9,,34.3,,37,,40.6,,147.2,,157.7,
136811,1,8.4,,77.1,,,,,,,,,,15,,13,,,,,
136812,1,74.8,,,,,,165.1,,27.4,,38.5,,35.8,,32.5,,97.2,,105,
136814,1,107,,,,,,153.4,,45.5,,30.5,,37,,41.3,,137.3,,138.2,
136815,2,123.5,3,,,,,177.3,,39.3,,,1,,1,,1,,1,,1
136816,1,67.1,,,,,,165.3,,24.6,3,39.5,,34.5,,29.2,,81.4,,99.4,
136817,1,76.8,,,,,,161.3,,29.5,,35.5,,34.1,,32.9,,89.1,,108.2,
136818,1,76.1,,,,,,181.6,,23.1,,43.5,,42,,31.5,,84,,105.5,
136819,3,55.6,,,,,,158.2,,22.2,2,,1,36,,27.9,,72.8,,,1
136821,1,73,,,,,,171.6,,24.8,2,45.4,,39.8,,30.6,,79.3,,99.1,
136822,1,129.8,,,,,,165.3,,47.5,,37.7,,36.9,,48.5,,127.7,,132.8,
136824,1,98.7,,,,,,169,,34.6,4,46,,38.5,,38.5,,106.5,,,
136826,1,98.2,,,,,,160.9,,37.9,,36.3,,37.3,,39.4,,124.1,,127.5,
136827,1,91.5,,,,,,181.1,,27.9,,44.6,,42.6,,34,,111.4,,104.6,
136828,1,96.1,,,,,,152,,41.6,,34.7,,33.7,,31.9,,130.2,,132,
136829,1,76,,,,,,160.9,,29.4,,37.1,,39.6,,35.2,,105.8,,114.6,
136831,1,73.2,,,,,,158.9,,29,,35,,36.4,,32.4,,97.9,,102.9,
136832,1,107.5,,,,,,180.3,,33.1,,40,,42,,36.8,,125.6,,128.1,
136835,1,109.9,,,,,,163.4,,41.2,,30.9,,39.9,,38.2,,127.6,,130.8,
136836,1,65.8,,,,,,170.1,,22.7,,39.3,,37.8,,26.3,,87.9,,102.3,
136837,1,95.6,,,,,,158.7,,38,,29.5,,38,,36.9,,123,,125,
136838,1,94.8,,,,,,191.1,,26,,45,,42.2,,34,,97.3,,108,
136839,2,105.2,3,,,,,152.2,,45.4,,,1,,1,,1,,1,,1
136840,1,77.9,,,,,,172.8,,26.1,,41.5,,35.9,,33.7,,93.4,,99.9,
136842,1,67.5,,,,,,168.9,,23.7,3,41,,36.6,,29.3,,86,,97.7,
136844,1,21,,,,,,119.4,,14.7,2,,,25.6,,17,,51.4,,,
136845,1,15.9,,100.7,,,,98.9,,16.3,2,,,21.5,,15.5,,48.4,,,
136848,1,74.9,,,,,,154.9,,31.2,,36.6,,34.8,,34.5,,94.3,,109.2,
136849,1,89.3,,,,,,171.2,,30.5,,35.9,,41.8,,36.3,,110.2,,106.3,
136850,1,61.3,,,,,,161.6,,23.5,2,39,,38,,28.5,,82.2,,88.4,
136852,1,50.5,,,,,,163.3,,18.9,,33.4,,33,,25.3,,71.5,,88.3,
136854,1,73.6,,,,,,177.4,,23.4,,43.9,,40.3,,34.5,,83.1,,94.5,
136855,2,47,3,,,,,162.8,,17.7,,,1,,1,,1,,1,,1
136858,1,63.1,,,,,,172.7,,21.2,2,39.1,,38.6,,26.6,,74,,94.9,
136859,1,96.1,,,,,,176.2,,31,,42,,39.4,,41.8,,89.6,,105.3,
136860,1,68.7,,,,,,156.4,,28.1,3,38.7,,32,,30,,91.2,,99.5,
136861,1,44.5,,,,,,155.7,,18.4,2,36.5,,33.6,,23.6,,64,,79.3,
136862,1,72.2,,,,,,167.7,,25.7,,41.7,,38.7,,32.6,,101.8,,93.9,
136863,1,14.8,,,,,,101.7,,14.3,2,,,20.5,,15.2,,46.1,,,
136864,1,70,,,,,,152.2,,30.2,,33.5,,33.3,,34.4,,98.4,,99.5,
136865,3,125.1,,,,,,,1,,,39,,43.8,,39.4,,141.8,,139.1,
136866,1,92.2,,,,,,182.8,,27.6,,43,,40.2,,35.6,,103.1,,107.3,
136867,1,59.4,,,,,,181.6,,18,2,41.8,,40,,27,,65.4,,88.2,
136868,1,70.9,,,,,,150.1,,31.5,,33.1,,31.5,,33.4,,105.5,,102,
136869,3,31.7,,,,,,131.4,,18.4,2,,1,28.5,,22.3,,66.1,,,
136870,1,119.9,,,,,,163.9,,44.6,,37.3,,41,,44.5,,129.4,,141.8,
136871,1,20.4,,,,,,116.2,,15.1,2,,,24.5,,17.2,,54,,,
136872,1,89,,,,,,159.8,,34.9,,40.5,,36.4,,38.5,,106.5,,108.8,
136873,1,36.9,,,,,,141.9,,18.3,2,32.9,,31.4,,21,,66.9,,77.9,
136874,1,92.9,,,,,,166.2,,33.6,,39.6,,35.6,,34.2,,100.1,,120.8,
136875,1,60.7,,,,,,157.6,,24.4,2,35.2,,34.9,,29.6,,82.9,,90.3,
136876,1,40.7,,,,,,158.4,,16.2,2,37,,33.2,,21,,60.2,,80.1,
136877,1,109.9,,,,,,178.2,,34.6,4,44.3,,41.6,,39.6,,115.1,,114,
136882,1,99.3,,,,,,161.3,,38.2,,32.3,,37.2,,41.1,,119.3,,114.8,
136883,1,160.5,,,,,,161,,61.9,,37.9,,38.7,,47.2,,158.6,,161.9,
136885,1,73.9,,,,,,163.3,,27.7,4,37.3,,36,,33.3,,94,,98.4,
136886,2,14.5,,93.8,,,,,,,,,,,1,,1,,,,
136887,1,83.9,,,,,,170.5,,28.9,,39.8,,37.4,,35.3,,92,,102.5,
136888,1,81.2,,,,,,188.1,,22.9,,46.6,,40.7,,30.1,,87,,99.3,
136890,1,49.4,,,,,,158.3,,19.7,,35,,33,,26.1,,70.9,,96.2,
136891,1,115.4,,,,,,196.6,,29.9,,48.9,,44.5,,39,,105.2,,117,
136892,3,79.1,,,,,,163.7,,29.5,,36.2,,37.4,,40.7,,,1,,1
136893,1,72.3,,,,,,172.7,,24.2,,39.5,,40.4,,30.7,,94,,96,
136894,1,17.7,,,,,,107.7,,15.3,2,,,21,,16.4,,55,,,
136897,1,106.1,,,,,,171.2,,36.2,,39.2,,40.5,,36.3,,133.6,,121.8,
136898,1,111.6,,,,,,152.6,,47.9,,35.3,,32,,41.7,,119.2,,149.9,
136899,2,54.9,,,,,,154.5,,23,,,1,,1,,1,,1,,1
136902,1,37,,,,,,146.1,,17.3,2,34.9,,31.2,,23.5,,65.6,,,
136903,1,53.8,,,,,,145.8,,25.3,4,33.3,,34,,30.5,,79.9,,,
136906,1,56.2,,,,,,157.3,,22.7,,34.2,,34.7,,28.3,,79,,91,
136907,1,93.6,,,,,,180,,28.9,4,43.9,,42.4,,36.2,,94.1,,105.6,
136908,1,101.9,,,,,,170.3,,35.1,,37.6,,37,,36.9,,122.6,,122,
136909,1,50.8,,,,,,152.2,,21.9,2,37.5,,31.6,,26.2,,75.9,,88.4,
136910,1,95,,,,,,179.7,,29.4,,39.8,,41.5,,33.4,,107,,110,
136911,1,69.5,,,,,,172,,23.5,,40.6,,38.2,,32.6,,90.3,,99.7,
136912,4,,,,,,,,,,,,,,,,,,,,
136913,1,24.9,,,,,,125.1,,15.9,2,,,26.3,,18.3,,57,,,
136914,3,104.7,,,,,,178.2,,33,,,1,38,,34.2,,121.6,,111.2,
136915,1,21.1,,113.2,,,,110.5,,17.3,3,,,25.2,,18.2,,58.2,,,
136916,1,21.7,,,,,,111.3,,17.5,3,,,22,,20,,56,,,
136917,1,113.9,,,,,,194.1,,30.2,,46.3,,44.1,,33.7,,116.7,,115.4,
136918,1,63,,,,,,158.1,,25.2,,38.2,,34.6,,28.2,,85.2,,96.7,
136921,1,76.9,,,,,,163.7,,28.7,,35.4,,34.6,,32.7,,101.5,,110,
136922,1,69.7,,,,,,167.8,,24.8,,39.3,,37.5,,33.8,,91,,95.1,
136923,1,79.5,,,,,,160.6,,30.8,,38,,34.5,,34.5,,98.6,,102.3,
136925,1,74.8,,,,,,174,,24.7,,39.9,,39.4,,34.6,,89.8,,95.1,
136927,1,72.9,,,,,,183.5,,21.6,2,41.5,,40.2,,29.8,,81.3,,97.2,
136928,3,68,4,,,,,171,,23.3,,,1,37.8,,28.6,,92.1,,92,
136929,1,86.5,,,,,,163.3,,32.4,,35.3,,36.7,,32.4,,108,,115.1,
136930,1,58.1,,,,,,171.5,,19.8,,43.7,,37.8,,28.6,,76.5,,86.3,
136931,1,89.5,,,,,,167,,32.1,,40.6,,38.8,,34.6,,109.9,,104.3,
136932,1,81.3,,,,,,172.4,,27.4,3,39.5,,39.3,,32.6,,97.4,,106.6,
136933,1,11.5,,80.6,,,,,,,,,,15.5,,15.8,,,,,
136936,1,73.5,,,,,,156.3,,30.1,,35.2,,37,,31.7,,95.9,,112.3,
136938,1,82.8,,,,,,170.9,,28.3,,38,,39.2,,33,,104,,103,
136939,1,55.7,,,,,,154.2,,23.4,,37.5,,35,,26.6,,84.8,,96.5,
136940,1,19.4,,,,,,113.1,,15.2,2,,,23.3,,18,,49.9,,,
136941,1,57.4,,,,,,160.5,,22.3,2,39.7,,35,,26.7,,74.4,,96.2,
136942,1,91.3,,,,,,182.5,,27.4,,47,,42.2,,37,,96.8,,104.1,
136943,1,93.6,,,,,,158.4,,37.3,,35.6,,37.5,,42.2,,100.1,,128.2,
136944,1,14.6,,88.2,,,,87.9,,18.9,4,,,18,,18.2,,50.2,,,
136945,1,18.9,,102.1,,,,99.3,,19.2,4,,,21.4,,20,,51.5,,,
136946,1,76.4,,,,,,170.5,,26.3,,40,,39.4,,32.6,,93.9,,95.5,
136947,1,66.7,,,,,,178.1,,21,,42.8,,37.8,,26.6,,78.7,,98,
136948,1,86.7,,,,,,174.7,,28.4,4,40.7,,38.8,,34.5,,81.5,,108,
136950,1,112.9,,,,,,172.2,,38.1,,41.5,,39.8,,37.8,,121.9,,113,
136951,1,46.7,,,,,,159.4,,18.4,,37,,40,,23,,76.8,,81.4,
136953,1,68.4,,,,,,157,,27.7,,36.3,,35.6,,33.8,,95,,104.9,
136954,1,98,,,,,,176.7,,31.4,,40,,39.3,,37.2,,108.7,,106.4,
136956,1,58.6,,,,,,163.1,,22,,36.5,,36,,28.1,,92,,89,
136957,1,17.9,,,,,,118.9,,12.7,1,,,24.8,,16.2,,44.3,,,
136958,1,15.4,,98.6,,,,97.3,,16.3,2,,,20.6,,15.1,,52,,,
136959,1,84.3,,,,,,160.4,,32.8,,37.3,,38,,32.3,,111.5,,112.6,
136961,1,62.7,,,,,,179.3,,19.5,2,41.4,,36,,28.2,,71.6,,90.7,
136963,1,121,,,,,,179.3,,37.6,,43.6,,40,,40.6,,133.2,,124,
136964,1,12.6,,86.1,,,,84.8,,17.5,2,,,18,,15.7,,45.4,,,
136966,1,77.4,,,,,,170,,26.8,,36.8,,36.3,,31.5,,112,,94.3,
136967,1,52.1,,,,,,152.4,,22.4,4,42,,36,,28,,75.4,,,
136968,1,79.8,,,,,,160.6,,30.9,,37.5,,36.3,,33.2,,83.9,,113.1,
136969,1,63.5,,,,,,157.5,,25.6,,36.2,,36.5,,30.7,,85.7,,103.1,
136971,1,80,,,,,,164,,29.7,,33.6,,38.6,,38.1,,109.2,,96.2,
136972,3,74.3,,,,,,163.7,,27.7,,38,,38.2,,32.9,,92.2,,,1
136973,1,57.6,,,,,,164.5,,21.3,,37.3,,36.8,,26.5,,84.6,,93.2,
136974,1,16.2,,100.5,,,,97.5,,17,2,,,20,,16,,51.4,,,
136975,1,99.9,,,,,,167.1,,35.8,,39.1,,33.8,,35.7,,111.2,,111.5,
136976,1,90.7,,,,,,187.8,,25.7,,47.3,,45.4,,34.7,,104.3,,100.3,
136977,1,87.3,,,,,,179.6,,27.1,,41.9,,39.9,,32,,95.7,,102.5,
136978,1,57.4,,,,,,152.2,,24.8,,35,,32.7,,28.4,,81.1,,94,
136979,1,99.6,,,,,,163.3,,37.3,,38.3,,38.2,,45,,114.7,,115.5,
136980,1,86.5,,,,,,175.1,,28.2,,40,,42.5,,35.5,,104.6,,104.5,
136981,1,59.4,,,,,,173,,19.8,2,35.8,,38.2,,28,,69.2,,87.4,
136982,1,71.8,,,,,,176.4,,23.1,,39,,36,,30,,91.5,,97.9,
136983,1,27.9,,,,,,136.8,,14.9,2,32.4,,28,,18.5,,50.4,,,
136984,1,83,,,,,,155.5,,34.3,,35,,35,,36,,100.4,,117,
136987,1,60,,,,,,152.3,,25.9,,34.2,,36.6,,30.2,,89,,97,
136988,1,117.9,,,,,,182.9,,35.2,,44.2,,42.3,,40.5,,123.4,,114,
136989,1,30.7,,,,,,147.1,,14.2,1,34.7,,28.4,,17.6,,56.8,,,
136990,1,123.1,,,,,,176,,39.7,,45.7,,42.2,,45,,128.7,,121.6,
136991,1,66.4,,,,,,176.5,,21.3,,43.3,,36,,31.3,,83.2,,92.9,
136992,1,35.7,,,,,,145.2,,16.9,2,35.4,,30.5,,20.7,,62.2,,75.8,
136993,1,86.4,,,,,,171,,29.5,,40.5,,39,,34.6,,98,,117,
136994,1,65.6,,,,,,162.8,,24.8,,37,,35.3,,30,,89.3,,103.6,
136995,3,45.5,3,,,,,152.5,,19.6,2,,1,32.5,,25.6,,,1,,1
136996,1,16.1,,,,,,106,,14.3,2,,,21.2,,15.2,,47.5,,,
136997,1,86.6,,,,,,175.1,,28.2,,37.6,,40.2,,32.5,,109,,106.9,
136998,1,65,,,,,,164.9,,23.9,,36.7,,36.5,,28.4,,87.7,,100.6,
136999,1,89.8,,,,,,174.1,,29.6,4,41.7,,38.5,,34.1,,108.4,,106.4,
137000,1,7.6,,68.7,,45.4,,,,,,,,13.3,,14.3,,,,,
137001,1,30.2,,,,,,122,,20.3,4,,,25.2,,22.1,,69,,,
137004,1,95.9,,,,,,176.2,,30.9,,42,,38.5,,35,,102.8,,106.8,
137005,1,83.6,,,,,,186.7,,24,,46,,39.2,,33.7,,88.2,,96.5,
137006,3,84.8,,,,,,184.4,,24.9,,44.1,,41,,,1,88.7,,103.1,
137007,1,98,,,,,,160.7,,37.9,,38.5,,37.1,,37.1,,122.3,,129.8,
137008,1,125.8,,,,,,167.2,,45,,36.7,,38.4,,41.6,,139.5,,138.8,
137009,1,50.1,,,,,,164.8,,18.4,,39.3,,38.5,,25.3,,72,,83.6,
137010,1,61.5,,,,,,152.2,,26.5,,36,,33.1,,28.7,,81.4,,99.9,
137011,1,83.3,,,,,,174.9,,27.2,,42.2,,41.2,,36.2,,93,,101.8,
137012,1,108.5,,,,,,162.7,,41,,33.2,,39.2,,44.1,,122.2,,120.9,
137013,1,66.4,,,,,,150.3,,29.4,,34.6,,37,,29,,102.2,,106,
137016,1,54.1,,,,,,163.9,,20.1,2,38.5,,35,,24.3,,69.9,,93.5,
137017,1,79.6,,,,,,170.9,3,27.3,,40.4,,38.7,,31.2,,106.1,,100.5,
137021,1,48.8,,,,,,142.7,,24,4,36.7,,30.6,,29,,79.9,,,
137022,1,78.1,3,,,,,178,,24.6,,38.1,,40.2,,31.1,,99,,109.4,
137023,1,47.5,,,,,,156.4,,19.4,,34,,33.4,,23.5,,75.3,,86.4,
137025,1,23.3,,,,,,128.1,,14.2,2,31.2,,24.7,,17.7,,55,,,
137026,1,93.6,,,,,,172.9,,31.3,,40.1,,38,,31.5,,101.5,,115.3,
137027,1,106.3,,,,,,163.4,,39.8,,34.3,,35.8,,41.5,,112.4,,129.5,
137028,1,117.3,,,,,,160.9,,45.3,4,39.9,,35,,40.5,,126.3,,132.5,
137029,1,58.7,,,,,,147.9,,26.8,,32,,32.2,,31,,90.4,,94,
137030,1,42.7,,,,,,139.9,,21.8,4,,,27.9,,23.5,,73,,,
137031,1,87.5,,,,,,152.2,,37.8,,35.2,,32.8,,42.8,,103,,118,
137034,1,7.3,,66.4,,44,,,,,,,,12.2,,13.9,,,,,
137037,1,100.8,,,,,,175.2,,32.8,,40.8,,39.2,,36.4,,118.4,,109.6,
137039,3,104.7,,,,,,181.7,,31.7,,,1,42.7,,36.5,,,1,,1
137040,1,104.7,,,,,,171.9,,35.4,,42.8,,40.2,,37.5,,104.2,,130.3,
137042,1,80.9,,,,,,173.3,,26.9,,38.9,,38.8,,30.7,,99.6,,96.6,
137043,1,90.2,,,,,,162.8,,34,,37,,36.2,,38,,115.8,,120.6,
137045,1,44.9,,,,,,148.7,,20.3,,31,,31.5,,26.7,,79.5,,89,
137046,1,60.4,,,,,,151.1,,26.5,,31.5,,34.8,,31.7,,89.9,,98,
137048,1,55.3,,,,,,159.8,,21.7,,38.5,,34.5,,28.4,,82.9,,93.2,
137051,2,128.8,3,,,,,172.7,,43.2,,,1,,1,,1,,1,,1
137052,1,64.4,,,,,,180.4,,19.8,,40.3,,39.3,,31,,76.5,,91.4,
137053,1,97.1,,,,,,158.2,,38.8,,31.8,,39.1,,39.5,,120.6,,130.2,
137054,1,70.3,,,,,,169,,24.6,,41.5,,37.3,,30.3,,78.6,,105.6,
137055,1,125.1,,,,,,177,,39.9,,41.5,,38.3,,39.1,,139.4,,129.1,
137056,1,96.8,3,,,,,170,,33.5,,37,,36.3,,35.9,,98.4,,127,
137057,1,64.4,3,,,,,155.5,,26.6,,33.4,,35.9,,31,,89,,99,
137058,1,96.6,,,,,,166.8,,34.7,4,41,,39.4,,37.8,,102.2,,123.8,
137059,1,68.1,,,,,,163.8,,25.4,,38.2,,35.5,,30,,91.8,,106.7,
137060,1,90.2,,,,,,147.5,,41.5,,35,,35.8,,39.8,,117.3,,132.5,
137061,1,59.9,,,,,,155.1,,24.9,,32.8,,34.4,,31.5,,82.5,,92,
137064,1,69.6,,,,,,177.4,,22.1,,40.2,,39.5,,28.3,,93,,90,
137065,1,52.4,,,,,,165.1,,19.2,,34.3,,34,,23.5,,77.8,,91.6,
137066,1,53.9,,,,,,166.1,,19.5,,36.5,,34.8,,24.2,,74.7,,91.4,
137067,1,91.6,,,,,,167.8,,32.5,,37.7,,37.5,,32.6,,114.6,,103.6,
137068,1,60,,,,,,152.4,,25.8,,34,,34.8,,30,,91.5,,97.7,
137069,1,74.5,,,,,,180.6,,22.8,2,45.4,,38.5,,27.3,,76.7,,97,
137073,1,105.4,,,,,,163.7,,39.3,,36.5,,36,,41.1,,116.1,,132.8,
137074,1,25.1,,,,,,111.7,,20.1,4,,,26.4,,22,,68.3,,,
137076,1,60.5,,,,,,157.1,,24.5,,35,,33.6,,30.3,,91.5,,96.7,
137077,3,93.4,3,,,,,154.4,3,39.2,,,1,37.3,,35.3,,,1,,1
137078,1,52.5,,,,,,140.3,,26.7,,31,,30.5,,26.7,,86.6,,96.6,
137079,1,172.9,,,,,,161.7,,66.1,4,38.8,,41.8,,51,,144.5,,162,
137081,3,102.8,,,,,,173.2,,34.3,,,1,,1,,1,123.3,,,1
137082,1,77.7,,,,,,155.1,,32.3,,34,,36,,40.6,,109.5,,111.8,
137083,1,96.1,,,,,,170.8,,32.9,,39.6,,39,,37.7,,110.5,,107.8,
137084,1,73.7,,,,,,159.5,,29,,32.3,,37.5,,32,,85.1,,115,
137085,1,75.5,,,,,,161.3,,29,,38.5,,35.7,,28.5,,101.5,,99.2,
137086,1,15.8,,99.1,,,,97.4,,16.7,2,,,21,,17.4,,51.4,,,
137088,1,97.6,,,,,,155.4,,40.4,,30.4,,39.4,,35.1,,120.5,,135.5,
137090,1,78.8,,,,,,163.6,,29.4,,37.7,,37.4,,32.3,,100.1,,109,
137091,1,108.5,,,,,,150.2,3,48.1,,33.4,,37.5,,45.5,,128.6,,144.8,
137094,1,111.1,,,,,,191.5,,30.3,,45.1,,42.4,,39.1,,117.4,,109.3,
137096,1,84.6,,,,,,179.8,,26.2,,40,,39.1,,32.5,,103.2,,100.5,
137099,1,11.6,,84.4,,,,,,,,,,17,,15.2,,,,,
137100,3,97.8,3,,,,,172.1,,33,,39.1,,,1,,1,119.4,,110.1,
137101,1,53.9,,,,,,159.8,,21.1,2,32.8,,34,,25.9,,70.4,,94.7,
137102,1,65.9,,,,,,158.6,,26.2,,37,,34,,30.1,,87.1,,101.3,
137103,1,121.3,,,,,,184,,35.8,,43.1,,39.2,,40.6,,123.9,,120.8,
137104,3,12.2,,81.3,,,,,1,,,,,16.9,,15.7,,46.5,,,
137105,1,95.4,,,,,,159.2,3,37.6,,38.6,,38.7,,44.5,,118,,130.4,
137106,1,57.3,,,,,,161.5,,22,,35,,34.1,,27.2,,87,,91.5,
137107,1,73.4,,,,,,165.1,,26.9,,36.5,,34,,33,,92.6,,99,
137108,1,43.9,,,,,,140.5,,22.2,4,31.7,,28.4,,24.6,,74,,,
137109,1,28.7,,,,,,139.2,,14.8,2,,,30.6,,18.9,,61,,,
137110,1,83.4,,,,,,182.7,,25,,44,,41.4,,36.4,,88,,98.5,
137112,1,145.4,,,,,,166.3,,52.6,,36,,34.6,,42.2,,132.5,,157.2,
137113,1,88.8,,,,,,180.1,,27.4,,41,,39.3,,34.1,,101.4,,101.8,
137116,1,106.9,,,,,,169.4,,37.3,,37.5,,41,,40.5,,116.1,,121.4,
137119,1,72.3,,,,,,148.6,,32.7,,30.6,,34.5,,33.8,,107.8,,112,
137120,1,93.6,,,,,,164.2,,34.7,4,39.5,,35.8,,39.1,,105.5,,,
137122,1,28.1,,,,,,123.8,,18.3,3,,,26.1,,21.5,,57.6,,,
137123,1,79.5,,,,,,178.5,,25,,41.5,,38,,29,,96,,96.4,
137125,1,57.5,,,,,,158.9,,22.8,,39.1,,35.2,,30,,71.1,,89.5,
137126,1,100.9,,,,,,174.6,,33.1,,37.7,,37,,36.4,,110.2,,110.1,
137127,1,7,,61.1,,40.8,,,,,,,,12.7,,14.2,,,,,
137128,3,,1,,,,,167.7,,,,,1,36.7,,36.9,,,1,,1
137130,1,69.6,,,,,,183.2,,20.7,2,46.5,,41,,31,,74.1,,91.3,
137131,1,23,,,,,,128.9,,13.8,2,32.5,,27.2,,17,,52.3,,,
137132,1,76,,,,,,174.3,,25,,40.9,,37.6,,30,,92.5,,101.2,
137133,1,63.2,,,,,,166.9,,22.7,,39.5,,37,,25.8,,81,,101.4,
137136,1,95,,,,,,177,,30.3,,40.1,,39.4,,34.3,,110.5,,105.8,
137137,1,70.6,,,,,,153.7,,29.9,,36.5,,32,,32.9,,98.9,,106.4,
137138,1,135.6,,,,,,178.7,,42.5,,40.6,,40.7,,39.6,,147.3,,145.2,
137139,1,101.1,,,,,,162,,38.5,,35.1,,36.3,,40,,121,,133.9,
137140,1,67.2,,,,,,158.5,,26.7,,36.4,,36.7,,31.5,,91,,102,
137141,1,69.1,,,,,,167.4,,24.7,2,37.8,,33.8,,29.5,,81.4,,103.9,
137142,1,71.9,,,,,,174.8,,23.5,,41.1,,41,,28.6,,89.3,,95.2,
137144,1,17.2,,102.4,,,,99.4,,17.4,3,,,20.2,,17.1,,49.7,,,
137145,1,105.8,,,,,,172.4,,35.6,,35.5,,40.5,,39.5,,116.9,,122.3,
137146,1,61.5,,,,,,154.6,,25.7,,37.5,,33.4,,29.2,,86.2,,101.9,
137147,1,53.5,,,,,,164.4,,19.8,2,38.2,,35.3,,26,,71.3,,86,
137149,1,66,,,,,,170.6,,22.7,,42.5,,36.8,,27,,82.8,,96.5,
137151,1,8.6,,68.9,,,,,,,,,,15.8,,15.4,,,,,
137153,2,71.3,,,,,,161.3,,27.4,,,1,,1,,1,,1,,1
137154,3,144.4,,,,,,163.7,,53.9,,,1,40.2,,45.5,,127.5,,165.6,
137155,3,,1,,,,,,1,,,,1,38.1,,27.1,,,1,,1
137156,1,77.3,,,,,,165.7,,28.2,3,39.6,,36.7,,33.5,,88.5,,105.7,
137157,1,95.6,,,,,,166.5,,34.5,,38,,36.2,,35.8,,114.2,,129.6,
137158,1,99.3,,,,,,155.8,,40.9,,30.2,,36.3,,39.5,,120.3,,131,
137159,1,95.8,,,,,,164.5,,35.4,,38.1,,36.5,,33.8,,118.6,,124.9,
137160,1,62.3,,,,,,157.5,,25.1,,31.2,,34.2,,28.5,,74.4,,100.7,
137162,1,52.4,,,,,,150.4,,23.2,3,37.2,,35,,27.1,,79.5,,,
137164,1,94.9,,,,,,176.3,,30.5,,41.6,,40.6,,37,,104.5,,103.1,
137167,1,62.1,,,,,,156.2,,25.5,,35,,34.3,,31.4,,90.8,,99,
137168,3,,1,,,,,158.6,3,,,,1,36.1,,22.9,,,1,,1
137170,1,97.6,,,,,,180.2,,30.1,,43.3,,41.3,,35.2,,107.7,,106.2,
137171,1,16.2,,97,,,,95.7,,17.7,3,,,19.2,,18,,50.8,,,
137172,1,16.5,,,,,,100,,16.5,2,,,23.7,,17.5,,52.7,,,
137174,1,14,,,,,,97.6,,14.7,2,,,20.2,,17.2,,46.8,,,
137175,1,88.9,,,,,,153.5,,37.7,,37.1,,34.5,,37.4,,109,,125,
137176,1,59.7,,,,,,171.6,,20.3,2,39.7,,36.6,,27.3,,79.6,,92.3,
137177,1,72.3,,,,,,162.8,,27.3,,38.4,,35.5,,32.6,,87.3,,99.4,
137178,1,67.8,,,,,,157.2,,27.4,,37.2,,36,,33.2,,93.5,,105.9,
137179,1,90.7,,,,,,162.1,,34.5,,38.6,,39.1,,36.8,,105.3,,111.6,
137180,1,69.3,,,,,,147,3,32.1,,32.1,,30.4,,28.6,,110.3,,114.2,
137182,1,61,,,,,,163.5,,22.8,,37.9,,36,,30.1,,88.6,,91,
137184,1,117.3,,,,,,174.6,,38.5,,39,,38.5,,39.5,,123.6,,114,
137186,1,114.2,,,,,,160.2,,44.5,,37.4,,36.4,,39.2,,134.5,,133,
137188,1,48.6,,,,,,154.4,,20.4,2,38.1,,33.6,,22.5,,66.5,,,
137189,1,83.3,,,,,,178.4,,26.2,3,43.2,,39,,31.6,,94,,101.3,
137191,3,84.2,,,,,,170.4,,29,,,1,38,,36,,93.7,,99.6,
137192,1,73.1,3,,,,,179.7,,22.6,2,39.6,,39,,29.3,,83,,94.1,
137193,1,59.7,,,,,,158.3,,23.8,,36.5,,36,,28,,86.3,,95.1,
137194,2,75.6,3,,,,,170.8,,25.9,,,1,,1,,1,,1,,1
137195,1,112.3,,,,,,189.7,3,31.2,,45.2,,45,,36.4,,121,,122.6,
137197,1,7.9,,67,,43,,,,,,,,13.2,,14.8,,,,,
137198,1,64.7,,,,,,165.1,,23.7,,37.5,,37.3,,30.2,,80.9,,101.1,
137199,2,51.7,3,,,,,160.9,,20,2,,1,,1,,1,,1,,1
137200,1,81.1,,,,,,160,,31.7,,35.8,,36.3,,35.9,,101.5,,106.2,
137202,1,129.2,,,,,,174.9,,42.2,,45.5,,40,,41.7,,133.2,,121.5,
137203,1,94.6,,,,,,175.1,,30.9,,41.5,,40.5,,37.2,,96.1,,106.3,
137204,1,28.2,,,,,,139.1,,14.6,2,31.4,,27.9,,19,,57.2,,,
137206,1,67.6,,,,,,155.7,,27.9,,31.8,,36.6,,29,,99,,104,
137207,1,63.3,,,,,,172.3,,21.3,2,40.8,,37.3,,26.8,,79.8,,96.2,
137208,1,61.9,,,,,,150.4,,27.4,,33.2,,33,,29.5,,92.5,,96.6,
137209,3,64.4,3,,,,,162,,24.5,,,1,35.8,,30.1,,86,,,1
137210,1,62.6,,,,,,169.6,,21.8,3,44.4,,37.4,,28,,78,,,
137211,1,31.5,,,,,,137.4,,16.7,2,32.3,,28.8,,21,,60.3,,,
137212,1,69.5,,,,,,155.7,,28.7,,33.9,,37.9,,26.9,,105.7,,105.4,
137213,1,77.5,,,,,,172.9,,25.9,,41.7,,39,,34.1,,95.4,,98.2,
137214,1,91.9,,,,,,167.9,,32.6,,37.5,,38,,35.5,,100.9,,115.5,
137215,1,87.1,,,,,,155.3,,36.1,,32.1,,34,,33.5,,115.5,,112,
137216,1,144.1,,,,,,189.8,,40,,41.9,,44.5,,40.3,,135.6,,125.7,
137218,1,82.7,,,,,,188.4,,23.3,,45.8,,40,,31.3,,91.3,,103.5,
137220,1,77.5,,,,,,183.7,,23,,41.5,,41.2,,31.2,,88.7,,102.1,
137221,1,60.5,,,,,,146.8,,28.1,,30.1,,33.4,,29.2,,96.4,,102.1,
137223,1,26.8,,,,,,127.8,,16.4,2,,,25.3,,19.4,,59.3,,,
137224,1,76.1,,,,,,159.8,,29.8,,34.8,,34,,33.9,,93.3,,103.5,
137227,1,53.9,,,,,,162.3,,20.5,2,38.5,,35.6,,23.5,,73,,93,
137228,1,113,,,,,,160.9,,43.6,,36.5,,38.3,,48.8,,138.8,,131.6,
137230,1,73.9,,,,,,169.3,,25.8,,41.2,,40,,30.4,,103.3,,99.8,
137231,1,52.1,,,,,,181.9,,15.7,1,42.3,,39.9,,22.7,,66.5,,85.5,
137232,1,65.8,,,,,,167.8,,23.4,,42.2,,40.4,,28.1,,88.6,,92.2,
137234,1,78.6,,,,,,178.1,,24.8,,41,,39.5,,31.8,,97.2,,98.5,
137236,1,16.7,,,,,,108.2,,14.3,2,,,21.6,,15,,50.4,,,
137237,1,76.2,,,,,,174.4,,25.1,2,40.5,,39.1,,28.7,,73.5,,110.1,
137239,1,107.9,,,,,,174.1,,35.6,,40.4,,37.9,,36.9,,122.4,,116.3,
137240,1,73.8,,,,,,174.1,,24.3,,41.6,,38.4,,31.8,,86.2,,90.1,
137241,1,82.9,,,,,,173.5,,27.5,,42,,40.5,,32,,97.6,,103.2,
137243,1,76.6,,,,,,161.2,,29.5,,35.6,,36.6,,33,,92.2,,103.1,
137246,1,62.9,,,,,,160,,24.6,,38.8,,37,,29.2,,92.5,,103.7,
137248,3,92,3,,,,,159.9,,36,,,1,37.4,,34.4,,,1,,1
137249,1,65.1,,,,,,164.6,,24,,36.1,,36.6,,32,,86,,102.6,
137250,1,57,,,,,,150.5,,25.2,,36.3,,34,,30.2,,85.3,,95.6,
137251,1,116.1,,,,,,165.1,,42.6,,31,,36.5,,35.5,,134.5,,140.3,
137252,1,60,,,,,,155.2,,24.9,,37.4,,34.8,,30.6,,91,,100.3,
137253,1,101.6,,,,,,185.2,,29.6,,44.5,,41.6,,39.6,,97.3,,113.4,
137255,1,79.7,,,,,,157,,32.3,,33.3,,35.5,,32.8,,103.8,,112.9,
137256,1,81,,,,,,155.7,,33.4,,38.9,,39.1,,36.6,,112.2,,109.2,
137257,1,26.6,,,,,,134.1,,14.8,2,32.2,,28.2,,18.6,,56.6,,,
137258,1,59,,,,,,152.6,,25.3,3,38.1,,32.3,,28.2,,76.7,,98,
137259,1,54.1,,,,,,165.2,,19.8,2,37.6,,37.7,,27.1,,74.3,,90.2,
137261,1,59.9,,,,,,165.1,,22,,36.3,,34.8,,29,,84.1,,90.2,
137263,1,54.4,,,,,,150.1,,24.1,,34.2,,32,,24.4,,91.1,,88.8,
137264,1,58.8,,,,,,156.7,,23.9,,33.6,,34.5,,26.5,,89,,98.2,
137265,1,27,,,,,,135.4,,14.7,2,32.2,,27.6,,18.2,,52.1,,,
137268,3,122.2,,,,,,179.4,,38,,,1,40.6,,43.2,,123.4,,122.5,
137269,1,65.5,,,,,,160.7,,25.4,,33.8,,35.7,,25.5,,94.1,,99.6,
137270,3,84.5,,,,,,156,,34.7,,37.3,,37.3,,41.7,,,1,,1
137271,1,89.9,,,,,,175.1,,29.3,,41.8,,39.6,,35,,100,,103.5,
137272,1,102.8,,,,,,160.1,,40.1,,36.5,,39.6,,46.1,,114.2,,123,
137273,1,78.1,,,,,,184.1,3,23,,44.5,,42,,30,,89,,94.2,
137274,1,74.4,,,,,,171.8,,25.2,,40.6,,40,,32,,93.7,,98,
137276,1,51.6,,,,,,156.8,,21,,37,,34.2,,26.2,,75.4,,92.2,
137279,1,62.8,,,,,,168.5,,22.1,,40.1,,37.5,,26,,74.8,,98.5,
137280,1,89.2,,,,,,188.1,,25.2,,45.3,,41,,34.1,,100.2,,102,
137281,1,61.2,,,,,,159.8,,24,,35.8,,35.5,,26.4,,93.2,,94.4,
137282,1,133.7,,,,,,173.5,3,44.4,,40.3,,40.2,,46.5,,123,,139,
137283,1,75.2,,,,,,160.3,,29.3,,36,,36.5,,32,,101.5,,112.3,
137284,1,99.9,,,,,,167.1,,35.8,,38.2,,34.6,,37.8,,118.8,,124.2,
137286,1,42.8,,,,,,147,,19.8,,34.7,,33.3,,22.7,,77.5,,85.3,
137288,1,105.3,,,,,,152,,45.6,,31.4,,38.7,,47.7,,132.8,,118,
137291,1,83.8,,,,,,179.9,,25.9,,42.2,,39.8,,32.1,,101.8,,101,
137293,1,61.2,,,,,,158.6,,24.3,,34.7,,36.1,,28.7,,86.8,,95.3,
137295,1,100.1,,,,,,176,,32.3,,40.9,,39.3,,39.7,,107,,115.8,
137296,1,51,,,,,,149.7,,22.8,,31.1,,33,,27,,83.2,,88.6,
137297,1,35.6,,,,,,147.2,,16.4,2,35.6,,31.7,,22,,59.8,,71.5,
137299,1,103,,,,,,192.5,,27.8,,44,,43,,38,,95.7,,114.9,
137300,1,103.1,,,,,,174.4,,33.9,,41.9,,37.5,,36.4,,112,,105.8,
137301,1,53.5,,,,,,147.3,,24.7,,31,,30.3,,28.6,,83.5,,97.9,
137302,1,92.8,,,,,,166.5,,33.5,,35.3,,38.2,,35.2,,102.3,,111,
137303,1,88.4,,,,,,168.9,,31,,39.9,,35.7,,38.9,,102,,104,
137304,1,61.7,,,,,,167.5,,22,,36.2,,36.1,,26.6,,82,,92.4,
137305,1,49,,,,,,154.4,,20.6,,32.8,,31.7,,26.1,,72,,85.6,
137306,1,63.5,,,,,,169.5,,22.1,,39.7,,36,,28.2,,82.8,,97.4,
137307,1,85.2,,,,,,158.9,,33.7,,37.4,,36.7,,32.6,,109.7,,104.4,
137308,3,98.7,3,,,,,170.9,,33.8,,,1,37.1,,34.1,,116.8,,,1
137309,1,90.7,,,,,,149.8,,40.4,,32.2,,33,,39,,111.5,,120.6,
137310,3,115.6,3,,,,,171.6,,39.3,,,1,,1,,1,132,,,1
137311,1,90.6,,,,,,148.5,,41.1,,32.1,,33,,39,,108.6,,123,
137313,1,92.5,,,,,,170.9,,31.7,,40.2,,39.7,,37.1,,104.7,,106,
137314,1,93.4,,,,,,180.1,,28.8,,41,,40.5,,34,,110.5,,107,
137316,1,56.1,,,,,,149.9,,25,,35.2,,33,,28,,87.6,,87,
137318,1,57.8,,,,,,159.6,,22.7,,36.9,,37,,27.7,,81.5,,94.1,
137319,1,105.7,,,,,,181.5,,32.1,,38.4,,43,,38.1,,107.6,,104.6,
137321,1,13.9,,90.1,,,,,,,,,,20.2,,17.5,,,,,
137323,1,74.5,,,,,,157.9,,29.9,,37.7,,34.9,,32.4,,81,,107.3,
137324,1,114.5,,,,,,151.7,,49.8,,32.5,,40,,59.2,,130.6,,136.9,
137325,1,65.4,,,,,,169.8,,22.7,,40,,38,,25.3,,86.6,,97,
137327,4,,,,,,,,,,,,,,,,,,,,
137329,1,86.1,,,,,,167,,30.9,,40.6,,40.6,,33.4,,111.9,,104.4,
137330,1,117.5,,,,,,173.8,,38.9,,39,,35.7,,40.1,,120.5,,130.4,
137331,1,91.4,,,,,,177.7,,28.9,,40.4,,40.1,,35,,106.7,,103,
137332,1,90.4,,,,,,186.7,,25.9,,45.9,,44,,32.9,,107.2,,102.8,
137333,1,94,,,,,,146.2,,44,,40,,35,,43.7,,110.1,,124.1,
137334,1,48.5,,,,,,158.8,,19.2,2,37.7,,32.7,,23.8,,71.3,,88.6,
137335,1,67.6,,,,,,169.1,,23.6,,39.5,,36.9,,28,,79.1,,100.8,
137337,1,87.7,,,,,,167.5,,31.3,,36.3,,37.1,,36.7,,96.1,,100.5,
137339,1,71.5,,,,,,173.3,,23.8,,42.8,,40.9,,32.7,,84.2,,97.5,
137341,1,86.2,,,,,,160.5,,33.5,,33.5,,34,,34.8,,109.9,,117.3,
137342,1,58.9,,,,,,144.6,,28.2,,32.9,,32.9,,28.7,,90.1,,98.7,
137344,1,88.7,,,,,,173.1,,29.6,,41.8,,40,,36,,96.3,,106.5,
137345,1,82,,,,,,170,,28.4,,42,,37.5,,38,,88.7,,100.4,
137346,1,53.9,,,,,,173.8,,17.8,2,39.1,,38.5,,23.5,,74.8,,86.6,
137347,1,34.1,,,,,,126.9,,21.2,4,,,26,,24.4,,74.3,,,
137348,1,92.5,,,,,,169.4,,32.2,,39.5,,39.2,,37,,113.4,,113.5,
137349,1,88.6,,,,,,148.9,,40,,31.5,,36,,41,,113.6,,129.7,
137350,1,92.1,,,,,,169.7,,32,,38,,40.8,,37.6,,120.5,,111.5,
137351,1,79.8,,,,,,161.3,,30.7,,38.7,,35.3,,32.4,,98.9,,110.2,
137352,1,93.7,,,,,,176.9,,29.9,,39.9,,40.5,,33.2,,113.5,,109.6,
137353,1,100.7,,,,,,177,,32.1,,45,,41.5,,38.7,,110.8,,114,
137354,1,60.2,,,,,,157.1,,24.4,,34.6,,38.7,,29.4,,96,,95.4,
137355,1,70.8,,,,,,165.5,,25.8,,40.6,,37,,31.4,,90.7,,114,
137358,1,9.7,,72.6,,,,,,,,,,15,,16.2,,,,,
137360,4,,,,,,,,,,,,,,,,,,,,
137361,1,54.9,,,,,,150.8,,24.1,3,36.7,,31,,37.8,,82.4,,,
137363,1,28.3,,,,,,129.6,,16.8,2,26,,25.1,,20.4,,63.9,,,
137364,1,42.4,,,,,,147.1,,19.6,2,35,,31.3,,24.5,,67.6,,,
137366,1,62.6,,,,,,150.6,,27.6,,33.8,,34.3,,27.8,,87.6,,103.6,
137368,1,85.8,,,,,,187.4,,24.4,,46.6,,41,,30.3,,94.9,,105.1,
137369,1,63.2,,,,,,166.9,,22.7,2,37.5,,35.5,,29.2,,79.4,,96.8,
137370,1,75.8,,,,,,172.7,,25.4,,37.5,,39.2,,30,,101.5,,97.4,
137372,1,52.8,,,,,,164.3,,19.6,2,39.7,,34.2,,23.8,,75.4,,82.2,
137374,1,56.8,,,,,,164.7,,20.9,,39.2,,33.6,,26.5,,75.8,,97.8,
137375,1,79,,,,,,166.2,,28.6,,39.4,,37.5,,34,,100.4,,103.7,
137377,1,20.9,,,,,,126.5,,13.1,1,29.1,,25.3,,15.8,,46.9,,,
137378,1,62.1,,,,,,156.9,,25.2,,34.3,,34.5,,29.7,,88.5,,88,
137379,1,98.9,,,,,,171.4,,33.7,,34.6,,35.6,,37.1,,113.2,,105.6,
137381,1,98.2,,,,,,173.1,,32.8,,42,,37,,36,,114.3,,112.2,
137383,1,65.2,,,,,,167.2,,23.3,,40.1,,37.1,,30.4,,88.1,,101.8,
137385,1,70.8,,,,,,149.8,,31.6,,32,,35.7,,32.1,,102.7,,97.9,
137386,1,106.6,,,,,,175.4,,34.6,,41.5,,40.2,,38.7,,113.6,,115.9,
137387,1,80.4,,,,,,154.5,,33.7,,34,,35.5,,35.7,,114.1,,124.6,
137388,1,94.6,,,,,,170.4,,32.6,4,45.5,,40,,30.7,,115,,110.8,
137389,1,64.4,,,,,,141.8,,32,4,33.8,,31.4,,32.2,,98.6,,,
137391,1,116,,,,,,184.2,,34.2,,43.5,,41.7,,37.6,,131.7,,124.1,
137392,1,41.1,,,,,,155.3,,17,2,37.9,,32.5,,22.3,,65.5,,,
137394,3,138.3,,,,,,176,,44.6,,40.6,,42.8,,39.9,,,1,140.5,
137395,1,63.3,,,,,,160.6,,24.5,,38.9,,37,,26.3,,84.7,,99.4,
137396,1,88.4,,,,,,169.8,,30.7,,38.7,,38.4,,35.8,,103,,105.9,
137398,1,14.3,3,,,,,99.1,,14.6,2,,,19.5,,16,,46,,,
137399,1,132.5,,,,,,170.9,,45.4,4,38,,38,,42,,135.2,,137.3,
137400,1,67.7,,,,,,175,,22.1,,45,,41.2,,30.6,,87.2,,91.1,
137401,1,74.5,,,,,,180.1,,23,,38.9,,39,,29.8,,98,,101.6,
137402,1,74.3,,,,,,167.8,,26.4,,40.4,,37,,30,,99.6,,107.4,
137403,1,75.1,,,,,,162,,28.6,,36.2,,36.8,,33.3,,99.6,,97.6,
137408,1,106.1,,,,,,192.8,,28.5,,46.6,,43,,37.7,,90.2,,110.8,
137409,1,89,,,,,,164.3,,33,,38.2,,36.3,,36.6,,108.8,,116.2,
137410,1,53.1,,,,,,156.3,,21.7,,35.5,,34.6,,25.1,,72,,91.8,
137411,1,72.4,,,,,,163.9,,27,,36.2,,37,,31.3,,92.1,,103.5,
137412,1,81.9,,,,,,186.1,,23.6,,45.3,,41.5,,30.8,,98,,104,
137413,1,18.3,,,,,,109.4,,15.3,2,,,21.9,,17.3,,50.5,,,
137414,1,67.7,,,,,,159.6,,26.6,,36.8,,35.5,,29.5,,92.3,,108,
137415,1,52.6,,,,,,151.2,,23,,35.6,,35.5,,26.1,,84.8,,93.1,
137417,1,87.4,,,,,,177,,27.9,,35.6,,37.3,,31,,107.2,,102.2,
137418,1,15.3,,,,,,103.5,,14.3,2,,,20.5,,15.8,,50.3,,,
137419,1,111.8,,,,,,176.9,,35.7,,42.3,,42.2,,44.2,,126,,114.6,
137420,3,78.5,,,,,,156.8,3,31.9,,32.2,,36,,,1,110.6,,120,
137421,1,90.3,,,,,,180.2,3,27.8,,44,,43.8,,31.5,,110.7,,105,
137423,1,84.1,,,,,,166.8,,30.2,,41,,35.9,,34.2,,101.9,,101.8,
137424,1,127,,,,,,181.1,,38.7,,48.6,,43.8,,44.3,,124.3,,125.2,
137425,1,63.6,,,,,,133,,36,,34.8,,34.4,,27.3,,88.6,,102.5,
137426,1,26.5,,,,,,127.6,,16.3,2,29,,28.4,,18.6,,57,,,
137427,1,30.6,,,,,,136.1,,16.5,2,30.4,,30.5,,20.8,,60.5,,,
137428,1,45.8,,,,,,160.7,,17.7,1,37.4,,35,,24,,71.4,,89.4,
137429,1,65.6,,,,,,155.9,,27,,36.4,,34.5,,29.2,,92.7,,101.5,
137431,1,50.3,,,,,,153.3,,21.4,2,36.2,,33.4,,27,,69.3,,88.3,
137432,1,63.1,4,,,,,155.6,,26.1,,33.4,,37.2,,28.6,,82.2,,96.6,
137434,1,57.6,,,,,,163.6,,21.5,2,40.5,,36,,28.7,,70.7,,99.1,
137435,1,62.1,,,,,,164.2,,23,,40,,33.2,,30.2,,81.4,,92.7,
137436,1,88.3,,,,,,184.2,,26,,43.8,,44.2,,31,,111.3,,106.7,
137438,1,61.4,,,,,,158.8,,24.3,,36.2,,34.5,,28,,95.1,,98.5,
137439,1,63,,,,,,169.6,,21.9,,40.7,,37.2,,27.3,,84.3,,96.6,
137440,1,75.1,,,,,,149.3,,33.7,,33.2,,33,,34.8,,103.5,,108,
137442,1,29.2,,,,,,127.5,,18,2,32.8,,26.8,,21.9,,59.6,,,
137443,1,83.9,,,,,,178.7,,26.3,,43.6,,40.5,,33,,101.3,,98.5,
137444,3,66.9,,,,,,154.6,3,28,,38.5,,35.9,,31.2,,,1,,1
137446,1,94.3,,,,,,167.8,,33.5,,40.5,,36.2,,36.4,,106.2,,117.9,
137447,1,95.9,,,,,,180.6,,29.4,,41.5,,42,,35.2,,116.1,,114,
137448,1,80,,,,,,170,,27.7,,41.5,,41.9,,29.7,,102,,100,
137451,1,99.6,,,,,,174.7,,32.6,,36.9,,38.1,,37,,111.1,,107.6,
137452,1,29.6,,,,,,134.8,,16.3,2,33.5,,27.5,,21.4,,61.6,,,
137453,1,91.9,,,,,,175.9,,29.7,,39.8,,39,,35.9,,105.7,,119.6,
137454,1,22.1,,,,,,119.7,,15.4,2,,,26.2,,17.5,,55.2,,,
137455,1,79.6,,,,,,163.4,,29.8,,38,,38.4,,30,,116.5,,109.4,
137456,1,17.6,,110.2,,,,107.8,,15.1,2,,,22,,16.8,,50.8,,,
137457,2,26,,,,,,122.3,,17.4,3,,,,1,,1,,1,,
137458,1,105.4,,,,,,181.9,,31.9,4,44.9,,41.6,,35.2,,109.4,,113.3,
137459,1,22.4,,,,,,119.5,,15.7,2,,,25.1,,19,,57.3,,,
137461,1,56.8,,,,,,158.5,,22.6,,33.7,,36.4,,27.2,,77.3,,98.8,
137462,1,86.9,,,,,,177.9,,27.5,,41.2,,41,,34,,95.4,,101,
137463,1,90.4,,,,,,181.3,,27.5,,41.3,,40.5,,33.1,,102.3,,105.3,
137464,1,122.7,,,,,,177.6,,38.9,,39.9,,41.9,,45,,127.7,,118.4,
137465,2,71.9,3,,,,,149.3,,32.3,,,1,,1,,1,,1,,1
137468,1,128.1,,,,,,162.5,,48.5,,36.5,,40,,54.2,,137,,132.5,
137469,1,21.7,,,,,,112.9,,17,2,,,23.7,,19,,53,,,
137471,1,28,,,,,,125.9,,17.7,2,28.6,,27.5,,20.3,,61.6,,,
137472,1,73.5,,,,,,161.6,,28.1,,36.2,,34.6,,31.3,,93,,107.9,
137473,1,72.6,,,,,,186.7,,20.8,,43,,39.7,,29.8,,78.2,,92.3,
137474,1,67.7,,,,,,162.5,,25.6,,40.4,,38,,30.5,,99.4,,94.7,
137475,1,12.4,,84.9,,,,84.2,,17.5,2,,,18.5,,15.2,,45.7,,,
137476,1,74.7,,,,,,162.8,,28.2,,37.7,,34.5,,32.4,,103.3,,103.6,
137477,1,66.5,,,,,,169.6,,23.1,,37.7,,37.3,,29.7,,93.7,,88.3,
137478,1,88,,,,,,180.2,,27.1,,43.2,,41.8,,31.3,,103.8,,102.6,
137479,1,29.4,,,,,,123.9,,19.2,3,28.8,,26.4,,23,,63.7,,,
137480,1,80.4,,,,,,162.6,,30.4,,35.4,,35.8,,32.5,,98.4,,118.6,
137481,1,90.4,,,,,,186.5,,26,,43,,40,,30.5,,107.7,,104.2,
137482,1,105.8,,,,,,167,,37.9,,37,,36.6,,38.6,,117.7,,132.3,
137483,1,53.2,,,,,,165,,19.5,,36.7,,35.3,,24.4,,76,,92.1,
137485,1,42.1,,,,,,144.7,,20.1,3,36.9,,30.6,,24.7,,70.3,,,
137486,1,16.2,,,,,,102.4,,15.4,2,,,21,,15.8,,51.8,,,
137488,1,95.7,,,,,,182.2,,28.8,,43.2,,39.8,,35.7,,97.2,,110,
137489,1,77,,,,,,173.9,,25.5,,42.2,,41.3,,34.3,,92.3,,98.5,
137490,3,91.4,3,,,,,170.3,,31.5,,,1,39.7,,36.4,,112.4,,,1
137493,3,153.3,,,,,,163.4,,57.4,,,1,34.2,,47.7,,133.3,,165.7,
137495,1,109.7,,,,,,162.4,,41.6,,35,,38,,39.2,,119.3,,140,
137497,3,74.2,3,,,,,156.6,3,30.3,,,1,35.3,,33,,,1,,1
137499,1,80.1,,,,,,169.2,,28,,37.8,,37.5,,31.3,,107.1,,101,
137500,1,78,,,,,,154.2,,32.8,,33.9,,35.6,,32.8,,103,,114.9,
137501,1,78,,,,,,160,,30.5,,36,,36.6,,31.3,,90.7,,109.6,
137502,1,65.3,,,,,,178.8,,20.4,,41,,42.4,,23.8,,93.4,,91.1,
137503,1,25.1,,,,,,122.6,,16.7,2,,,24.2,,19.3,,57.5,,,
137504,1,99.4,,,,,,159.8,,38.9,,39,,39,,40,,115.2,,132.5,
137508,1,81,,,,,,169.9,,28.1,,35.1,,39.4,,28.9,,113.7,,98.5,
137509,1,57,,,,,,170.2,,19.7,2,40.4,,38.8,,25.9,,69.9,,90.6,
137510,1,54.4,,,,,,159.3,,21.4,,39.2,,37.5,,27.4,,80.4,,92,
137511,1,124.8,,,,,,186.3,,36,,41.7,,42.4,,40.5,,130.8,,125.3,
137512,1,96.3,,,,,,160.3,,37.5,,28,,35.7,,33.5,,122.8,,131.8,
137514,1,45.2,,,,,,164.8,,16.6,2,38.9,,34.7,,23.1,,64.8,,79.5,
137515,1,116.8,,,,,,169.7,,40.6,,35.3,,43.9,,39.5,,135.5,,117.3,
137517,1,63,,,,,,164.3,,23.3,,35.8,,35.4,,29.3,,82.5,,97.4,
137518,1,76.2,,,,,,170.6,,26.2,,43.7,,39,,32.8,,93.3,,95.5,
137519,1,134.1,,,,,,179.6,,41.6,,43.8,,42.5,,42,,130.4,,126.3,
137520,1,104.3,,,,,,175,,34.1,,43.8,,41.1,,36.6,,113.2,,112.6,
137521,1,16,,,,,,102.2,,15.3,2,,,22.4,,15.2,,45.9,,,
137523,1,119.9,,,,,,167.5,,42.7,,38.1,,39,,44.5,,133.4,,122.5,
137524,1,56.4,,,,,,159.6,,22.1,2,36.3,,35,,26.6,,75.2,,95.4,
137525,1,75,,,,,,165.4,,27.4,4,41.1,,38.4,,32.1,,94.9,,102.3,
137526,1,141.7,,,,,,167.9,,50.3,,41.5,,38.4,,45.4,,143.3,,142.4,
137527,3,,1,,,,,,1,,,43.9,,40,,35.5,,,1,,1
137528,1,117.6,,,,,,171.2,,40.1,,37.5,,40.1,,41.4,,142.2,,136.9,
137530,1,63.2,,,,,,161.4,,24.3,,34.6,,35.2,,30.3,,93.3,,97.9,
137531,1,73.2,,,,,,167.5,,26.1,,38.6,,36.4,,31.5,,88.9,,98.2,
137532,1,74.1,,,,,,179.5,,23,,39.4,,39,,30.1,,87.8,,102.3,
137534,1,93.1,,,,,,178.8,,29.1,,39.4,,40,,36,,99,,103.7,
137535,1,78,,,,,,160.5,,30.3,,31.1,,36.2,,30.2,,91,,111,
137536,1,15.2,,93.2,,,,91.5,,18.2,3,,,19.2,,18.1,,51.3,,,
137537,1,81.9,,,,,,163.7,,30.6,,35.6,,36.6,,35.1,,90.4,,116.2,
137538,3,14.1,3,98.7,,,,97.8,,14.7,2,,,,1,,1,,1,,
137541,1,70,,,,,,151.3,,30.6,,31,,34.5,,31,,110,,107,
137542,1,44.7,,,,,,153.7,,18.9,2,35.7,,32.7,,22.7,,70.2,,86.7,
137544,1,71.5,,,,,,154.6,,29.9,,38.5,,35,,31.2,,98.6,,113.6,
137545,1,70.1,,,,,,150.6,,30.9,,33.8,,33,,29.6,,99.5,,108.7,
137546,1,45,,,,,,134,,25.1,4,34,,31,,27.5,,76.2,,,
137547,1,100.6,,,,,,174.5,,33,,40.5,,37.5,,36.3,,105,,113.4,
137548,1,70.5,,,,,,157.8,,28.3,,36,,32,,35.2,,93.4,,91.1,
137550,1,96.8,,,,,,179.2,,30.1,,41.6,,40.2,,33,,106.1,,109.3,
137551,1,96.6,,,,,,163.7,,36,,38.1,,40.4,,41.8,,108.4,,119.4,
137552,1,89.1,,,,,,175.7,,28.9,,33.3,,37.4,,31.3,,108.3,,109.6,
137553,1,81.1,,,,,,165.9,,29.5,4,44.2,,38.4,,31.7,,92.5,,107.2,
137555,1,21.2,,,,,,121.8,,14.3,2,,,25,,17.6,,48.8,,,
137556,1,24.3,,,,,,127.6,,14.9,2,,,27.7,,18.3,,53,,,
137557,4,,,,,,,,,,,,,,,,,,,,
137558,1,27.4,,,,,,138.3,,14.3,2,32,,26.8,,17.9,,59.5,,,
137559,1,113.8,,,,,,173.1,,38,,40.2,,38.9,,41.7,,124,,131,
137561,1,15.4,,88.1,,,,85.8,,20.9,4,,,17.3,,18.8,,54.8,,,
137563,1,104.9,,,,,,161.4,,40.3,,36.1,,36.4,,37.1,,114.7,,135.8,
137564,1,111,,,,,,181.2,,33.8,,44.5,,38.6,,37.8,,120.4,,115,
137566,1,44.7,,,,,,159.6,,17.5,1,38.6,,35.5,,23.7,,64.4,,86.4,
137567,1,85.3,,,,,,162.7,,32.2,,37.2,,36.6,,36.1,,109.7,,112,
137568,1,76.7,,,,,,185.4,,22.3,,48.8,,43.4,,32.9,,84.4,,98.3,
137569,1,85.3,,,,,,170.2,,29.4,,39.5,,40.2,,35.4,,100,,109.8,
137571,1,90.6,,,,,,168.1,,32.1,,40.7,,38.3,,34,,110.8,,108.2,
137573,1,71.1,,,,,,160.1,,27.7,,38.2,,35.4,,30.3,,96,,106.3,
137574,1,16.8,,,,,,103,,15.8,2,,,21,,17.8,,48.9,,,
137575,1,46.4,,,,,,145.4,,21.9,,35.8,,35.7,,21.9,,76.4,,87.3,
137579,1,166.7,,,,,,159.9,,65.2,,28.4,,39,,49.4,,151.2,,181,
137580,1,77.8,,,,,,165.5,,28.4,,40.5,,36.8,,35.7,,94.6,,111.5,
137581,1,83.2,,,,,,181.7,,25.2,,47,,43.5,,33.7,,93.1,,99.4,
137582,1,83.4,,,,,,168.3,,29.4,3,39.9,,36.6,,34.2,,91.7,,110.5,
137583,1,81.4,,,,,,183.6,,24.1,,44.2,,42.4,,33.3,,89.6,,102.2,
137585,1,66.7,,,,,,171.5,,22.7,,37.2,,38.1,,28.9,,84.5,,99.2,
137586,1,56.5,,,,,,169.2,,19.7,2,39.9,,37,,26.6,,68.3,,96.5,
137588,1,58.2,,,,,,157.2,,23.6,3,39,,35.6,,26.7,,77.8,,93,
137590,1,58.1,,,,,,162.2,,22.1,,37.1,,35.7,,28.6,,78.4,,95.4,
137591,1,28.3,,,,,,136.2,,15.3,2,30.4,,29.4,,19.3,,59.1,,,
137592,3,68.7,3,,,,,165.5,,25.1,,,1,34.6,,30.9,,,1,,1
137593,1,86.2,,,,,,174.1,,28.4,,39.1,,37.3,,34.7,,93.7,,118.1,
137595,1,74.2,,,,,,158.9,,29.4,,36.5,,35.6,,33.7,,98.9,,106.9,
137596,1,69.9,,,,,,157.9,,28,4,38.2,,34.5,,32.6,,94.1,,101.2,
137597,1,84.1,,,,,,151.5,,36.6,,32,,33,,38.3,,105,,114.8,
137598,1,68.5,,,,,,168.4,,24.2,,39.3,,40,,30.7,,94.1,,98.4,
137600,1,21.2,,,,,,110.9,,17.2,3,,,22.2,,20.1,,54.8,,,
137601,1,26.1,,,,,,129.4,,15.6,2,31.3,,27.2,,18.8,,54.9,,,
137602,1,57,,,,,,163.6,,21.3,,37.3,,37.1,,24,,80.7,,90.4,
137603,1,60.4,,,,,,156.3,,24.7,3,37.5,,37.7,,29.9,,78.6,,99.5,
137604,1,27.1,,,,,,128.4,,16.4,2,,,28.2,,20.7,,59.1,,,
137607,1,98,,,,,,170.2,,33.8,,39.8,,39,,37,,98.3,,115,
137608,1,63.2,,,,,,169.3,,22,2,40,,38.5,,27.2,,80.5,,100,
137610,1,73.2,,,,,,165.5,,26.7,,39.5,,39.5,,31.5,,99.5,,92.5,
137611,1,19.6,,,,,,108.1,,16.8,2,,,21.2,,18,,54.1,,,
137612,1,48.9,,,,,,156,,20.1,,32.3,,34.4,,28.3,,70.3,,79.9,
137613,1,83.7,,,,,,151.4,,36.5,,35.6,,32.6,,33.4,,110.6,,116,
137614,1,76.8,,,,,,151.2,,33.6,,34.2,,33.3,,34.7,,99.8,,105.4,
137615,1,76.7,,,,,,163.1,,28.8,,37.6,,38,,32,,93.3,,104.9,
137617,1,75.3,,,,,,165.3,,27.6,,38,,35.6,,31.9,,88.3,,105.9,
137619,1,88.5,,,,,,160.3,,34.4,,32.7,,36.6,,35.4,,117.2,,132.2,
137621,1,18.1,,,,,,104,,16.7,2,,,20.2,,17.9,,52.5,,,
137622,1,64.4,,,,,,165.7,,23.5,3,40,,35.9,,28.9,,76.7,,,
137623,1,97.6,,,,,,170.2,,33.7,,35.5,,39.3,,38.9,,112.9,,102.4,
137625,1,95,,,,,,159.8,,37.2,,31.2,,36,,34.5,,111,,119,
137626,1,103.4,,,,,,157,,41.9,,33.7,,36.5,,40.5,,116.8,,132.4,
137627,1,48.2,,,,,,146,,22.6,2,36.5,,33.4,,27.9,,68.7,,90.9,
137629,1,107.2,,,,,,156.3,,43.9,,37,,33,,39.4,,115.2,,128.6,
137631,1,48.9,,,,,,157.9,,19.6,2,36.1,,32.5,,26.5,,73.5,,87.7,
137632,1,84.2,,,,,,176.5,,27,,42.5,,39.4,,35.2,,94,,101.3,
137633,1,28.2,,,,,,121.6,,19.1,3,,,25.7,,22.7,,61,,,
137634,1,77.9,,,,,,171.3,,26.5,,41.7,,42.2,,31.3,,111.1,,97.7,
137635,1,82.3,,,,,,165.6,,30,,36.7,,35.5,,29.5,,96.7,,115.5,
137636,1,39.7,,,,,,149.6,,17.7,2,37.2,,30.6,,25,,68.1,,,
137639,3,,1,,,,,,1,,,,1,39,,27.6,,,1,,1
137641,1,47.8,,,,,,152.4,,20.6,2,36.7,,32.4,,25.7,,72.2,,88.4,
137643,1,90.1,,,,,,154.9,,37.6,,38,,37.5,,36.5,,110.5,,129,
137644,1,86.1,,,,,,161.2,,33.1,,37.2,,38.3,,38.7,,110.3,,112.8,
137646,1,30.1,,,,,,149.2,,13.5,1,36.6,,29.5,,18.1,,56.8,,,
137649,1,59.4,,,,,,158,,23.8,,36,,34.2,,29,,84,,96.3,
137650,1,94.2,,,,,,184.7,,27.6,,45,,40.5,,36.1,,98,,106.6,
137651,1,78.5,,,,,,176.1,,25.3,,39.5,,39.5,,33,,93.6,,92.7,
137652,1,61.6,,,,,,154.8,,25.7,,33.4,,33.6,,26.9,,89,,94.3,
137653,1,66,,,,,,152.7,,28.3,,36.6,,33.3,,32.6,,86.5,,101.1,
137654,1,90.1,,,,,,176.9,,28.8,,41.1,,42.2,,36.9,,111,,103.5,
137655,1,65.7,,,,,,168.7,,23.1,,41,,37.8,,34.8,,82.6,,86,
137656,1,54.4,,,,,,166.9,,19.5,2,42,,37.9,,25.6,,67.7,,85.5,
137657,1,66.2,,,,,,154.6,,27.7,,32.5,,38,,32,,88.5,,100.4,
137658,1,11.1,,79.5,,,,,,,,,,13.5,,16.1,,,,,
137659,1,60.3,,,,,,166.9,,21.6,,36.9,,40.3,,27.1,,92.2,,89.9,
137660,1,87.3,,,,,,157,,35.4,,38,,36,,35.4,,104.1,,117.3,
137661,1,79.6,,,,,,167.9,,28.2,,37.7,,36.5,,31.7,,97.2,,101.9,
137662,1,106.5,,,,,,154.3,,44.7,,35.7,,36.1,,43.9,,119.4,,142,
137663,1,68.6,,,,,,177.1,,21.9,,44.6,,38.4,,29.7,,79.1,,96,
137664,1,78.7,,,,,,174.3,,25.9,,39.3,,41.3,,32.9,,101.3,,96.9,
137667,1,59.2,,,,,,159.6,,23.2,,36.6,,34,,29.5,,92,,95.6,
137668,1,149.4,,,,,,188.4,,42.1,,48.3,,43.3,,47.5,,133.3,,130.4,
137670,1,53.5,,,,,,148.1,,24.4,,31.5,,33.2,,30,,89.7,,89,
137671,1,22.1,,,,,,122.3,,14.8,2,,,25.7,,17.8,,52.4,,,
137674,1,91.4,,,,,,170.2,,31.6,,37,,37.3,,34.2,,108,,114,
137675,1,108.2,,,,,,181.2,,33,,39.3,,41.2,,40,,107.6,,115.5,
137676,1,121.9,,,,,,162.6,,46.1,,39.1,,40.7,,45.5,,121,,139.5,
137679,1,17.6,,93.2,,,,90.4,,21.5,4,,,19,,19.6,,56.1,,,
137680,1,59.3,,,,,,160.9,,22.9,,34.2,,34.4,,29.3,,86.5,,97,
137683,1,81.9,,,,,,180.5,,25.1,,43.6,,40,,33.4,,94.5,,101.2,
137684,1,40.3,,,,,,157.8,,16.2,2,39.8,,34,,21.9,,60.1,,,
137686,1,93.8,,,,,,164.5,,34.7,,36.6,,38.4,,36.1,,113.2,,109,
137688,1,91.8,,,,,,171.7,,31.1,4,46.3,,37.5,,33.7,,100.7,,121.8,
137689,1,66.1,,,,,,180.4,,20.3,2,41.3,,40.3,,28.6,,77.4,,93.9,
137690,1,60.6,,,,,,159.6,,23.8,,37,,33.3,,29.1,,85.3,,90.3,
137694,2,63.8,,,,,,153.8,,27,3,,1,,1,,1,,1,,1
137695,1,78.8,,,,,,157.1,,31.9,,33.4,,34.5,,36.1,,108.8,,115,
137696,1,64,,,,,,163.3,,24,,38.1,,36,,29.1,,80.7,,104,
137697,1,12.3,,90.6,,,,,,,,,,17,,14.9,,,,,
137698,1,68.1,,,,,,149.4,,30.5,,31.4,,34.3,,32.5,,94.9,,110.5,
137700,1,70.5,,,,,,153.7,,29.8,,34.3,,33.5,,32,,96,,105.7,
137701,1,81.6,,,,,,157.1,,33.1,,41,,33,,36,,104.7,,108.5,
137702,1,84.6,,,,,,181,,25.8,,47,,42.2,,34,,100.9,,104,
137703,1,112.8,,,,,,176.7,,36.1,,38.8,,41.2,,40.5,,119.9,,117.2,
137705,1,83.5,,,,,,156.4,,34.1,,32.4,,35.8,,33.9,,115,,122.3,
137706,1,135.7,,,,,,159.8,,53.1,,34,,38.6,,47.9,,163.3,,148.8,
137711,1,56.7,,,,,,160.6,,22,,37.1,,37.1,,27.7,,79.9,,96.8,
137713,1,107.5,,,,,,164.5,,39.7,,38.5,,36,,38.5,,116.6,,121,
137715,1,28.5,,,,,,132.9,,16.1,2,30,,27.5,,20.3,,57.5,,,
137716,2,76.4,,,,,,167.6,,27.2,,,1,,1,,1,,1,,1
137718,1,79.6,,,,,,162,,30.3,,38.4,,35,,33.2,,96.9,,112.7,
137721,1,66.2,,,,,,163.5,,24.8,,33.5,,36.9,,31,,97.5,,97.3,
137722,1,80.2,,,,,,174.3,,26.4,,42.1,,38,,32.8,,87.6,,112.4,
137723,1,52.4,,,,,,162.9,,19.7,,36.5,,33,,24.3,,76,,93.1,
137724,1,16.2,,96.3,,,,93.5,,18.5,4,,,20.5,,17.2,,52.7,,,
137725,1,53.8,,,,,,159.9,,21,,35,,34.4,,28.1,,77.1,,92.7,
137726,1,105.9,,,,,,155.2,,44,,40.3,,37,,39.7,,104.9,,131.9,
137729,1,90.1,,,,,,159.8,,35.3,,32.9,,39.8,,40.1,,117.2,,124.1,
137730,1,105.5,,,,,,172.9,,35.3,,38.1,,38,,37.3,,125.4,,115.5,
137731,1,28.6,,,,,,132.8,,16.2,2,30.6,,29.2,,19.7,,59.8,,,
137733,1,112.9,,,,,,182.5,,33.9,,45.2,,40.5,,42.1,,108.3,,119.2,
137736,1,129.5,,,,,,175,,42.3,,38.2,,42,,44.1,,134.4,,129.6,
137737,1,84.2,,,,,,175.8,,27.2,,43.3,,43,,31,,99.5,,120.2,
137738,1,74.9,,,,,,175.3,,24.4,,41.7,,40.6,,30.5,,99.3,,99.4,
137739,1,66.7,,,,,,171.1,,22.8,,41.6,,39.3,,29,,96.8,,97,
137740,1,91.7,,,,,,159.5,,36,,36.8,,38.3,,36.6,,114.6,,121.6,
137741,1,68.4,3,,,,,161.1,,26.4,,36.3,,35.7,,31.9,,92.8,,97.5,
137742,1,52.1,,,,,,169.3,,18.2,,38.3,,35.7,,25.3,,82.9,,86.6,
137743,1,28,,,,,,127.3,,17.3,2,28.6,,29.4,,19.6,,60.7,,,
137744,1,46.5,,,,,,149.9,,20.7,2,38.8,,33.5,,26.5,,73.6,,85.3,
137745,1,71,,,,,,162.5,,26.9,,36.2,,36,,33.3,,90,,98.6,
137747,1,87.5,,,,,,162.4,,33.2,,36.2,,34.8,,33.2,,114.3,,108.7,
137748,1,120.6,,,,,,163,,45.4,,35.4,,39.2,,43,,130.7,,140.9,
137749,1,43.9,,,,,,153.5,,18.6,2,36.8,,33.7,,24.5,,65.5,,83.3,
137751,1,61.5,,,,,,173.3,,20.5,2,43.5,,39.2,,26.1,,73.3,,92.5,
137752,1,77.3,,,,,,150.4,,34.2,,34.8,,37.2,,34.9,,110.2,,119.3,
137756,1,73.4,,,,,,163.4,,27.5,,38.1,,38.2,,31.5,,100.4,,96.2,
137757,1,51.7,,,,,,160.5,,20.1,,35.1,,33,,25.5,,71.6,,89.3,
137758,1,42,,,,,,141.3,,21,3,31.2,,30.4,,26.4,,75.2,,,
137760,1,117.6,,,,,,175.8,,38.1,,42.9,,39.3,,36.5,,122.6,,126.4,
137761,1,57.1,,,,,,168.9,,20,,40.1,,37.1,,26,,75.7,,90.5,
137762,1,24.5,,,,,,126.9,,15.2,2,28,,25.8,,18,,56,,,
137763,1,28.9,,,,,,135.7,,15.7,2,33,,29,,19.2,,57.2,,,
137764,1,29.5,,,,,,122.8,,19.6,4,,,27.9,,22.4,,65.7,,,
137765,1,138,,,,,,192.7,,37.2,,40.8,,46.3,,43.3,,122.8,,115.9,
137766,2,8.7,,71.4,,,,,,,,,,,1,,1,,,,
137767,1,66,,,,,,161,,25.5,2,38.6,,35.6,,30.7,,86,,101,
137768,1,124.8,,,,,,180.4,,38.3,,43.2,,41,,42.6,,129,,118.7,
137771,1,67.7,,,,,,164.7,,25,,40,,37.5,,31.8,,91,,102.8,
137772,1,23.1,,,,,,124.3,,15,2,28.3,,26,,18,,55.9,,,
137773,1,83.1,,,,,,163.8,,31,,39.8,,40.8,,36,,106.4,,99.8,
137774,1,94.8,,,,,,176.7,,30.4,,39.4,,39.7,,38.9,,99.3,,105,
137776,1,25.6,,,,,,126.5,,16,2,,,26.3,,19.6,,54.7,,,
137777,1,74.5,,,,,,160.8,,28.8,,38,,36,,32,,86.4,,107,
137781,1,71.8,,,,,,155.3,,29.8,,30.4,,35.7,,33.2,,94,,95.5,
137784,1,74.4,,,,,,169.7,,25.8,,39.8,,36.5,,33.4,,82.5,,99.4,
137785,1,39.6,,,,,,142.7,,19.4,2,33.1,,31.5,,22.3,,71.8,,,
137787,1,73.5,,,,,,167.5,,26.2,,40.2,,39.9,,34.9,,92.2,,99,
137788,1,54.1,,,,,,149.5,,24.2,,33.3,,34.5,,26.5,,84.3,,92.7,
137789,1,129.5,,,,,,181.1,,39.5,,40.5,,43.6,,42.4,,134.3,,131,
137790,1,98.2,,,,,,151.4,,42.8,,31.5,,38.3,,41.5,,125,,127.6,
137791,1,81.6,,,,,,173.3,,27.2,,41.5,,39.1,,34.3,,97.9,,99,
137793,1,91.5,,,,,,169,,32,,37.9,,38.7,,34.3,,105.6,,103.3,
137794,1,75.5,,,,,,166.8,,27.1,,39,,38,,31.4,,93.7,,96.2,
137795,1,16.4,,106.8,,,,104,,15.2,2,,,21,,15.5,,49.8,,,
137796,1,39.4,,,,,,128.9,,23.7,4,28.3,,27.5,,26.1,,76.3,,,
137797,1,62.6,,,,,,173.1,,20.9,2,41.3,,37.5,,28,,76.5,,93,
137798,1,136,,,,,,177.7,,43.1,,37.8,,40.3,,47.1,,132.9,,136.3,
137799,1,89.2,,,,,,155.4,,36.9,,36.8,,35,,34,,111.8,,128.3,
137800,1,82.6,,,,,,172.9,,27.6,,42.1,,35.5,,32.6,,99.5,,104.7,
137801,1,84.8,,,,,,169.2,,29.6,,37.3,,38,,33.9,,111.4,,106.2,
137802,1,38.3,,,,,,145.2,,18.2,2,35.7,,32.1,,22.9,,65.5,,,
137803,1,61.7,,,,,,166.9,,22.1,,39.4,,36.6,,28.5,,82,,93.2,
137804,1,87.2,,,,,,161.4,,33.5,,38.8,,37.7,,36.5,,109.4,,116.2,
137805,3,30.6,3,,,,,137.3,,16.2,2,,1,29.5,,20.3,,,1,,
137806,1,79.5,,,,,,175.6,,25.8,3,43.5,,39.2,,35,,84,,103.9,
137807,1,25.9,,,,,,134.4,,14.3,1,29.9,,27,,18.1,,55.9,,,
137808,1,47.4,,,,,,160.8,,18.3,,34.2,,35.1,,26.2,,70.2,,85.4,
137809,1,60.1,,,,,,161.9,,22.9,,38,,35.5,,27,,78.4,,98.6,
137810,1,101.2,,,,,,160.4,,39.3,,29.9,,38.4,,37.1,,118.1,,125.2,
137811,1,36.2,,,,,,154.2,,15.2,1,34.5,,32.6,,20.6,,57,,76.1,
137812,1,91.1,,,,,,169,,31.9,,41.7,,33.6,,33.4,,107.9,,117.9,
137814,1,85.2,,,,,,151.7,,37,,35.9,,33.2,,38.4,,99.3,,119.5,
137815,1,93.4,,,,,,158.1,,37.4,,35,,35.5,,36.1,,121.8,,124.7,
137816,1,91.5,,,,,,181.5,,27.8,,42.3,,37.8,,36.4,,100.5,,103.7,
137817,1,83.2,,,,,,159.3,3,32.8,,34.3,,34.6,,35.4,,107.7,,112.6,
137818,1,63.6,,,,,,171.6,,21.6,,39.3,,36.3,,30,,85.9,,103.2,
137820,1,61.2,,,,,,177,,19.5,,39.5,,40.6,,22.7,,80.6,,89.4,
137822,1,98.2,,,,,,174.9,,32.1,,37.8,,40,,34.3,,116,,107.4,
137823,1,81.2,,,,,,149.1,,36.5,,34.5,,34.3,,39.8,,115.9,,111,
137824,1,97.9,,,,,,158.5,,39,,35.8,,36.3,,38.7,,124.1,,120.4,
137826,1,48.5,,,,,,161.6,,18.6,,36.2,,34.5,,23,,77.1,,87.5,
137827,1,13,,91.6,,,,89.2,,16.3,2,,,18.8,,16.2,,49.5,,,
137828,1,22.1,,,,,,123.5,,14.5,2,,,26.2,,17.4,,51.8,,,
137829,1,73.6,,,,,,159.2,,29,,37.9,,33.8,,32.8,,101.1,,100.4,
137831,1,64.4,,,,,,160.2,,25.1,,36,,34,,28,,81.2,,103.6,
137832,1,79.8,,,,,,168.1,,28.2,,34.8,,37.8,,30.8,,104.5,,112.2,
137833,1,109.8,,,,,,178.4,,34.5,4,40.9,,40.4,,35.7,,122.3,,122.8,
137834,1,87.7,,,,,,178.3,,27.6,,44.4,,38.7,,33.8,,107,,104.9,
137835,1,70.8,,,,,,166.4,,25.6,,37.2,,39.1,,28.7,,95.2,,95,
137838,1,164.7,,,,,,184.3,,48.5,,48.2,,42,,49.4,,148,,148.5,
137840,1,95.4,,,,,,157.2,,38.6,,35.5,,35,,39,,119.5,,127.5,
137841,1,83.3,,,,,,162.5,,31.5,,33.9,,37.2,,36,,111.7,,114.4,
137843,1,81,,,,,,180,,25,,44.6,,38.5,,33.3,,85.5,,103.2,
137844,1,82.4,,,,,,164.9,,30.3,,36.1,,39.8,,33.2,,112.3,,106.4,
137845,1,99.3,,,,,,168.4,,35,,35,,38.1,,36.1,,111.4,,123.9,
137846,1,121.7,,,,,,177.7,,38.5,,41.5,,41,,38.6,,123.3,,117.9,
137847,1,53.3,,,,,,163,,20.1,2,40.6,,37.4,,26.2,,68.2,,85.5,
137848,1,66.9,,,,,,172.2,,22.6,2,41.9,,36,,28.6,,70.9,,101.2,
137849,1,64.3,,,,,,179.5,,20,,42.2,,39.4,,26.5,,79.8,,97.5,
137850,1,61.4,,,,,,158.3,,24.5,,34.5,,36.2,,26.5,,91.1,,93.3,
137851,1,61.1,,,,,,168.7,,21.5,,44.3,,38.8,,26.3,,85.2,,94.6,
137852,1,74,,,,,,156.8,,30.1,,31.8,,37.1,,34.2,,99.1,,107.9,
137853,1,61.3,,,,,,150.5,,27.1,,34.5,,34.2,,30.7,,86.7,,97.5,
137854,1,19.1,,,,,,107.7,,16.5,2,,,22.3,,17.8,,51,,,
137855,1,32.2,,,,,,133.5,,18.1,2,33.2,,27,,22.1,,66.5,,,
137856,1,46.3,,,,,,150.3,,20.5,2,34.8,,32,,23.5,,65.6,,90,
137858,1,92.3,,,,,,161.9,,35.2,,38.6,,36.5,,36.5,,116,,123.5,
137860,1,71.4,,,,,,159.7,,28,,30.4,,36.4,,32.4,,83,,103.5,
137861,1,48.4,,,,,,158.5,,19.3,2,36.1,,33.8,,25.2,,66.9,,83.2,
137862,1,88.6,,,,,,174.4,,29.1,,44,,38.9,,38,,101.6,,99.7,
137863,1,79.2,,,,,,162.2,,30.1,,35.8,,34.3,,30.1,,110.5,,111.2,
137865,1,83.7,,,,,,178.6,,26.2,,42.3,,40,,34,,91.4,,103.9,
137867,1,48.2,,,,,,151.4,,21,2,37.6,,34,,23.7,,70.2,,90.6,
137868,1,19.9,,,,,,111.8,,15.9,2,,,22,,18,,53.8,,,
137869,1,59,,,,,,151.1,,25.8,3,37.1,,33.4,,30.5,,80.8,,97.6,
137870,1,77.4,,,,,,170.9,,26.5,,43.5,,40.5,,36.5,,88.5,,98.3,
137871,1,77.2,,,,,,171,,26.4,,39,,38.3,,32.2,,90.7,,104.7,
137872,1,101,,,,,,163.7,,37.7,,34,,34.5,,38.5,,112,,126.8,
137873,1,72.1,,,,,,158.8,,28.6,,31.7,,34.5,,32,,90.5,,102.5,
137874,1,71.2,,,,,,180,,22,2,41.7,,37,,27.5,,82.7,,100.5,
137875,3,75.6,,,,,,167,,27.1,,42.2,,40.1,,31.3,,,1,,1
137876,1,79.1,,,,,,162.3,,30,,36.8,,35.7,,34,,107.7,,112,
137877,1,62.7,,,,,,176,,20.2,,40.4,,37.2,,27,,72.8,,91.9,
137878,1,90.2,,,,,,171.2,,30.8,,42.6,,43.4,,38.2,,108.8,,107.3,
137879,1,78.2,,,,,,173.3,,26,,40.1,,38.3,,30.9,,102.1,,104.2,
137880,1,9.3,,73.2,,,,,,,,,,13,,14.9,,,,,
137881,1,106.5,,,,,,172.7,,35.7,,37.5,,39,,41.8,,118.9,,120.6,
137882,1,99,,,,,,174.3,,32.6,,43.1,,41.1,,39.4,,113,,109.9,
137883,1,90.8,,,,,,160.9,,35.1,,31.4,,35.2,,39.3,,120.2,,119.5,
137884,2,89.5,,,,,,175.9,,28.9,,,1,,1,,1,,1,,1
137885,1,55.9,,,,,,154.7,,23.4,,35.4,,33,,29.3,,86,,91.7,
137886,1,47.7,,,,,,153.7,,20.2,,34,,33,,29,,73.2,,89.5,
137887,1,27.5,,,,,,130.8,,16.1,2,32,,28.6,,19.2,,58.7,,,
137888,1,98.3,,,,,,175.2,,32,,40.6,,39.1,,35.1,,117.3,,108.1,
137889,1,113.2,,,,,,157.4,,45.7,,39.2,,37.8,,43.7,,133.8,,137.5,
137890,1,57.6,,,,,,160.9,,22.2,,36.8,,33.8,,29.3,,84.7,,98.5,
137891,1,94.5,,,,,,169.1,,33,,41.9,,39,,34.8,,98.8,,121.2,
137892,1,69.5,,,,,,165.1,,25.5,,38.6,,35.4,,30.1,,94.3,,103.4,
137893,1,115.7,,,,,,189.3,,32.3,,50.2,,46.5,,39.5,,117.3,,118.5,
137894,3,92.7,,,,,,175.6,,30.1,,,1,41.7,,37,,111.1,,105.1,
137895,1,83.3,,,,,,187.1,,23.8,,44.7,,39.7,,32.3,,85.3,,98.7,
137897,1,28.4,,,,,,131.2,,16.5,2,29.5,,27,,21.1,,55.5,,,
137898,1,58.9,,,,,,167,,21.1,2,39.7,,38.2,,26.3,,73.3,,93.4,
137899,1,28.4,,,,,,115.9,,21.1,4,,,24.5,,22,,70,,,
137900,1,77.7,,,,,,157.3,,31.4,,38.6,,37,,35.7,,94.8,,105.3,
137901,1,79.6,,,,,,174.9,,26,,40.4,,39.4,,33.9,,91.3,,104.6,
137903,1,90.9,,,,,,190.6,,25,2,46.7,,41.7,,33.4,,86.8,,105,
137905,1,56.6,,,,,,164.6,,20.9,,40,,34,,25.3,,75.9,,98.5,
137906,3,58.4,,,,,,144,3,28.2,,,1,38,,26.2,,87.8,,98.5,
137909,1,122.5,,,,,,154,,51.7,,37,,35.5,,41,,135.7,,156,
137910,1,139.7,,,,,,174,,46.1,,38.2,,41.2,,43.5,,143.6,,137.3,
137911,2,55.1,3,,,,,142.9,,27,,,1,,1,,1,,1,,1
137913,1,79.3,,,,,,142.7,,38.9,4,34.5,,32.2,,35.8,,112,,,
137914,1,98.4,,,,,,180.9,,30.1,,43.1,,42.3,,35.7,,109.3,,109.9,
137915,1,55.5,,,,,,148.2,,25.3,3,36,,34.6,,25.9,,87,,99.4,
137917,1,14.1,,93.3,,,,92,,16.7,2,,,18.8,,16,,46.2,,,
137919,1,10.5,,79.8,,,,,,,,,,16.2,,15.8,,,,,
137923,1,25.2,,,,,,127.5,,15.5,2,,,25.3,,17.5,,57,,,
137924,1,23.5,,,,,,112.6,,18.5,3,,,23.9,,19.3,,58.6,,,
137925,1,21.6,,,,,,121.4,,14.7,2,,,22.3,,17.2,,52.6,,,
137926,1,56.5,,,,,,158.5,,22.5,,38.1,,35,,27,,79.3,,100.4,
137927,1,18,,,,,,111.4,,14.5,2,,,19.7,,17,,49.5,,,
137928,1,125.8,,,,,,160.4,,48.9,,32.2,,35.8,,43.8,,136.4,,141.5,
137930,1,58.1,,,,,,159.6,,22.8,2,38.8,,34.3,,27.1,,79.6,,99.2,
137931,3,42.8,3,,,,,154,,18,2,,1,33.5,,22.6,,68.9,,,1
137932,1,58.4,,,,,,162.9,,22,,36.2,,36.5,,28,,91.3,,94.5,
137933,1,64.4,,,,,,162.3,,24.4,3,38.6,,36.8,,29.6,,80,,97,
137934,1,91.3,,,,,,180.7,,28,,43,,42.8,,33.8,,112.3,,100.3,
137935,1,13.4,,89.4,,,,88.4,,17.1,2,,,15.8,,15.9,,45.7,,,
137936,1,46.3,,,,,,155.7,,19.1,,34,,34.7,,25.4,,74.7,,87,
137937,1,51.3,,,,,,164,,19.1,,38.8,,36,,23.3,,71.6,,88.8,
137938,1,23.2,,,,,,120.5,,16,2,,,24.9,,18.5,,56.1,,,
137939,1,51.2,,,,,,176.1,,16.5,,39.7,,39.2,,23.7,,66,,80.6,
137941,1,23,,,,,,119.4,,16.1,2,,,23.8,,19,,60,,,
137942,1,91.4,,,,,,158.2,,36.5,,36.8,,39.5,,39.1,,110.9,,125.5,
137943,1,85.4,,,,,,177.2,,27.2,,41.1,,40,,35.7,,86.6,,108,
137944,1,23.5,,,,,,125.1,,15,2,28,,25.8,,17.9,,53.2,,,
137945,1,119.5,,,,,,162.3,,45.4,,35,,38.1,,40.5,,135.3,,130.5,
137946,3,14.6,,93.8,,,,,1,,,,,,1,,1,,1,,
137947,1,73.3,,,,,,154.2,,30.8,,33.2,,34.3,,34.9,,99,,100.4,
137948,1,94.8,,,,,,180.2,,29.2,,42.9,,39.2,,34,,100.8,,102.5,
137949,1,86.4,,,,,,185.3,,25.2,,43.3,,41,,32.3,,94.5,,102.9,
137950,1,64.4,,,,,,160.7,,24.9,,36.3,,34,,28.5,,89.3,,96,
137951,1,19.8,,,,,,107.6,,17.1,3,,,22,,18.7,,52.4,,,
137952,1,96.2,,,,,,187.6,,27.3,,41.6,,45.5,,33.2,,107.2,,107,
137953,1,72.2,,,,,,159.1,,28.5,,36.3,,35.5,,32.7,,90,,97.7,
137954,1,52.8,,,,,,163.9,,19.7,2,38.9,,35.2,,25.7,,75,,87.6,
137955,3,50.3,3,,,,,164.1,,18.7,,,1,34,,23.7,,,1,,1
137956,1,8.1,,67.7,,,,,,,,,,14.4,,15.8,,,,,
137958,1,57,,,,,,153.1,,24.3,,34.9,,34.6,,27.6,,89.5,,94.8,
137961,1,21.4,,,,,,115.4,,16.1,2,,,23.6,,17.9,,56.7,,,
137962,1,71.1,,,,,,155.3,,29.5,,37.3,,39,,30.1,,105.5,,104.2,
137963,1,54,,,,,,174.1,,17.8,,41.3,,39,,25.3,,80.1,,87.9,
137964,1,52.8,,,,,,164.5,,19.5,2,38,,34.3,,24.9,,66.5,,92.2,
137965,1,91.5,,,,,,157.9,,36.7,,41,,35.2,,38.1,,109,,119.5,
137966,1,27.9,,,,,,129,,16.8,2,,,27.2,,20,,57.5,,,
137967,1,73.9,,,,,,183.7,,21.9,,40.9,,40.6,,32.4,,87.7,,94.7,
137969,1,29,,,,,,127.6,,17.8,2,27.5,,29.6,,20.3,,62.3,,,
137970,1,76,,,,,,169,,26.6,,36.9,,35.5,,31.6,,90,,106,
137971,1,44.9,,,,,,138.6,,23.4,4,32.5,,30,,26.3,,80.9,,,
137972,1,102.8,,,,,,184.5,,30.2,,47.5,,42.5,,35.9,,110.8,,114.2,
137974,1,59,,,,,,160.7,,22.8,,33.8,,33.7,,26.8,,85.3,,93.5,
137975,1,50.4,,,,,,160.3,,19.6,2,37.1,,36,,26.1,,72.8,,88.9,
137976,1,78.9,,,,,,172.1,,26.6,,36.6,,37,,32.1,,96.1,,99.1,
137977,1,82.6,,,,,,166.7,,29.7,,36.4,,38.5,,34.8,,102.6,,103.6,
137979,1,100.8,,,,,,163.9,,37.5,,38.1,,39,,38.1,,112.7,,114.1,
137980,1,31.2,,,,,,121.6,,21.1,4,,,26.2,,21.5,,67.9,,,
137981,1,63.3,,,,,,175.1,,20.6,2,41.4,,36.2,,26.2,,71.8,,89.6,
137982,1,91.5,,,,,,149.2,,41.1,,28.5,,32,,37.1,,122.9,,128.7,
137983,1,7.8,,70.8,,,,,,,,,,13.3,,14.8,,,,,
137984,4,,,,,,,,,,,,,,,,,,,,
137985,1,82,,,,,,168.4,,28.9,,40.9,,37.9,,25.9,,105.6,,115.5,
137987,1,40.6,,,,,,143.5,,19.7,3,32.2,,28.8,,24.7,,68.1,,,
137988,1,55.4,,,,,,154.8,,23.1,,34.7,,32.3,,27.1,,79.7,,96,
137989,1,89.3,,,,,,170.4,,30.8,,40,,37,,35,,93.2,,122.7,
137990,1,100.9,,,,,,168.4,,35.6,,36.2,,38,,37,,122.2,,121.6,
137991,1,74.3,,,,,,158.2,,29.7,,36.2,,33.8,,29.8,,104.2,,111.3,
137992,1,78.9,,,,,,173.7,,26.2,,35.7,,37,,32.4,,95.1,,98.5,
137993,1,28.8,,,,,,131.8,,16.6,2,32.2,,27.8,,21.2,,63.9,,,
137996,1,75,,,,,,167.1,,26.9,,39.3,,36.5,,32.7,,88.5,,106.2,
137999,1,86,,,,,,158.4,,34.3,,37.3,,33.5,,34.1,,103.2,,110.6,
138000,3,93.6,,,,,,166.3,,33.8,,,,34.4,,32.6,,109.9,,129.5,
138001,1,51.1,,,,,,154.5,,21.4,2,34.8,,34.4,,26,,69.5,,87.2,
138002,1,24.3,,,,,,117.3,,17.7,3,,,23.5,,18.7,,52.7,,,
138005,1,89.8,,,,,,178.3,,28.2,,37.5,,39,,36.6,,104,,106.5,
138006,1,110.5,,,,,,171,,37.8,,33.9,,42.5,,38.8,,131.1,,128.6,
138007,1,46.3,,,,,,166.7,,16.7,,37.6,,33,,25.3,,64.2,,78.2,
138009,1,77,,,,,,161.3,,29.6,,38.1,,34.5,,32.7,,92,,105.5,
138011,1,91.9,,,,,,165.9,,33.4,,35,,39.9,,31.9,,119.1,,119.6,
138012,1,79.2,,,,,,174.3,,26.1,,42.1,,38.4,,29.3,,93.4,,105.6,
138013,1,77.8,,,,,,159.4,,30.6,,32.3,,36.5,,35,,107.9,,115.2,
138014,1,114.4,3,,,,,176.8,,36.6,,38.5,,42.3,,34.9,,130,,111.8,
138015,1,79.6,,,,,,170.4,,27.4,,39.8,,38.5,,31,,94,,115,
138016,1,62.9,,,,,,168.4,,22.2,,39.4,,37,,27.5,,77.3,,103,
138017,1,97.4,,,,,,173,,32.5,,42.9,,39.1,,37.6,,110.5,,113.7,
138019,1,28.3,,,,,,142.8,,13.9,1,34.4,,29,,17.4,,59.5,,,
138020,1,69.4,,,,,,167.5,3,24.7,,36.2,,38.9,,29.3,,93.4,,101.7,
138021,1,61.3,,,,,,165.8,,22.3,,38.4,,34.4,,28.3,,73.5,,90.3,
138022,2,73.9,3,,,,,173.6,,24.5,,,1,,1,,1,,1,,1
138023,1,33.1,,,,,,139.1,,17.1,2,33.6,,31.4,,21.5,,57.1,,,
138027,1,69.9,,,,,,166.6,,25.2,,38,,36.4,,29.5,,91.7,,101.6,
138028,1,87.9,,,,,,174.1,,29,,39.3,,39.5,,28.1,,112.7,,102.5,
138029,1,61.9,,,,,,150.1,,27.5,4,34.2,,31.4,,30.6,,88.1,,99.3,
138030,1,32.9,,,,,,136,,17.8,2,33.6,,28.2,,21.7,,66.7,,,
138031,3,68.4,,,,,,147.9,,31.3,,36,,33.2,,34.5,,,1,,1
138032,1,73.6,,,,,,176,,23.8,,41,,42.3,,29.9,,85.1,,105.6,
138034,1,91.6,,,,,,175.8,,29.6,,42.4,,37.5,,35.3,,101.5,,105.1,
138035,1,67.4,3,,,,,166.8,,24.2,3,39.5,,34.7,,29.2,,80,,95,
138036,1,85.3,,,,,,160.7,,33,,37,,38,,35.2,,101.4,,106.5,
138037,1,72.3,,,,,,152.4,,31.1,,35,,32.8,,31.8,,98.6,,109.1,
138038,1,85.9,,,,,,177.4,,27.3,,39.4,,42.8,,28.9,,108.5,,97.7,
138039,1,52.1,,,,,,139.1,,26.9,4,,,30.5,,28.8,,81,,,
138040,1,69.9,,,,,,154.1,,29.4,,36.2,,34,,33.1,,85.6,,102.5,
138043,1,40.4,,,,,,147.1,,18.7,2,34,,32.3,,23,,64,,,
138044,1,67.8,,,,,,161,,26.2,,37,,35.7,,30.6,,91.1,,97,
138045,1,59.3,,,,,,184.6,,17.4,2,43,,40.5,,24.5,,70,,87.8,
138046,1,53.7,,,,,,156.3,,22,,35.3,,33.7,,27.5,,75.5,,95.2,
138048,3,77.4,,,,,,178.4,,24.3,,,1,40.7,,31.7,,95.6,,99.6,
138049,1,102.4,,,,,,177.2,,32.6,,42.9,,39.7,,41.4,,97.3,,109,
138050,1,118.7,,,,,,165,,43.6,,36.9,,45,,44.4,,129.5,,149.6,
138051,1,75.6,,,,,,172.7,,25.3,,39,,39.1,,30.1,,93.6,,98.7,
138052,1,27.1,,,,,,131.2,,15.7,2,,,28.3,,18.7,,58.5,,,
138053,1,69.2,,,,,,152.8,,29.6,,36,,34.3,,33,,91.4,,112.6,
138054,1,128.6,,,,,,176.1,,41.5,,38.7,,41,,44.3,,132,,120,
138055,1,83.2,,,,,,183.8,,24.6,,42.7,,43.2,,31.1,,94.5,,102.9,
138056,1,100.4,,,,,,165.7,,36.6,,38.8,,39.9,,36.6,,119.6,,124.9,
138057,1,114.7,,,,,,174.6,,37.6,,34.4,,39.2,,37.3,,123.7,,122.8,
138058,1,17.8,,,,,,114.7,,13.5,1,,,24.4,,16,,49.4,,,
138059,1,54.6,,,,,,168.1,,19.3,,36.8,,37.4,,23.3,,84.4,,92.2,
138061,1,70.6,,,,,,163.2,,26.5,,37.1,,36.3,,31.7,,99.7,,102.6,
138062,1,150.8,,,,,,192.5,,40.7,,42.2,,42,,41.6,,143.5,,125.1,
138063,1,98.6,,,,,,155.8,,40.6,,34.4,,35,,40,,121.1,,127.2,
138064,1,54.8,,,,,,151,,24,,35.8,,31.9,,27.4,,87.5,,100.2,
138066,1,20.4,,,,,,117,,14.9,2,,,23.5,,15.4,,55.1,,,
138068,1,59.8,,,,,,148.5,,27.1,,33.8,,34.4,,29.1,,81,,101.3,
138070,1,63.4,,,,,,155.5,3,26.2,,31.3,,36,,29.1,,95.6,,90.4,
138071,1,32,,,,,,140.3,,16.3,2,32.3,,29,,21,,59.8,,,
138072,1,75.6,,,,,,179,,23.6,,42,,42,,24.9,,101.7,,92.7,
138073,1,79.9,,,,,,173,,26.7,,41.1,,38.7,,30,,100.9,,99.6,
138074,1,65.5,,,,,,153.3,,27.9,4,35.4,,34.1,,29.3,,94.6,,,
138075,1,52.4,,,,,,166.7,,18.9,2,37.2,,35.7,,23.5,,65,,83.6,
138076,1,75.7,,,,,,160.9,,29.2,,36.4,,36.4,,33.2,,96.5,,98.4,
138078,1,68.7,,,,,,176.2,,22.1,,40,,40,,27.3,,95.7,,96.6,
138080,1,122.6,,,,,,173.3,,40.8,,41.3,,39,,41.9,,122.6,,127,
138081,1,81.8,,,,,,162.1,,31.1,,34.5,,36.5,,35.3,,106.9,,111,
138082,1,83.3,,,,,,180.2,,25.7,,43.8,,41,,31.5,,107.2,,104.1,
138083,1,98.5,,,,,,177.6,,31.2,,43.2,,39.8,,35.7,,109.2,,107.5,
138084,1,78.5,,,,,,176.1,,25.3,,41,,40.4,,31.8,,91.9,,95,
138086,1,63.2,,,,,,177.2,,20.1,,41.4,,39.8,,29.4,,79.3,,90.7,
138087,1,76.5,,,,,,177.4,,24.3,,41.5,,40.4,,31,,95.2,,99.6,
138089,1,77.1,,,,,,169,,27,,41.4,,39,,33,,93,,103.5,
138090,1,76.7,,,,,,176.7,,24.6,,40,,38.4,,31,,94.2,,101.2,
138092,3,,1,,,,,153.7,,,,35.2,,35.9,,35,,104.6,,123.3,
138094,1,83.5,,,,,,169.6,,29,,45.1,,38.2,,35.1,,83.9,,114.2,
138096,1,22,,110.1,,,,108.5,,18.7,4,,,23,,19.5,,58.7,,,
138097,1,122.1,,,,,,172.8,,40.9,,40.2,,39.3,,38.6,,133,,126.4,
138099,1,58.9,,,,,,155.9,,24.2,4,38.4,,34.3,,29,,79.7,,,
138100,1,64.2,,,,,,160.1,,25,,38.3,,35.5,,30.9,,91.2,,101.2,
138101,1,70.9,,,,,,144.7,,33.9,,31.3,,32.8,,34.8,,115.4,,109.4,
138102,1,66.4,,,,,,168.3,,23.4,,38,,38.1,,28.9,,85.5,,108,
138103,1,98.4,,,,,,175.2,,32.1,,38.6,,39,,35.2,,114.6,,104,
138104,1,75.5,,,,,,174.4,,24.8,,42.6,,39.2,,33.6,,88,,101.5,
138105,1,68.6,,,,,,170.6,,23.6,2,38.5,,37.5,,29.8,,83.4,,96.8,
138106,1,83.5,,,,,,180.6,,25.6,,41.2,,37.5,,30.9,,98,,102.7,
138108,1,78.7,,,,,,170.2,,27.2,,41,,38.5,,35,,91.2,,107.2,
138109,1,60.6,,,,,,147.4,,27.9,,35.2,,34.2,,31.9,,90.2,,100.8,
138110,1,85.2,,,,,,161.7,,32.6,,35.5,,34.5,,28.4,,108.5,,122.1,
138111,1,53.7,,,,,,160.9,,20.7,,39,,33.7,,25.3,,74,,97,
138113,1,98.7,,,,,,179.6,,30.6,4,43.8,,42.2,,38.5,,105.3,,108.3,
138114,1,68.4,,,,,,167.9,,24.3,,37.5,,36.1,,28.6,,86.3,,104.6,
138115,1,103.5,,,,,,172.3,,34.9,4,41.1,,42.5,,37.9,,113.5,,116,
138116,1,71.6,,,,,,159.1,,28.3,,37,,36.2,,32.9,,95.9,,106.1,
138117,1,101.5,,,,,,167.2,,36.3,,36.9,,38.4,,39.6,,117.7,,113.1,
138118,1,45.4,,,,,,158.1,,18.2,,34.5,,33.4,,23.5,,68.3,,85.8,
138119,1,73,,,,,,170.7,,25.1,,40.7,,38.2,,29.3,,92.8,,102.1,
138120,1,80.6,,,,,,158.8,,32,,38.4,,38.2,,32.9,,97.2,,114.9,
138121,1,73.4,,,,,,161.2,,28.2,4,41.3,,34,,31.2,,89.8,,105.2,
138122,1,106.5,,,,,,162.5,,40.3,,34.2,,34.4,,35.3,,122.4,,130.5,
138124,1,73.7,,,,,,170.3,,25.4,,42.2,,37.7,,30.3,,84.7,,105.2,
138126,1,104.6,,,,,,177.7,,33.1,,42,,40,,35.9,,115.8,,111.5,
138127,1,15,,96.9,,,,94,,17,2,,,19,,16.6,,51.7,,,
138128,1,59.3,,,,,,164.9,,21.8,,36.6,,37,,29,,82.4,,99.1,
138131,1,67.9,,,,,,146.1,,31.8,,35,,32.5,,35.2,,88.7,,103,
138132,1,97.7,,,,,,162.4,,37,,34.6,,38.1,,42.3,,115.3,,122.2,
138133,2,33.6,3,,,,,121.5,,22.8,4,,,,1,,1,,1,,
138135,1,56.1,,,,,,148.5,,25.4,,32.7,,32.4,,28.7,,88.1,,94,
138136,1,70.7,,,,,,177.5,,22.4,,40.3,,40.4,,30.3,,88.6,,93.5,
138137,1,84.9,,,,,,167.1,,30.4,,40.4,,38.6,,32.3,,97.5,,108.9,
138138,1,68,,,,,,157.4,,27.4,,32.8,,32.7,,33.9,,82.8,,101,
138140,1,58.3,,,,,,155.7,,24,,35.1,,34,,30.4,,86.6,,92.6,
138141,1,82.8,,,,,,166.6,,29.8,,38.5,,37.5,,32.6,,109.6,,110.6,
138142,1,67.7,,,,,,157.4,,27.3,3,39.8,,35.2,,30,,80.2,,104.4,
138143,1,24.6,,,,,,110.3,,20.2,4,,,23.6,,20.4,,68.1,,,
138144,1,115.6,,,,,,178.5,,36.3,,40.5,,38.4,,37.4,,131.4,,113.3,
138146,3,75.5,,,,,,177.7,,23.9,,,1,40,,34.2,,,1,,1
138147,1,64.5,,,,,,161.9,,24.6,,37.6,,36,,32.3,,78.9,,101,
138148,1,45.9,,,,,,148.8,,20.7,,34,,31.5,,24.6,,81.2,,81.8,
138150,3,62.8,,,,,,172.9,,21,,,1,37,,26.3,,,1,,1
138152,1,96.5,,,,,,171.6,,32.8,,40.3,,39,,36.7,,107.9,,109.5,
138153,1,50.8,,,,,,163.6,,19,,37.2,,34.9,,25.6,,75.2,,87.6,
138154,1,51.3,,,,,,149.6,,22.9,,33.2,,34.1,,25.1,,91.4,,92.2,
138155,1,51.6,,,,,,143.7,,25,3,36.7,,29.4,,27.4,,95.2,,88.6,
138156,1,55.9,,,,,,162.7,,21.1,,38.5,,34.4,,25.8,,81.4,,96.9,
138158,1,56.1,,,,,,153.4,,23.8,,33.6,,37.3,,28.8,,87.4,,95.4,
138159,1,89.1,,,,,,170.2,,30.8,,39.2,,37.6,,34.9,,106,,118.6,
138160,1,48.8,,,,,,150.4,,21.6,,35.3,,33.3,,25.4,,73.4,,93,
138162,1,108.2,,,,,,163.2,,40.6,,36.2,,38.2,,39.6,,123.5,,133,
138163,1,32.6,,,,,,152.2,,14.1,,32.8,,32.5,,17.4,,60,,74.7,
138164,3,111.3,,,,,,166.3,,40.2,,37,,,1,,1,130.8,,125.6,
138166,1,129.8,,,,,,168.2,,45.9,,41.7,,39.8,,45.1,,117.4,,138.2,
138167,1,77.5,,,,,,155.2,,32.2,,36.4,,36.5,,34.7,,101.7,,105,
138168,1,93.9,,,,,,177.7,,29.7,4,44.9,,42.1,,36.8,,99,,111.4,
138170,1,16.3,,95.5,,,,91.9,,19.3,4,,,18.4,,18.5,,49.9,,,
138171,1,89.5,,,,,,158,,35.9,,37.9,,36.4,,35.4,,103.9,,122.5,
138172,1,51.8,,,,,,156.2,,21.2,2,35.2,,33.6,,25.6,,77.1,,86.5,
138174,1,22,,,,,,123.6,,14.4,2,,,24.2,,17,,50.5,,,
138175,1,103.2,,,,,,190.9,,28.3,,45.3,,43.4,,39.3,,95.3,,112.3,
138177,1,66.1,,,,,,156.9,,26.9,,35.6,,36.8,,30.5,,105.9,,103.4,
138178,1,86.2,,,,,,169,,30.2,,41.5,,37,,33,,98.3,,116.5,
138179,1,6,,61.2,,42.4,,,,,,,,10,,13.5,,,,,
138180,1,93.7,,,,,,181.3,,28.5,3,43.2,,40.7,,39,,98,,104.4,
138181,1,62.7,,,,,,148.2,,28.5,,33.7,,34,,28.4,,92.5,,107.3,
138183,1,47.6,,,,,,151.9,,20.6,2,37.6,,33.2,,25.2,,69.2,,82.7,
138184,1,81.7,,,,,,166.4,,29.5,,38.3,,37.5,,31.9,,108.8,,108.5,
138185,1,89.2,,,,,,171,,30.5,,36.5,,41.5,,38.7,,104.4,,105.4,
138186,1,76.9,,,,,,186.7,,22.1,2,46.2,,42,,31.7,,73.5,,99.5,
138188,3,128.2,,,,,,160.8,,49.6,,,1,,1,,1,129.9,,152.5,
138189,1,43.1,,,,,,131,,25.1,4,,,30.5,,27.3,,84,,,
138190,3,,1,,,,,154.8,,,,,,,,,,,,,
138191,1,75.3,,,,,,176.3,,24.2,,41,,39.8,,32.6,,92.7,,99.5,
138192,1,52.7,,,,,,157.1,,21.4,2,35.6,,34.6,,28,,78.9,,93.3,
138193,3,78.5,,,,,,145.8,,36.9,,,1,32.6,,34,,105.6,,,1
138194,1,53.3,,,,,,160.6,,20.7,,35.5,,34,,24.6,,72.5,,90.9,
138195,1,69.4,,,,,,150.2,,30.8,,34.2,,34.2,,33.9,,101.9,,102.8,
138196,1,68.1,,,,,,175.6,,22.1,,38.3,,38,,32,,86,,88.6,
138197,1,75.8,,,,,,189.4,,21.1,2,46.2,,38.1,,30.5,,78.4,,98.3,
138198,1,71.9,,,,,,163.3,,27,,38.2,,36.2,,28.2,,95.2,,111.3,
138200,1,98.5,,,,,,179.7,,30.5,,43.5,,40.1,,38.3,,117.3,,103.9,
138204,1,76.3,,,,,,162.4,,28.9,,39,,35,,34.7,,87.1,,105,
138205,1,82.2,,,,,,168,,29.1,,39.5,,35.4,,36.2,,90.9,,98.7,
138206,1,19.7,,,,,,110.3,,16.2,2,,,22.5,,17,,53.1,,,
138207,2,52.5,,,,,,158,,21,,,1,,1,,1,,1,,1
138209,1,90.4,,,,,,178,,28.5,,42.6,,40.2,,36.5,,86.7,,105.5,
138211,1,99.4,,,,,,189.1,,27.8,,47.3,,44.4,,33.5,,106.2,,110.7,
138213,1,94.8,,,,,,162.6,,35.9,,36.1,,38.5,,39.8,,125.5,,120.3,
138214,1,115.3,,,,,,164.9,,42.4,4,37.6,,37.7,,42,,127.2,,137.2,
138215,1,57.6,,,,,,153.3,,24.5,4,38,,34.4,,28.3,,78,,,
138218,1,52.8,,,,,,169.5,,18.4,,40.1,,35.4,,24.3,,64.4,,90.3,
138219,1,66.4,,,,,,155.2,,27.6,,35.5,,33.2,,30,,96.1,,96.1,
138220,1,87.2,,,,,,160.3,,33.9,,36,,36,,36.4,,112.8,,103.3,
138221,1,64.7,,,,,,150.4,,28.6,,35.1,,39.4,,30.5,,99.4,,96.1,
138222,1,18.1,,,,,,107.8,,15.6,2,,,20.5,,16.5,,52.8,,,
138225,3,101.7,3,,,,,161.9,,38.8,,,1,40,,42.5,,,1,,1
138226,1,22.8,,115.2,,,,112.6,,18,3,,,23.1,,19.3,,60.3,,,
138228,1,150.8,,,,,,175.7,,48.8,,41.2,,43.3,,45.3,,160.1,,140.4,
138231,1,48.2,,,,,,167.4,,17.2,2,38.7,,35,,25.7,,63.2,,83.4,
138232,1,73.1,,,,,,175,,23.9,,40.7,,36.7,,29.6,,91,,97.6,
138233,1,14.6,,101.3,,,,100.5,,14.5,2,,,20.4,,16.4,,47,,,
138234,1,71.7,,,,,,158.2,,28.6,,42.5,,38.5,,34.9,,91.5,,98,
138236,1,57.7,,,,,,162.5,,21.9,,39.6,,36.5,,27.1,,71.4,,96.3,
138238,1,81.5,,,,,,167.6,,29,,39.5,,37.2,,34.1,,104,,109.5,
138239,1,56.7,,,,,,164.4,,21,2,36.8,,34.6,,26.3,,74,,89.6,
138240,1,98,,,,,,161.2,,37.7,,39.3,,38.4,,35.2,,122.5,,116,
138241,1,67.7,,,,,,168.6,,23.8,,37.5,,35.2,,27.3,,88.8,,104,
138242,1,29.4,,,,,,139.9,,15,2,33,,27.8,,20.1,,56.4,,,
138244,1,80.2,,,,,,156.9,,32.6,,35.2,,38,,35.8,,112.6,,103.7,
138245,1,21.5,,,,,,127.2,,13.3,1,29.5,,27.4,,17.1,,51.5,,,
138246,1,8.7,,71.1,,,,,,,,,,14,,16.5,,,,,
138247,1,79.8,,,,,,168,,28.3,,41.3,,37.1,,33.8,,101.5,,99.8,
138249,1,98.2,,,,,,160.2,,38.3,,38.9,,34.2,,39.1,,114.1,,128.2,
138250,1,85.6,,,,,,161.3,,32.9,,39.5,,35.8,,32.9,,100,,116.1,
138251,1,21,,,,,,114.3,,16.1,2,,,23.8,,19.1,,55,,,
138253,1,81.4,,,,,,183,,24.3,,45.7,,40.6,,36.7,,83.1,,99.9,
138254,1,93.3,,,,,,178.7,,29.2,,41.7,,44.4,,33.1,,111.7,,105.1,
138255,1,84.8,,,,,,156.8,,34.5,,37.4,,34,,35.9,,107.2,,119.6,
138257,1,50.8,,,,,,157.5,,20.5,,34,,36.3,,27.8,,84,,89.1,
138258,1,82,,,,,,163.8,,30.6,,38.3,,37.3,,35.1,,100.9,,113.2,
138259,1,30.2,,,,,,132.1,,17.3,2,32.1,,27.1,,20.1,,55.3,,,
138260,1,26,,,,,,128.6,,15.7,2,,,26,,20.2,,58.4,,,
138261,1,50.4,,,,,,155,,21,,33.2,,33.5,,24.7,,74.2,,85,
138262,1,74.8,,,,,,179.8,,23.1,2,42,,37.5,,30.7,,86.1,,95.2,
138263,1,59,,,,,,151.5,,25.7,,36.5,,33.3,,27,,94.8,,97.4,
138265,1,22.2,,,,,,118.8,,15.7,2,27,,23.6,,18.6,,55,,,
138266,1,103.2,,,,,,181.5,,31.3,4,43.3,,39,,35.6,,105.4,,114.2,
138267,1,120.1,,,,,,169.1,,42,,34.6,,39.7,,44.7,,133.6,,125.7,
138268,1,86.1,,,,,,175.6,,27.9,,42.5,,38,,32.7,,95.7,,97.2,
138270,1,43.1,,,,,,153.3,,18.3,2,36,,31.3,,23.1,,66.6,,84,
138271,1,58.2,,,,,,159.1,,23,,39.7,,36.4,,27.2,,74.6,,98.1,
138272,3,81.7,3,,,,,166.3,,29.5,,,1,38,,31.6,,,1,,1
138274,1,100.8,,,,,,155.6,,41.6,,33.2,,34.4,,39.8,,127.4,,134,
138276,1,41.1,,,,,,163.7,,15.3,1,39.3,,34.5,,20.9,,65.1,,85.3,
138277,1,14.6,,95.3,,,,93.1,,16.8,2,,,18,,16.3,,49.3,,,
138278,1,54.4,,,,,,161.4,,20.9,2,40,,35.2,,26.9,,72.2,,89,
138280,1,142,,,,,,164.5,,52.5,,39.8,,36.8,,46.2,,135.3,,163.1,
138281,1,28.3,,,,,,132.3,,16.2,2,29.9,,27,,19.5,,59.7,,,
138283,1,47,,,,,,145.8,,22.1,,28.8,,32.2,,22.9,,80.2,,91.1,
138284,1,85.6,,,,,,172.4,,28.8,4,43.7,,40.2,,34,,96.3,,107,
138285,1,80.7,,,,,,174.7,,26.4,,44.3,,40.2,,32.3,,94.4,,110.1,
138286,1,122.1,,,,,,161.7,,46.7,4,40.4,,36,,44.6,,118,,133.8,
138288,1,88.2,,,,,,166.7,,31.7,,40.8,,38.5,,35.3,,107.5,,108.2,
138289,1,24.4,,,,,,118.2,,17.5,3,,,25,,19.2,,58.7,,,
138290,1,64.1,,,,,,172.7,,21.5,,43.5,,37.6,,29.1,,81.5,,95.4,
138291,1,89.2,,,,,,186.6,,25.6,,45.6,,43,,35.5,,100.6,,103.8,
138292,1,61.8,,,,,,162.2,,23.5,,39.6,,33.1,,26.6,,81,,102.9,
138293,1,97.9,,,,,,164.7,,36.1,4,38.5,,38,,36.1,,115,,119.1,
138294,1,95.3,,,,,,179.5,,29.6,,45,,38.5,,37,,103,,106.8,
138295,1,83.8,,,,,,149.5,,37.5,4,35.4,,32.4,,33,,116.6,,,
138296,1,98.7,,,,,,175.9,,31.9,,32.6,,41.9,,33.4,,121.4,,110.1,
138297,1,74.3,,,,,,176.4,,23.9,,46.6,,39.8,,32.9,,84.2,,95.9,
138300,1,62.1,,,,,,158.2,,24.8,,37.2,,35.5,,27.7,,86.4,,100,
138301,1,81.9,,,,,,172.8,,27.4,,42.1,,39.8,,33.9,,85.4,,111.1,
138302,1,66.1,,,,,,169.9,,22.9,,38.7,,38.2,,30,,84.5,,102.2,
138303,1,18.6,,,,,,122.6,,12.4,1,,,23.8,,15.3,,48.4,,,
138304,1,33,,,,,,135.4,,18,2,29,,29,,21.4,,67.4,,,
138305,1,75.1,,,,,,162,,28.6,,36.9,,38.4,,32.7,,110.2,,115.2,
138307,1,15.2,,,,,,96.9,,16.2,2,,,21,,16.6,,51.3,,,
138308,1,87.1,,,,,,162.1,,33.1,,39,,38,,34,,106.3,,120.7,
138310,1,22.8,,,,,,126.8,,14.2,2,,,25,,17.9,,55.6,,,
138311,3,130.1,,,,,,171.1,,44.4,,,1,37,,40.5,,,1,,1
138315,1,100.8,,,,,,190.2,,27.9,,45.2,,43.6,,39.4,,88.2,,108.9,
138316,1,96.9,,,,,,168.7,,34,,38.7,,38.9,,35.4,,111.7,,108.5,
138317,1,108.9,,,,,,182.9,,32.6,,44,,43,,36,,114.3,,108.8,
138318,1,75.8,,,,,,173.6,,25.2,,42.5,,40,,31.3,,97.2,,96,
138319,1,82.8,,,,,,179.1,,25.8,,47.1,,41.8,,31.9,,93,,103.3,
138320,1,124.7,,,,,,171.2,,42.5,,40,,39,,41,,145.9,,124.6,
138323,1,110,,,,,,177.9,,34.8,,41.9,,42,,40.2,,97.2,,124.2,
138324,1,48.7,3,,,,,152.9,,20.8,,33.9,,33.9,,24,,77.8,,90.4,
138325,3,13.7,,92,,,,,1,,,,,19.2,,17.3,,45.7,,,
138326,2,21.2,3,,,,,116.5,,15.6,2,,,,1,,1,,1,,
138327,1,69,,,,,,166.6,,24.9,,37.5,,36.5,,30.2,,99,,91.7,
138328,1,89.1,,,,,,182.4,,26.8,,41.6,,41.2,,34.7,,95.4,,101.1,
138329,3,91.1,,,,,,151.6,,39.6,,,1,32.5,,33.7,,113.9,,125.6,
138330,1,68.3,,,,,,164.8,,25.1,,38.8,,38.3,,30.7,,93,,97.5,
138331,1,87.5,,,,,,185.8,,25.3,,45,,42,,35.5,,87.6,,105.2,
138333,1,40.7,,,,,,148.6,,18.4,2,35.7,,32,,22.9,,65.3,,,
138336,1,65.8,,,,,,151.2,,28.8,,34.8,,34.5,,29,,102.2,,104,
138337,1,52.7,,,,,,168.4,,18.6,1,40.5,,38.5,,26.8,,67,,84,
138338,1,60.4,,,,,,160,,23.6,3,37.8,,32.7,,29.3,,82.3,,95.5,
138339,1,79,,,,,,157.5,,31.8,,38.1,,36.8,,34.7,,113.9,,109.4,
138340,1,58.6,,,,,,164.7,,21.6,3,37.1,,37.3,,29,,79.7,,90.7,
138341,1,79.5,,,,,,156.6,,32.4,,34.5,,33.9,,34.8,,105.8,,116.4,
138342,4,,,,,,,,,,,,,,,,,,,,
138343,1,61.2,,,,,,155.6,,25.3,3,36,,34.5,,28.8,,78.1,,100.7,
138345,1,140.1,,,,,,178,,44.2,,32.3,,42.4,,37.9,,143.6,,134.9,
138346,1,71.3,,,,,,150.6,,31.4,4,38,,34.5,,35.5,,98.7,,,
138347,1,56.9,,,,,,171.4,,19.4,,35.8,,34,,26.3,,81.8,,89.2,
138350,1,51.3,,,,,,166.7,,18.5,,37.2,,35.5,,25,,70.9,,89.8,
138351,1,57.1,,,,,,179.8,,17.7,1,44.5,,39.3,,26,,67,,85.3,
138352,1,92.4,,,,,,160.8,,35.7,,35.2,,37,,44.2,,99.9,,117.8,
138353,3,46.2,,,,,,148.2,,21,,,1,,1,,1,85,,,1
138356,1,111.7,,,,,,183.1,,33.3,,42.2,,40.4,,41.7,,114.8,,114.6,
138357,3,86.6,,,,,,177.8,,27.4,,,1,39.5,,31.5,,,1,,1
138358,1,79.2,,,,,,161.1,,30.5,,39,,36.9,,35.1,,101.5,,102.1,
138359,1,103.1,,,,,,171.7,,35,,43.5,,39.3,,37.5,,108.5,,121.8,
138360,1,113,,,,,,171.1,,38.6,,37.5,,38.2,,40.2,,127.7,,118.5,
138361,1,84,,,,,,165.5,,30.7,4,39.5,,38,,35,,108.4,,101.2,
138363,1,16.8,,,,,,109.9,,13.9,2,,,22.2,,17.8,,49,,,
138364,1,53.8,,,,,,166,,19.5,,38.1,,34,,25.9,,68.3,,91.7,
138365,1,37.8,,,,,,140,,19.3,3,32.2,,32.4,,22.3,,67.2,,,
138367,1,70.6,,,,,,174.8,,23.1,,39.3,,38.5,,29.3,,79.3,,98.2,
138368,1,54.7,,,,,,151.2,,23.9,,33.5,,33.9,,29.1,,85.2,,92.6,
138369,1,66.1,,,,,,165.3,,24.2,,35.3,,37.3,,32.1,,87.4,,102.8,
138370,3,108.5,,,,,,167.3,,38.8,4,,1,39.7,,42.3,,118.3,,118.4,
138371,1,35.4,,,,,,137,,18.9,2,34.6,,30.5,,22.2,,64.2,,,
138372,3,60.2,3,,,,,171.5,,20.5,2,,1,35.2,,25.3,,,1,,1
138373,1,60.5,,,,,,160.5,,23.5,2,36,,33,,29.5,,79.5,,94.5,
138374,1,64.1,,,,,,153.8,,27.1,,35.6,,32.7,,32.5,,93,,102.9,
138375,1,93.9,,,,,,169.2,,32.8,,41.4,,39.9,,38,,108.2,,110,
138376,1,93.1,,,,,,173.1,,31.1,,39.4,,37.6,,33.2,,112.7,,114.3,
138377,1,59.2,,,,,,158.7,,23.5,,38.8,,33.8,,29.7,,76.1,,89.7,
138378,1,103.5,,,,,,169.8,,35.9,,34.8,,40.7,,36.4,,126.3,,133,
138379,1,54.5,,,,,,159.9,,21.3,,37,,37.2,,29.3,,77,,89.5,
138380,1,88.7,,,,,,157.6,,35.7,,33.5,,32.5,,36.1,,106,,120.4,
138382,1,5.4,,55.8,,39.4,,,,,,,,,,,,,,,
138383,1,89.4,,,,,,165.9,,32.5,,37.8,,38.4,,38.1,,108.9,,115,
138384,1,56.8,,,,,,158.2,,22.7,,36.1,,34.3,,29.5,,89,,96.3,
138385,1,40.3,,,,,,154,,17,1,36.6,,31.5,,23,,64,,83,
138386,1,99.5,,,,,,178.8,,31.1,,41.3,,41,,36.2,,107.4,,107.6,
138387,1,81.9,,,,,,166.1,,29.7,,37.9,,37.5,,34.3,,107.6,,98.6,
138389,1,66.9,,,,,,159.7,,26.2,3,36,,35.2,,31.6,,90,,98.7,
138390,1,106.9,,,,,,180,,33,,39.4,,39.5,,36.7,,120.6,,117.8,
138392,1,79.9,,,,,,176.6,,25.6,,35.5,,36.9,,29.3,,95.8,,99.5,
138394,1,49.3,,,,,,154.7,,20.6,2,36.6,,33.2,,25.8,,71.8,,,
138395,1,71.9,,,,,,177.6,,22.8,,42.4,,38.3,,31,,93,,106.1,
138397,1,118.4,,,,,,176.9,,37.8,4,42.5,,43.8,,41.5,,115.8,,126.8,
138398,1,75,,,,,,183,,22.4,,43,,36,,29.1,,89.1,,98.9,
138399,1,111.9,,,,,,189.3,,31.2,,42.5,,42.8,,37.5,,116,,117.8,
138400,1,54.6,,,,,,154,,23,,33.6,,32,,25.2,,81,,93.4,
138401,1,111,,,,,,172.3,,37.4,,35.2,,41.1,,39,,116,,126,
138402,1,64.8,,,,,,157,,26.3,,38,,31.8,,30.7,,86.2,,96.4,
138403,1,17.5,,,,,,102,,16.8,3,,,22,,17.6,,52.5,,,
138404,1,29.4,,,,,,122.7,,19.5,4,,,26,,21,,66.2,,,
138405,1,63,,,,,,179.4,,19.6,,40.5,,40.2,,28,,76.5,,89,
138407,1,37.8,,,,,,131.8,,21.8,4,,,28.5,,24.3,,71.1,,,
138408,1,89.5,,,,,,155.2,,37.2,,34.8,,36,,34.2,,113.6,,129.4,
138409,1,75,,,,,,163.9,,27.9,,41.2,,36.5,,33.3,,93.3,,108.3,
138410,1,17,,103.7,,,,102.1,,16.3,2,,,20,,17.1,,53.6,,,
138412,1,52.7,,,,,,154.8,,22,3,32.5,,34.9,,26.2,,78.9,,,
138413,1,78,,,,,,172.3,,26.3,,44,,37.5,,32.5,,100,,104.3,
138414,1,78.9,,,,,,186.9,,22.6,,43,,43.6,,33.7,,83.4,,95.3,
138415,1,78.3,,,,,,172.3,,26.4,,37,,38.4,,30.7,,105.4,,98.5,
138416,1,109.3,,,,,,172.1,,36.9,,39.5,,38.9,,37.3,,112.9,,119,
138417,1,15.5,,,,,,98.8,,15.9,2,,,20.2,,16.2,,50.5,,,
138418,1,82.2,,,,,,169.2,,28.7,,38.1,,37.6,,33.9,,92.2,,110.6,
138419,1,94.3,,,,,,180.7,,28.9,,45,,39.3,,34.9,,113.6,,101,
138421,1,108.9,,,,,,181.5,,33.1,,46.7,,39.9,,38.5,,109.2,,120.5,
138422,1,135.1,,,,,,175.4,,43.9,,36.1,,43.5,,39.9,,142.2,,142.8,
138423,1,62.1,,,,,,159.7,,24.3,,37.2,,34.5,,27.6,,92.9,,92.1,
138424,1,77.7,,,,,,178.2,,24.5,,43.5,,40.4,,33.5,,89.8,,99.6,
138425,1,97.4,,,,,,169.7,,33.8,,35.5,,38.8,,35,,110.5,,116.8,
138426,1,100.8,,,,,,188.3,,28.4,,44.1,,40.1,,35.5,,107.6,,113,
138428,1,82.8,,,,,,154.6,,34.6,,36.5,,35,,36.3,,93.7,,113.4,
138429,1,19,,,,,,113.3,,14.8,2,,,23.5,,16.9,,52.7,,,
138430,1,11.8,,85.7,,,,,,,,,,17.3,,17,,,,,
138435,4,,,,,,,,,,,,,,,,,,,,
138436,1,140.8,,,,,,164.2,,52.2,4,38.2,,37.1,,41.5,,129,,151.8,
138439,1,73,,,,,,168.3,,25.8,,39.8,,37.6,,32.7,,95.4,,95,
138440,1,60,,,,,,180.3,,18.5,2,49.8,,40,,25.7,,69.3,,88.3,
138443,1,109.7,,,,,,168.5,,38.6,,35.9,,34.3,,39.1,,133.5,,132.2,
138444,1,88.7,,,,,,183.9,,26.2,,37.5,,41.8,,31.7,,107.1,,102.6,
138445,1,85.9,,,,,,163.2,,32.3,4,41.1,,40,,33.3,,108.8,,112.6,
138446,3,23.8,,,1,,,94.7,,26.5,4,,,21,,22.4,,69.9,,,
138447,1,101.8,,,,,,154.9,,42.4,,30.6,,35.8,,41.5,,123.9,,137.6,
138448,1,64.3,,,,,,173.9,,21.3,2,41.8,,38.7,,28.1,,80.5,,91.4,
138449,1,85.1,,,,,,153.3,,36.2,,36.9,,35.5,,36.6,,108.4,,118.1,
138450,1,86.9,,,,,,153.4,,36.9,,33.8,,35.5,,34.2,,104.9,,117.2,
138451,1,132.4,,,,,,189.5,,36.9,,45.2,,38.5,,46.2,,117.7,,123.8,
138452,1,97.3,,,,,,150.5,,43,,27.2,,32.9,,37.5,,128.5,,125.8,
138453,1,61.9,,,,,,170.2,,21.4,2,40,,37.3,,26.9,,72,,89.5,
138454,3,98.2,3,,,,,162.7,,37.1,,,1,41,,40.7,,117.1,,,1
138456,4,,,,,,,,,,,,,,,,,,,,
138457,1,67,,,,,,149.2,,30.1,4,36.8,,33.1,,33,,92,,,
138458,2,44.4,,,,,,164.6,,16.4,,,1,,1,,1,,1,,1
138459,1,46.4,,,,,,157.4,,18.7,2,39.5,,33.5,,23.2,,69.9,,,
138460,1,80,,,,,,182,,24.2,2,44.6,,40.5,,31.3,,80.1,,99.4,
138461,1,37.8,,,,,,143.4,,18.4,2,31.6,,32.9,,22.2,,69.3,,,
138462,1,44.2,,,,,,152.6,,19,2,32,,33.4,,24,,67.4,,86.7,
138463,1,97.4,,,,,,167.3,,34.8,,37.4,,38.6,,40,,113.5,,108.5,
138465,1,84.1,,,,,,170.4,,29,,38.6,,40,,33,,107,,101.4,
138466,1,90.8,,,,,,167.8,,32.2,,42.5,,39.5,,37.7,,102,,104,
138467,1,80.5,,,,,,163.3,,30.2,,37.4,,38.8,,34,,105.5,,98.5,
138468,1,62,,,,,,166.9,,22.3,,39.1,,34,,30,,80.2,,88.4,
138469,1,75.4,,,,,,162.6,,28.5,,38.2,,36.5,,33.4,,92.1,,107.1,
138470,1,64.9,,,,,,175.1,,21.2,2,41.2,,36.3,,28.2,,73.5,,90.4,
138471,1,18.8,,,,,,110.9,,15.3,2,,,22.3,,17.9,,50,,,
138472,1,25.4,,,,,,120.5,,17.5,3,,,26.4,,22.3,,54.5,,,
138473,1,52.3,,,,,,152.8,,22.4,2,35.7,,31.4,,27.2,,74.2,,96.1,
138474,1,79.3,,,,,,181.4,,24.1,,42.3,,39.7,,28.8,,96.3,,102,
138476,1,79.5,,,,,,151.6,,34.6,,35.1,,36,,36.5,,98.4,,113.9,
138477,1,52.2,,,,,,176,,16.9,2,41.3,,38,,22.8,,66.9,,85,
138478,1,103.4,,,,,,184.5,,30.4,,42.1,,40.5,,34.6,,108,,110.1,
138480,1,113,,,,,,183.2,,33.7,,42.9,,43.2,,35.6,,123.6,,114.9,
138481,3,58.8,,,,,,162.8,,22.2,,,1,36.1,,26.5,,,1,,1
138482,1,24.1,,,,,,123.4,,15.8,2,,,26.9,,18.2,,52.2,,,
138483,1,74.1,,,,,,162.6,,28,,36.8,,35.5,,31,,94,,104,
138485,1,87,,,,,,163.8,,32.4,,37.8,,34.5,,33.6,,111.4,,115.5,
138486,1,88.7,,,,,,175.3,,28.9,,39,,35.7,,34.2,,98,,97,
138489,1,127.5,,,,,,190.5,,35.1,,44,,41,,42.3,,123.7,,126.4,
138490,1,63.7,,,,,,175,,20.8,,41.8,,36.8,,25.7,,74.3,,99.2,
138492,1,65.8,,,,,,171.6,,22.3,2,40.6,,39.2,,28.1,,76.7,,94,
138497,2,60.4,3,,,,,172.2,,20.4,,,1,,1,,1,,1,,1
138498,1,60.8,,,,,,162.6,,23,,38.2,,35.9,,29.6,,81.5,,100.8,
138500,1,20.9,,,,,,116.5,,15.4,2,,,23,,18.6,,55,,,
138501,1,71.2,,,,,,168.9,,25,,42,,35.5,,30.8,,86.4,,103.8,
138502,1,46.2,,,,,,157.2,,18.7,,36,,33.1,,25.2,,71.7,,86.5,
138503,1,32.9,,,,,,143.5,,16,2,32.6,,31.4,,18.9,,57.7,,,
138504,1,54,,,,,,163.5,,20.2,2,38.9,,35.7,,24.7,,69.2,,,
138505,2,80.6,3,,,,,161.3,,31,,,1,,1,,1,,1,,1
138507,1,12.3,,88.9,,,,89.1,,15.5,2,,,17.8,,15.3,,45.9,,,
138509,1,72.5,,,,,,158.5,,28.9,3,37.9,,35.5,,30.7,,97.7,,105.2,
138510,1,70.5,,,,,,161.4,,27.1,3,34.8,,36,,31.7,,88.8,,99.3,
138513,1,56.7,,,,,,155.5,,23.4,,35.7,,34.4,,28.2,,80.6,,91.2,
138515,1,86.3,,,,,,163.4,,32.3,,40.1,,39.1,,35.8,,108.4,,104,
138516,1,100.9,,,,,,167.5,,36,4,40.8,,36.1,,36.1,,111.5,,116.3,
138517,1,74.3,3,,,,,182.4,,22.3,,45.4,,39,,29.1,,87.4,,95.6,
138518,1,16.1,,,,,,105.4,,14.5,2,,,22.2,,15.7,,46.1,,,
138519,1,14.9,,99.5,,,,96.6,,16,2,,,18.5,,15.2,,51.2,,,
138520,1,70.3,,,,,,170.7,,24.1,,37.7,,36.9,,29.5,,84.7,,107,
138521,1,72.2,,,,,,152.7,,31,,36.3,,36.5,,30,,95.3,,116.2,
138522,1,45.7,,,,,,154.4,,19.2,2,37,,32.1,,21.5,,65.2,,,
138523,1,74.4,,,,,,170.8,,25.5,,36.5,,36.4,,29.7,,94.1,,93.9,
138524,1,76.2,,,,,,152.8,,32.6,,33.2,,34.5,,33.9,,110.1,,112.6,
138525,4,,,,,,,,,,,,,,,,,,,,
138527,1,70.3,,,,,,176,,22.7,,40.6,,37.5,,29.1,,77.5,,103.9,
138530,1,61.2,,,,,,173.4,,20.4,2,40,,37.6,,26,,75.5,,91.5,
138531,3,97.5,,,,,,152.4,,42,4,34,,34,,38.9,,,1,,1
138532,1,70.7,,,,,,157.4,,28.5,,36.2,,36.8,,32.6,,97,,108.8,
138533,1,99.2,,,,,,150.3,,43.9,,36.4,,36.7,,42.4,,121.3,,146.3,
138535,1,99.4,,,,,,178.4,,31.2,,40.6,,38,,39,,107,,122,
138536,1,143.9,,,,,,200.7,,35.7,,46.3,,46.1,,40,,122.5,,124.7,
138537,1,22.3,,,,,,119,,15.7,2,,,24.9,,17.5,,52.9,,,
138539,1,112.7,,,,,,183.1,,33.6,,41,,43,,37.3,,123,,111.2,
138540,1,60.1,,,,,,156,3,24.7,,37.2,,37.5,,28.6,,94,,91.9,
138541,1,87.4,,,,,,169.9,,30.3,,37.8,,41.6,,31.9,,119,,121.4,
138542,1,73.4,,,,,,166.1,,26.6,,38.2,,36,,30,,91.4,,107.4,
138543,1,65.7,,,,,,157.8,,26.4,,34,,34,,29,,88.9,,99.7,
138544,1,21.1,,,,,,118.7,,15,2,,,24.1,,17.2,,57.1,,,
138547,1,26.1,,,,,,131.3,,15.1,2,,,25.5,,18.5,,56.5,,,
138548,1,76.1,,,,,,190.5,,21,,41.2,,40.8,,32.1,,83.8,,94.6,
138549,1,19,,107,,,,106.2,,16.8,2,,,20.5,,18.8,,53.2,,,
138550,1,64.9,,,,,,162.5,,24.6,,34.2,,37.8,,28.7,,84.1,,95.7,
138551,1,73.9,,,,,,163.8,,27.5,,36.3,,36.2,,31.1,,96,,93.1,
138552,1,9.6,,76.1,,,,,,,,,,15.5,,14,,,,,
138553,1,53.9,,,,,,146.8,,25,4,33.5,,33.4,,27.7,,87.4,,,
138555,1,71.5,,,,,,178.2,,22.5,,42.8,,40.6,,27.5,,82.1,,100,
138556,1,87.5,,,,,,172.4,,29.4,,38.2,,38,,34.3,,99.2,,102.7,
138557,1,59.8,,,,,,153.6,,25.3,4,37.4,,32.8,,30.3,,83.4,,,
138558,1,27.5,,,,,,122.8,,18.2,2,28.5,,25.5,,20.2,,59.8,,,
138560,1,32.4,,,,,,128.5,,19.6,4,,,28,,24,,67.4,,,
138563,1,129.9,,,,,,175.9,,42,,40.2,,39.2,,39.5,,133.5,,141.3,
138565,1,53.7,,,,,,149.5,,24,,33.5,,34.5,,29.8,,77.7,,91.6,
138567,1,67.7,,,,,,176.5,,21.7,,43,,37,,27.6,,86.8,,99.6,
138569,1,11.1,,82.5,,,,,,,,,,14.5,,13.9,,,,,
138571,1,89.4,,,,,,171,,30.6,,37,,39,,36,,110.5,,115,
138573,1,97.8,,,,,,184.3,,28.8,,45.2,,40.1,,35.8,,106,,104,
138575,1,48.2,,,,,,160.7,,18.7,2,36.2,,34.3,,23,,65.6,,,
138576,1,58.7,,,,,,148,,26.8,,34.5,,31.8,,29,,88,,93.5,
138578,1,103.5,,,,,,163.9,,38.5,,40,,39.5,,39.7,,121.1,,118.8,
138581,2,63.7,,,,,,145.1,,30.3,4,,1,,1,,1,,1,,1
138584,1,59.2,,,,,,166.2,,21.4,,38,,34.7,,26.3,,89.6,,88.3,
138585,1,11.9,,92.9,,,,89.9,,14.7,2,,,18.7,,14.2,,46.6,,,
138586,1,102.6,,,,,,163.9,,38.2,,34,,39.5,,39.7,,130.2,,134.1,
138587,1,26,,,,,,135.2,,14.2,2,,,27.8,,17.9,,55.7,,,
138588,1,81.1,,,,,,176.9,,25.9,,44,,40,,32,,98,,97,
138589,1,43.1,,,,,,148.2,,19.6,2,32.1,,32.7,,23.6,,72.4,,,
138591,1,46.9,,,,,,162.7,,17.7,2,38,,34.4,,21.3,,69.5,,86.8,
138592,1,24.4,,,,,,125,,15.6,2,,,25.3,,18.5,,54.7,,,
138594,1,25,,,,,,104.5,,22.9,4,,,21.4,,23.3,,67.6,,,
138596,1,113.9,,,,,,172.9,,38.1,,42.2,,41.4,,40.5,,125.7,,133.5,
138599,1,83.6,,,,,,179.7,,25.9,,39.6,,40.3,,34.4,,98.4,,98.4,
138600,1,88.9,,,,,,158.8,,35.3,,35,,34.2,,35.9,,117.4,,116.3,
138601,1,71.4,,,,,,171.7,,24.2,,40.8,,38,,30.6,,85.6,,96.3,
138602,1,118.8,,,,,,173.2,,39.6,,43,,38,,42.2,,108,,127.9,
138603,1,44.2,,,,,,157.4,,17.8,2,35.5,,32.8,,23,,63.3,,86.6,
138604,1,86.2,,,,,,143.4,,41.9,,31.3,,34,,37.2,,119.9,,131.6,
138605,1,53.6,,,,,,160.2,,20.9,2,42.9,,35.5,,25.5,,68,,88.4,
138606,1,93.1,,,,,,173.8,,30.8,,41.1,,39.2,,36.6,,104.8,,108.9,
138608,1,40.2,,,,,,138.6,,20.9,3,31.3,,29.1,,24.3,,67.6,,,
138609,1,77.6,,,,,,158.7,,30.8,,33.5,,34.3,,34.2,,102.6,,109.2,
138610,1,72.7,,,,,,182.9,,21.7,2,44.1,,40.5,,29.5,,82,,98.3,
138611,1,81.7,,,,,,155.8,,33.7,,36,,35.2,,38.4,,104.5,,105.4,
138612,1,46.4,,,,,,139.4,,23.9,4,31.4,,28.2,,25.7,,88.5,,,
138613,1,91.7,,,,,,164.4,3,33.9,,36.6,,36,,35.4,,117.7,,119,
138614,1,48.3,,,,,,145.6,,22.8,3,31.9,,30.4,,25.8,,82.1,,87.4,
138615,1,18.2,,94.7,,,,91.3,,21.8,4,,,18.8,,18.9,,55.4,,,
138616,1,65.1,,,,,,167.2,,23.3,2,40,,37.8,,28.1,,84,,102.8,
138617,1,52.2,,,,,,161.9,,19.9,2,37,,35,,25.2,,71.8,,92,
138618,1,65.5,,,,,,167.4,,23.4,,36.2,,36.4,,31.3,,80.9,,92,
138619,1,106.5,,,,,,172.9,,35.6,,40.7,,41,,38.8,,125.3,,114.6,
138621,1,74.5,,,,,,173.2,,24.8,,37.3,,40.5,,32.7,,94.1,,89.2,
138624,1,98.9,,,,,,176.8,,31.6,,38.7,,43.6,,38.3,,115.2,,107.7,
138625,1,41.6,,,,,,148.1,,19,,34.6,,31,,24.3,,65.9,,83.4,
138626,4,,,,,,,,,,,,,,,,,,,,
138627,1,66.4,,,,,,155.7,,27.4,,37.6,,33.8,,32.3,,93,,101.6,
138629,1,65.9,,,,,,164.6,,24.3,2,38.5,,39.5,,29.8,,81.8,,99,
138630,1,53,,,,,,163.4,,19.9,2,38,,34.7,,24,,71.1,,93.2,
138631,1,75,,,,,,176.1,,24.2,,40.1,,38.1,,30.1,,93.8,,97.3,
138633,1,74,,,,,,149.1,,33.3,4,36.8,,35,,33.8,,97.4,,111.2,
138635,1,60.1,,,,,,167.4,,21.4,2,37.3,,37.6,,25.5,,77.8,,101.1,
138636,1,79.9,,,,,,159.1,,31.6,,37.4,,35,,36,,103.3,,109.7,
138637,1,73.5,,,,,,164.7,,27.1,,40.1,,36,,32.5,,78,,114.7,
138638,1,29.6,,,,,,128.6,,17.9,2,30.6,,28.2,,20.2,,61.7,,,
138639,1,97,,,,,,162.8,,36.6,,36.2,,38.8,,41.2,,111.6,,102.9,
138640,1,27.8,,,,,,124.9,,17.8,2,,,25.2,,22.4,,60.6,,,
138641,1,88.8,,,,,,184.4,,26.1,,42.8,,39.9,,33.9,,101.5,,102.3,
138644,1,52.7,,,,,,164.5,,19.5,2,40.5,,35.5,,23.4,,66,,87.2,
138646,1,20.2,,,,,,115.9,,15,2,,,23.5,,16.4,,50.2,,,
138647,1,100.7,,,,,,173.9,,33.3,,41.6,,38,,37.1,,111.3,,128.4,
138649,1,43,,,,,,152.1,,18.6,2,35.2,,32.8,,23.4,,66.5,,,
138651,1,78.1,,,,,,174.5,,25.6,,40.8,,38.3,,31.6,,97.3,,97.9,
138652,1,10.4,,81.9,,,,,,,,,,17.2,,14,,,,,
138655,1,35.8,,,,,,134.5,,19.8,3,33.2,,28,,21.5,,71.8,,,
138656,1,121.2,,,,,,175.3,,39.4,,43.2,,39.5,,38.8,,127.8,,119.4,
138657,1,30.6,,,,,,137.6,,16.2,2,33,,28.8,,19,,57,,,
138658,1,73,,,,,,164.1,,27.1,,36.5,,37.2,,30.9,,96.2,,106.9,
138659,1,83.4,,,,,,165,,30.6,,37.3,,39,,35,,109.4,,102.6,
138660,1,104.3,,,,,,173.9,,34.5,,43.2,,39.6,,38.2,,110.8,,123.6,
138664,1,78.5,,,,,,149.2,,35.3,,31.5,,32.3,,34.5,,117,,118.7,
138665,1,23.1,,,,,,125.3,,14.7,2,,,26.4,,17.2,,52.8,,,
138666,1,124.3,,,,,,189.8,,34.5,,42.4,,42,,38.5,,117.8,,114.1,
138667,1,48.1,,,,,,161.5,,18.4,2,39.5,,36.3,,23.3,,67.9,,87.9,
138668,1,58.7,,,,,,160.5,,22.8,,42,,35.5,,25.7,,85.7,,91.1,
138670,1,34.8,,,,,,141,,17.5,2,34,,31,,23.8,,61.3,,72.4,
138671,1,96.3,,,,,,185.8,,27.9,,46.2,,43.2,,35.3,,94.5,,108,
138672,3,68.5,3,,,,,158.6,,27.2,,,1,37.2,,29.1,,,1,,1
138673,1,61.6,,,,,,159.1,,24.3,,35.2,,35,,29,,90,,101.4,
138674,1,61.8,,,,,,149.3,,27.7,,35.1,,34.1,,29.9,,81.8,,101,
138675,1,83.2,,,,,,177.5,,26.4,,41.5,,44,,31.5,,105.9,,99.4,
138676,1,45.8,,,,,,152.7,,19.6,2,36,,33.1,,23.4,,65.7,,87.5,
138678,1,111.8,,,,,,167.5,,39.8,,41.3,,37.2,,37.2,,128.8,,130.2,
138679,1,49.6,,,,,,168.4,,17.5,,41,,33.8,,24.2,,70.6,,83.5,
138680,1,69,,,,,,163,,26,,38.1,,37.2,,32.1,,99.5,,106.1,
138681,1,83.9,,,,,,177.9,,26.5,,41.5,,41.5,,32.1,,101.3,,101.4,
138682,1,22.8,,,,,,120.6,,15.7,2,,,24.1,,18.7,,54.7,,,
138683,1,70.8,,,,,,163.5,,26.5,,37.1,,36.3,,32.1,,99.4,,96.6,
138684,1,35.4,,,,,,147,,16.4,2,37.5,,30,,21.5,,63,,,
138685,1,10.2,,79,,,,,,,,,,17.5,,16.2,,,,,
138687,1,54.7,,,,,,161.2,,21.1,2,38.5,,35.2,,27.4,,76.5,,87.9,
138689,1,107.8,,,,,,175.3,,35.1,,41.7,,39.7,,38.6,,117.8,,116.8,
138690,1,64,,,,,,152.1,,27.7,,33.9,,34,,31.7,,97.3,,95.5,
138694,1,70.2,,,,,,161.7,,26.8,,38,,36.7,,30.2,,90,,104.7,
138695,3,109.4,3,,,,,166,,39.7,,,1,38,,36,,127.4,,,1
138696,1,16.7,,,,,,107.2,,14.5,2,,,20,,15.5,,51.9,,,
138697,1,70.1,,,,,,165,,25.7,,40,,36,,32.5,,91.6,,94,
138698,1,87,,,,,,156.6,,35.5,,31.2,,36.9,,37.5,,112.5,,117.5,
138699,1,8.8,,70.6,,43.6,,,,,,,,14.5,,15,,,,,
138701,2,89.9,,,,,,176.7,,28.8,,,1,,1,,1,,1,,1
138702,1,84.2,,,,,,183.7,,25,,43.7,,41.7,,32.2,,95.7,,100.1,
138703,2,67.9,3,,,,,166.9,,24.4,,,1,,1,,1,,1,,1
138705,1,56.8,,,,,,171.1,,19.4,2,41.4,,37.3,,27.8,,69.4,,87.2,
138707,1,68.9,,,,,,190.1,,19.1,2,45.5,,41.3,,29.3,,74.5,,97.3,
138708,1,117.7,,,,,,163.2,,44.2,,41.1,,36.2,,41.5,,126.7,,137.2,
138709,1,55.3,,,,,,163.6,,20.7,2,36.4,,36,,25.1,,68.5,,,
138710,1,31.2,,,,,,123.2,,20.6,4,,,24.5,,21.5,,66,,,
138711,1,87.4,,,,,,176.6,,28,,42.5,,41.2,,35,,97.4,,105.9,
138712,1,69.4,,,,,,171.5,,23.6,,39.7,,38.1,,29.8,,91.3,,96.1,
138713,1,73.9,,,,,,170.4,,25.5,,38.2,,39,,30.1,,88.6,,95.1,
138714,1,61.4,,,,,,153.7,,26,,28.8,,35,,28.2,,96.6,,103.2,
138715,1,60,,,,,,155.5,,24.8,3,37.3,,35,,27.6,,79.3,,93.3,
138716,1,76.9,,,,,,170.7,,26.4,,40.6,,35.5,,29.2,,96.4,,103.2,
138717,1,88.3,,,,,,154.3,,37.1,,34.5,,35,,37.5,,118,,124.5,
138718,1,96.6,,,,,,180,,29.8,,46.2,,43,,37.9,,109.7,,105.7,
138719,1,89.7,,,,,,175.5,,29.1,,42.5,,40.8,,39,,94.5,,107.6,
138720,1,51.6,,,,,,154.6,,21.6,,34.2,,33.3,,24.9,,82.7,,90.8,
138722,1,82.3,,,,,,166,,29.9,,37.2,,38,,34.2,,103.4,,104.1,
138723,1,108.3,,,,,,174.7,,35.5,4,39.3,,40.7,,38.4,,109.1,,121,
138724,1,111.3,,,,,,168.7,3,39.1,,39.1,,40.6,,40.3,,121.1,,117.7,
138725,1,66.5,,,,,,167,,23.8,,39.2,,36.1,,28.4,,87.7,,108.7,
138727,1,57.8,,,,,,155.4,,23.9,,33.6,,36,,29.9,,86.5,,94,
138728,3,113,,,,,,171.6,,38.4,,,1,37.2,,41.3,,,1,,1
138729,1,108.1,,,,,,171.7,,36.7,4,41,,39,,39.8,,108.4,,132,
138730,1,43.5,,,,,,155.1,,18.1,,33.4,,32,,24,,71.5,,89.3,
138731,1,89.1,,,,,,159.7,,34.9,,37.3,,36.8,,40.1,,107.4,,118.5,
138732,1,89.5,,,,,,186.1,,25.8,,42.5,,42.9,,33.2,,106.2,,100,
138733,1,77.7,,,,,,160.4,,30.2,4,38.9,,34,,31.7,,90.1,,113,
138734,1,64.4,,,,,,162.6,,24.4,,35.6,,35.8,,28.2,,92.4,,106.2,
138735,1,70,,,,,,182,,21.1,,42.5,,41.6,,28.5,,93.5,,96.7,
138736,1,52.6,,,,,,164.1,,19.5,,37.9,,33.3,,23.2,,81.6,,90.4,
138738,1,65.6,,,,,,175.2,,21.4,,43,,39.2,,28.9,,86.4,,95.7,
138739,1,68.9,,,,,,162.7,,26,,37.1,,37.3,,27.4,,106.9,,102.4,
138740,1,82.1,,,,,,171.3,,28,,37.1,,35.5,,33.6,,93.9,,111.6,
138742,1,20.3,,107.7,,,,105.9,,18.1,4,,,21.6,,18.6,,58.6,,,
138743,1,99,,,,,,173.4,,32.9,,38.5,,38.4,,37.5,,110.2,,115.5,
138744,1,49.7,,,,,,158.8,,19.7,,38,,34,,25.3,,68.3,,88.5,
138745,1,70.8,,,,,,168,,25.1,,38.8,,39.1,,32.1,,88.8,,101.1,
138748,1,75.1,,,,,,165.2,,27.5,,42,,39.6,,33,,97.5,,97,
138749,1,66.5,,,,,,175.1,,21.7,,40.1,,38,,31.6,,76.4,,91,
138750,1,128.2,,,,,,161.9,,48.9,,44,,38.1,,40.1,,122.1,,149,
138751,1,76.9,,,,,,161.6,,29.4,,35,,36,,33.2,,101.9,,108.5,
138752,1,74.1,,,,,,176.5,,23.8,,42.1,,41.3,,31.8,,85,,95.3,
138753,1,24.1,,,,,,123.1,,15.9,2,,,26.2,,18.7,,51.1,,,
138755,1,72.6,,,,,,151.5,,31.6,,34,,37.2,,33,,109.5,,116.7,
138756,1,62.4,,,,,,149,,28.1,,31.6,,33.4,,28.1,,96.2,,105.4,
138757,1,59.5,,,,,,148.1,,27.1,,36.2,,33.6,,27.3,,83.1,,99.5,
138758,1,62.9,,,,,,164.7,,23.2,3,41.2,,36.4,,29.1,,75.7,,93,
138759,1,62.2,,,,,,165.8,,22.6,2,37.5,,39.4,,28.7,,84.6,,94.2,
138760,1,63.7,,,,,,169.6,,22.1,,39.1,,37.4,,33.1,,80.4,,89,
138761,1,65,,,,,,162.9,,24.5,,38,,35.8,,29.5,,83.1,,100.4,
138762,1,70.5,,,,,,173.8,,23.3,2,45,,35,,35.6,,70.5,,90.5,
138763,1,85.5,,,,,,177.5,,27.1,,42.1,,39.2,,33.6,,89,,107.3,
138764,1,67.1,,,,,,156.6,,27.4,4,37.5,,34.1,,29.1,,83.5,,105,
138765,1,61.1,,,,,,155.7,,25.2,,30.8,,34.2,,25.4,,105.1,,98.4,
138767,3,16.2,,101,,,,,1,,,,,20.3,,16.2,,55.8,,,
138768,1,101,3,,,,,182.2,,30.4,,41.5,,41.3,,35.3,,124.8,,109.1,
138769,1,82,,,,,,172.6,,27.5,4,38.8,,37.4,,31.9,,93.4,,103.2,
138770,1,77.1,,,,,,175.2,,25.1,,39.9,,40.7,,29.6,,105,,98.1,
138771,1,19.2,,108.2,,,,106.6,,16.9,3,,,20.7,,17.8,,55.2,,,
138773,1,16.3,,104.4,,,,102.3,,15.6,2,,,20,,15.6,,49.5,,,
138774,1,98.5,,,,,,172.2,,33.2,,44.4,,39.9,,35.9,,116.8,,107.2,
138775,1,67,,,,,,148.5,,30.4,,32.8,,32.2,,32.5,,96.5,,105,
138777,1,79.2,,,,,,163.9,,29.5,4,38.8,,38,,34.2,,95.9,,106.8,
138778,1,56.2,,,,,,174.4,,18.5,,39.5,,37.8,,28.8,,72.3,,86.2,
138780,1,21.6,,,,,,119.5,,15.1,2,,,24.6,,19,,53,,,
138781,1,65.6,,,,,,164.6,,24.2,2,38.2,,35.4,,30.3,,86.9,,98.2,
138782,1,15.3,,99.1,,,,99.1,,15.6,2,,,21.8,,17.2,,46.7,,,
138783,1,123.3,,,,,,177.9,,39,,42.6,,42.7,,37.9,,136.5,,133.4,
138785,1,105,,,,,,172.2,,35.4,,37.9,,36.8,,36,,124.3,,136.2,
138786,1,81.1,,,,,,172.1,,27.4,,41.5,,38.3,,34.5,,95.8,,97.8,
138788,2,24.9,3,,,,,113.7,,19.3,4,,,,1,,1,,1,,
138791,1,114.8,,,,,,171.1,,39.2,,38,,38.7,,41.1,,128.4,,136,
138792,1,112.7,,,,,,167.6,,40.1,4,39.5,,38.5,,39.4,,120.1,,127.2,
138793,1,71.7,,,,,,152.6,,30.8,,36.5,,33.1,,32.8,,106.1,,102.9,
138794,1,87.5,,,,,,167.5,,31.2,,37.8,,38.7,,35.4,,107.5,,110.3,
138795,1,67,,,,,,163.2,,25.2,,35.5,,35.8,,32.9,,86.4,,99.8,
138796,1,17.9,,,,,,109.4,,15,2,,,21.5,,17.3,,50.7,,,
138797,1,22.3,,,,,,115.3,,16.8,2,,,24.6,,19.4,,54.4,,,
138799,1,19.4,,,,,,118.1,,13.9,2,,,22.2,,16.2,,53.8,,,
138800,1,93.7,,,,,,173.7,,31.1,,41,,38.7,,35,,108.4,,103.5,
138801,1,100.6,,,,,,177.1,,32.1,,43,,40.2,,37.6,,110.6,,110.1,
138802,1,131,,,,,,163.5,,49,,35.2,,38.2,,40.9,,134.8,,142.8,
138803,1,94.2,,,,,,171,,32.2,,39,,39,,34.1,,109.4,,120,
138804,1,51.4,,,,,,159,,20.3,,37,,34.5,,25.5,,83.1,,84.1,
138805,1,58.9,,,,,,153.3,,25.1,,28.5,,36.2,,26,,90.9,,97.6,
138806,1,54.8,,,,,,148.1,,25,,35.3,,32.5,,30,,75.8,,90.6,
138808,1,116.1,,,,,,168.3,,41,,39.5,,38.5,,47.7,,122.6,,132.6,
138809,1,103.1,,,,,,160.3,,40.1,,35.6,,35.8,,38.4,,119.5,,128.4,
138810,1,124.4,,,,,,169.8,,43.1,,38,,40,,44.3,,125.9,,132.4,
138811,1,85.3,,,,,,171,,29.2,,39.9,,37.2,,32.3,,100.2,,105,
138812,1,93.1,,,,,,177,,29.7,,44,,42.1,,33.3,,99.5,,118.7,
138814,1,73.9,,,,,,165.1,,27.1,,35,,39.7,,34,,96.2,,94.5,
138815,3,76.6,3,,,,,166.7,,27.6,,,1,38,,31.1,,101.1,,,1
138816,1,67.2,,,,,,151.7,,29.2,,35.8,,34.5,,32,,102.5,,107,
138818,1,102,,,,,,175,,33.3,,41.6,,39.9,,37.3,,115.7,,108.8,
138819,1,94.6,,,,,,165.4,,34.6,,37.2,,38.2,,32.7,,117.6,,110,
138820,1,18,,,,,,106,,16,2,,,20.6,,17.9,,50.6,,,
138824,1,68.2,,,,,,167.7,,24.3,,37.8,,37,,29.9,,91.5,,90,
138825,1,88.2,,,,,,151.4,,38.5,,36.3,,38.7,,40,,106.9,,119.8,
138826,1,42.6,,,,,,160.5,,16.5,2,34.9,,34.7,,21.1,,65.4,,85.3,
138827,1,61.9,,,,,,174.6,,20.3,2,46.9,,37.2,,27.5,,71.8,,90,
138828,1,108.1,,,,,,162.7,,40.8,,37.7,,36,,41.2,,125.6,,134,
138829,1,81.1,,,,,,159.2,,32,,35.9,,39.7,,35,,111.7,,103.8,
138830,1,48.3,,,,,,152.8,,20.7,,37.7,,36.2,,25,,74.9,,87.8,
138831,1,9,,72.7,,,,,,,,,,14.5,,15.8,,,,,
138832,1,83.2,,,,,,176.1,,26.8,,39.1,,39,,33.2,,90.3,,98.5,
138833,1,107.7,,,,,,175.6,,34.9,,42.3,,39,,37.9,,112.6,,115.2,
138834,1,73,,,,,,179.1,,22.8,2,44.2,,38.3,,29.3,,81.5,,96,
138837,1,61.8,,,,,,154.1,,26,,38.4,,34.8,,28.4,,90.3,,99.3,
138838,3,93.6,,,,,,,1,,,,1,,1,,1,,1,,1
138839,1,41.5,,,,,,145.9,,19.5,,34,,32.8,,21.4,,76.3,,80.2,
138840,1,76.1,,,,,,174.8,,24.9,,38.4,,37,,28.6,,93.5,,97,
138841,2,143.8,3,,,,,165.3,,52.6,,,1,,1,,1,,1,,1
138843,1,54.4,,,,,,167.2,,19.5,2,38.1,,38,,25.4,,69.5,,94.4,
138845,1,103.1,,,,,,179.9,,31.9,,41.2,,40,,38,,112.5,,113.1,
138846,1,58,,,,,,159.9,,22.7,,37.9,,34.5,,27.6,,85.5,,99.1,
138847,1,52.6,,,,,,151.5,,22.9,,35.2,,34.6,,24.5,,84.5,,92.6,
138850,1,52.1,,,,,,148.8,,23.5,3,38.1,,33.3,,27.2,,78.5,,88.8,
138852,1,121.1,,,,,,182.3,,36.4,,46,,43.2,,39.8,,118.1,,120.9,
138853,1,66.9,,,,,,143.6,3,32.4,,30.2,,34,,32.7,,107.2,,110.7,
138854,1,86.3,,,,,,185.6,,25.1,,49.7,,41,,33.8,,89.5,,103.3,
138855,1,67.6,,,,,,160.5,,26.2,,40.2,,35,,30.6,,88,,98.2,
138856,1,56.8,3,,,,,163.8,,21.2,,38,,36,,25.9,,80.1,,87,
138857,1,78.9,,,,,,164.7,,29.1,,37.1,,37.5,,36,,100.9,,97.5,
138858,1,74.7,,,,,,176.6,,24,,43,,35.6,,34,,88.8,,97.9,
138859,1,68.8,,,,,,147.4,,31.7,,34.9,,33.2,,31.6,,84,,107.9,
138860,4,,,,,,,,,,,,,,,,,,,,
138863,1,58.6,,,,,,160.8,,22.7,2,35,,35.1,,28.9,,76,,93.6,
138864,1,55.1,,,,,,156.1,,22.6,3,37.9,,35.8,,26.5,,80,,,
138865,1,68,,,,,,158.5,,27.1,,36.4,,38,,32.6,,90.3,,104.8,
138868,1,148.1,,,,,,174.3,3,48.7,,40,,40,,46.6,,145.6,,133,
138870,1,94.7,,,,,,165.1,,34.7,4,39.8,,38.4,,37.2,,105.4,,114.2,
138871,1,122.4,,,,,,185.2,,35.7,,42.6,,41.2,,42.5,,115.5,,118.5,
138872,1,92.8,,,,,,183.1,,27.7,,43.3,,42.6,,37,,99.8,,110.6,
138873,1,62.1,,,,,,148.8,,28,,35.2,,33.3,,27.6,,100.9,,100.8,
138875,1,89.7,,,,,,173.5,,29.8,,38.9,,37,,34.5,,100,,103.2,
138877,1,97.7,,,,,,178.3,,30.7,,40.7,,40.8,,35.6,,114.7,,111.4,
138878,1,60.7,,,,,,166.8,,21.8,,39.4,,37.8,,27.1,,73.5,,95.6,
138879,1,124.4,,,,,,165.6,,45.4,,39.3,,39.3,,45.8,,122.9,,138.3,
138880,1,56.7,,,,,,160.9,,21.9,,35.6,,33.6,,29.9,,84,,92.6,
138882,1,74.4,,,,,,170.9,,25.5,,41.1,,37,,29.5,,88.7,,108.3,
138883,1,97.3,,,,,,163.4,,36.4,,38.4,,36.4,,35.4,,125.4,,119.9,
138884,2,126.1,,,,,,177.4,,40.1,,,1,,1,,1,,1,,1
138888,1,74.1,,,,,,170.1,,25.6,,33.9,,37.6,,30.4,,103.4,,101.1,
138889,1,74.7,,,,,,174.1,,24.6,,40,,40.5,,30.4,,94.2,,97,
138890,1,57.9,,,,,,159.2,,22.8,,36.7,,37.1,,28.6,,86,,92,
138891,3,114.8,,,,,,164.4,,42.5,,,,39.4,,41.9,,124.7,,135.9,
138892,1,64.4,,,,,,158.1,,25.8,4,39,,34.2,,29.3,,81.3,,,
138893,1,91.3,,,,,,182.9,,27.3,,44.9,,41.8,,33,,100.8,,104,
138894,1,68.2,,,,,,159,,27,,39.8,,39.5,,30.4,,98.5,,103.5,
138895,1,104.2,,,,,,160.6,,40.4,4,39.3,,38.7,,45.5,,119.9,,130.1,
138896,3,63,3,,,,,166.4,,22.8,,,1,38.2,,26.3,,90.6,,,1
138897,1,98.3,,,,,,154.5,,41.2,,37.5,,32,,37.5,,113.7,,123.7,
138899,1,119.8,,,,,,182.2,,36.1,4,47.3,,44,,42.3,,114.5,,125.2,
138900,1,21.8,,,,,,112.1,,17.3,3,,,23.3,,18,,57.2,,,
138901,1,76,,,,,,176.2,,24.5,,41.1,,40.7,,29.5,,91,,96,
138902,1,87.9,,,,,,179.3,,27.3,,40.3,,40.5,,31.3,,108.6,,106.2,
138903,1,90.9,,,,,,168.5,,32,,37.4,,40.6,,36.6,,106.2,,100.9,
138905,3,56.7,,,,,,155.5,,23.4,,34.3,,35.8,,,1,87.1,,,1
138906,1,58.9,,,,,,155,,24.5,4,38.2,,34.2,,29.3,,84.3,,,
138907,1,70.2,,,,,,181.1,,21.4,,44.1,,39,,30,,80.6,,96,
138910,1,61.6,,,,,,157.5,,24.8,,36.7,,36.6,,28,,87.2,,96,
138911,1,29.6,,,,,,153.7,,12.5,1,34.7,,31.1,,18.2,,55.6,,,
138912,1,83.5,,,,,,160.3,,32.5,,33.3,,39.4,,36.1,,111.1,,113.2,
138913,1,79.7,,,,,,160.9,,30.8,,37.1,,37.3,,34,,97.5,,109.8,
138914,1,87.5,,,,,,163.9,,32.6,4,35.5,,37.2,,32.6,,100,,112.5,
138915,1,63.3,,,,,,153.1,,27,,37,,36.4,,33.8,,92.2,,92.7,
138916,1,71.6,,,,,,167.2,,25.6,,40.5,,36.7,,28.5,,88.8,,109.4,
138918,1,88.5,,,,,,156.6,,36.1,,31.7,,38,,37.3,,112.4,,122.8,
138920,1,70,,,,,,181.8,,21.2,2,43,,40.3,,27.2,,73,,96.8,
138921,1,74.1,,,,,,166.2,,26.8,,38.2,,36.3,,32.4,,88.5,,109.2,
138922,1,54.7,,,,,,158.1,,21.9,2,34.3,,34.5,,26.4,,73.5,,93,
138923,1,66.9,,,,,,177,,21.4,2,40.5,,37.4,,28.8,,82.4,,102,
138926,1,75.6,,,,,,159.8,,29.6,,35.3,,37.2,,33.2,,96,,100.2,
138927,1,40.4,,,,,,144.4,,19.4,2,33.9,,31.7,,21.9,,66.5,,,
138928,1,63.5,,,,,,168.3,,22.4,,38.3,,37.8,,26.9,,87.5,,98.8,
138929,1,55.4,,,,,,160.7,,21.5,,40.4,,35,,26.2,,81.2,,97.3,
138930,1,100.3,,,,,,163.1,,37.7,,37.8,,37.4,,35.7,,122.3,,131.9,
138931,1,103.4,,,,,,177.9,,32.7,4,41.9,,38.3,,37.2,,107.7,,117,
138935,1,90.7,4,,,,,166.2,,32.8,,33.6,,37.9,,36.7,,111.3,,106.6,
138936,1,102.1,,,,,,172.6,,34.3,,45.5,,40.5,,34.5,,115.4,,115.4,
138937,1,64.5,,,,,,165.9,,23.4,,38,,37.5,,25.8,,88.8,,95,
138939,1,89.4,,,,,,166.1,,32.4,,35.5,,41.1,,31.1,,118.9,,113.8,
138940,1,63.5,,,,,,152.2,,27.4,,35.4,,36.7,,34,,84,,92.3,
138941,1,78.7,,,,,,173.1,,26.3,,41.2,,40,,32,,94.7,,111.5,
138942,1,78.1,,,,,,163.3,,29.3,,37,,38,,33.5,,88.5,,116.5,
138943,1,88.6,,,,,,171.3,,30.2,,41.1,,38.1,,34.6,,111.7,,107.2,
138944,1,42.3,,,,,,145.8,,19.9,2,32.9,,31.7,,22.9,,69.6,,,
138945,1,59.4,,,,,,162,,22.6,,37.2,,34.8,,29.6,,81.9,,96.5,
138946,1,71.7,,,,,,172.7,,24,,38.8,,37,,31.2,,96.4,,96.6,
138947,1,91.3,,,,,,158.6,,36.3,,34.3,,34.6,,34.9,,105,,120.7,
138948,1,24.3,,,,,,126.2,,15.3,2,26.7,,23.5,,18.4,,52,,,
138949,1,122.3,,,,,,164.5,,45.2,,37,,37.7,,42.9,,138.1,,141.5,
138950,1,118.4,,,,,,163.3,,44.4,,34.2,,31.5,,42.2,,128.9,,140.7,
138951,3,63.3,3,,,,,165.8,,23,,,1,35.6,,27.6,,92.1,,,1
138953,1,66,,,,,,162.7,,24.9,,39,,38,,28.7,,88.1,,101.2,
138954,1,46.7,,,,,,136.7,,25,4,30,,29.3,,26.2,,83.6,,,
138955,1,75.3,,,,,,154.8,,31.4,,34,,33.3,,28.5,,118.9,,117.2,
138956,1,63.9,,,,,,161.4,,24.5,,35.7,,35.1,,29.9,,82,,99.8,
138958,1,17.6,,,,,,112.6,,13.9,2,,,23,,15,,50.1,,,
138959,3,69.2,3,,,,,170.7,,23.7,,40,,37.2,,25.3,,100.2,,,1
138960,1,75.1,,,,,,176.8,,24,,40.1,,40.9,,31,,100.5,,97.4,
138962,1,52.7,,,,,,150.1,,23.4,,31,,34.8,,26.8,,87.9,,94,
138963,1,53,,,,,,160.3,,20.6,,37.4,,34.5,,27.3,,82.8,,90.6,
138964,1,49.9,,,,,,169.1,,17.5,,39.2,,35.4,,23.3,,69.2,,86,
138965,1,83.9,,,,,,152.8,,35.9,,36.7,,34.5,,37,,88.8,,121.5,
138967,1,75,,,,,,169.4,,26.1,,36,,36.8,,29.7,,100.3,,107.2,
138968,1,103.7,,,,,,157,,42.1,,37.2,,40.6,,42.8,,108.7,,124.6,
138969,1,68.2,,,,,,166.1,,24.7,,39.3,,34.6,,30.7,,81.9,,99.2,
138970,2,58.1,,,,,,151.9,,25.2,2,,1,,1,,1,,1,,1
138971,1,87.6,,,,,,174,,28.9,,43.6,,36.5,,36.8,,99.2,,111,
138972,1,85.9,,,,,,167.7,,30.5,,36,,36.5,,31.8,,105.3,,114.3,
138973,1,131.9,,,,,,171.2,,45,,41.4,,39,,40.7,,131,,143.2,
138974,1,30.5,,,,,,138.5,,15.9,2,32,,29.8,,19.4,,59.6,,,
138975,1,15.6,,,,,,102.5,,14.8,2,,,20,,15.7,,49,,,
138977,1,14.9,,98.2,,,,96.5,,16,2,,,19.5,,16,,48.5,,,
138978,1,67.5,,,,,,159.8,,26.4,,35.6,,35.2,,29.7,,94.5,,107.4,
138980,1,38.1,,,,,,153.1,,16.3,2,38.7,,33.1,,22.8,,63.8,,,
138983,1,63,,,,,,161.5,,24.2,,39.5,,36.8,,29.6,,76.2,,101.9,
138984,1,88.3,,,,,,174.6,,29,,38.3,,37.2,,32.6,,109.5,,99.6,
138985,1,59.7,,,,,,154.6,,25,,33.3,,36.9,,31,,83.1,,93.3,
138989,1,108.4,,,,,,178.6,,34,,42,,43.5,,38,,120.2,,111,
138990,1,47.8,,,,,,147.7,,21.9,,31.8,,35.1,,25.1,,81.6,,85.6,
138993,1,83,,,,,,155.7,,34.2,4,37.6,,33.5,,33.8,,104,,116.6,
138994,1,18.2,,,,,,108.5,,15.5,2,,,24,,16.7,,56.9,,,
138996,1,68.9,,,,,,160.4,,26.8,,36.6,,35.6,,31.4,,84.4,,102.9,
138997,1,39.8,,,,,,153.4,,16.9,2,36.1,,31.8,,22.9,,63.2,,83.7,
138998,1,96,,,,,,172.5,,32.3,,42,,39,,37,,109,,110,
138999,1,115.2,,,,,,167,,41.3,,36.8,,37.8,,38.8,,132.7,,133.1,
139001,1,42.9,,,,,,153.1,,18.3,,34.3,,32,,23,,67,,84,
139003,1,132.5,,,,,,177.7,,42,4,45.5,,39.5,,44.5,,134.4,,134.3,
139004,1,46.2,,,,,,174.3,,15.2,,39.4,,39.4,,20.4,,73.7,,78.8,
139006,3,14.4,,,1,,,,1,,,,,19.1,,16.8,,,,,
139007,1,9.4,,79.2,,,,,,,,,,15.7,,14.5,,,,,
139008,4,,,,,,,,,,,,,,,,,,,,
139009,1,70.4,,,,,,179,,22,,41.6,,41.7,,28.9,,98.3,,95.7,
139010,1,105.6,,,,,,185.5,,30.7,,38.2,,41.7,,35.6,,112,,114,
139011,2,68.6,3,,,,,165.6,,25,,,1,,1,,1,,1,,1
139013,1,72.5,,,,,,150.8,,31.9,,36.5,,34.5,,33.2,,100.5,,105,
139014,1,82.8,,,,,,186.2,,23.9,2,41.4,,40.3,,31.3,,79,,102,
139015,1,59.5,,,,,,162.6,,22.5,3,37.6,,37.2,,26.9,,79.2,,94.2,
139016,1,79.2,,,,,,158.1,,31.7,,35.8,,33.5,,31.9,,98.5,,118,
139017,1,55.9,,,,,,154.9,,23.3,2,36.9,,36,,27.5,,77.4,,91.5,
139018,1,50,,,,,,169.4,,17.4,1,37.5,,35.1,,23.8,,70.4,,89,
139019,1,74.6,,,,,,168.3,,26.3,,40.6,,38,,31.5,,94.2,,105.8,
139020,1,77.2,,,,,,167.7,,27.5,4,42.7,,37.2,,31.3,,85.7,,104.7,
139021,1,75.7,,,,,,155.3,,31.4,4,39.5,,36,,36.8,,90.3,,,
139023,1,17.8,,,,,,112.8,,14,2,,,23,,15,,46,,,
139024,1,54.4,,,,,,168.1,,19.3,,37.5,,38.9,,26.5,,85.2,,92.9,
139026,1,110.3,,,,,,163.7,,41.2,,35.5,,40.1,,43.4,,136,,145.8,
139027,1,114.3,,,,,,154.2,,48.1,,36,,37,,47,,133.2,,145,
139029,1,66.1,,,,,,162,,25.2,,36.2,,37.7,,31,,91,,94.2,
139033,1,92.9,,,,,,166.2,,33.6,,39.6,,39,,39.8,,111.7,,120,
139034,1,17.3,,,,,,107.7,,14.9,2,,,21.3,,16.1,,51.5,,,
139035,1,26.5,,,,,,129.4,,15.8,2,,,27,,18.7,,55,,,
139036,1,59.2,,,,,,148.7,,26.8,,36,,33.2,,28.1,,92.7,,102.2,
139037,1,50.8,,,,,,157.2,,20.6,,35.6,,34.6,,25.8,,79.5,,93.1,
139038,1,94.6,,,,,,166.8,,34,,37.5,,37.1,,36.3,,110.5,,111,
139040,1,92.1,,,,,,176.7,,29.5,4,40.4,,36.8,,34.7,,104.2,,111,
139042,1,56.7,,,,,,171.3,,19.3,,39,,37.8,,27.5,,72.1,,89.7,
139044,1,74.5,,,,,,157.6,,30,,34.3,,32.8,,29.2,,108.6,,110.7,
139046,1,49.5,,,,,,155.3,,20.5,,37.1,,35.7,,24.2,,80.4,,87.9,
139047,1,60.7,,,,,,158.9,,24,,38.3,,33.3,,31.5,,79.5,,93.3,
139048,1,86.2,,,,,,176.7,3,27.6,,45.5,,45.5,,31.6,,99.8,,103.9,
139049,1,63.2,,,,,,167.4,,22.6,2,39.4,,37.3,,27.5,,81.3,,99.5,
139050,1,98.5,,,,,,164.6,,36.4,,32.5,,37.8,,36.5,,125.9,,121.8,
139055,1,21.4,,,,,,119.5,,15,2,,,25.9,,17.1,,52.5,,,
139061,1,63.3,,,,,,150.4,,28,,37,,34.5,,30.1,,86.4,,108.3,
139062,1,107.6,,,,,,158.7,,42.7,,38.5,,36.6,,44.6,,106.7,,139.7,
139064,1,29.6,,,,,,136.8,,15.8,2,30.8,,28.6,,20.1,,58.4,,,
139066,1,64.9,,,,,,158.5,,25.8,,38,,38.9,,30.9,,99.5,,89.9,
139067,1,48.6,,,,,,150.6,,21.4,,34.5,,35.2,,23.8,,76.5,,92.8,
139068,1,54,,,,,,152.2,,23.3,3,33.8,,34.2,,27.4,,75,,90,
139071,3,14.4,,,1,,,98.1,,15,2,,,21.4,,15.1,,48.4,,,
139072,1,85.5,,,,,,184.7,,25.1,,43.4,,43.1,,33.5,,102.1,,99,
139073,2,133,,,,,,179.4,,41.3,,,1,,1,,1,,1,,1
139074,1,102.5,,,,,,158.4,,40.9,,38.3,,35.5,,38.5,,111.6,,125.4,
139076,1,67.1,,,,,,165.2,,24.6,2,39.6,,33.8,,30,,83.5,,103.4,
139077,1,70.2,,,,,,171.8,,23.8,,38.5,,35.2,,28,,93.4,,95.4,
139078,1,60.2,,,,,,158.1,,24.1,,35.5,,32.4,,29.2,,80.4,,91.4,
139079,1,79,,,,,,164.1,,29.3,,38.5,,35.9,,33.7,,90.5,,107,
139080,1,8.5,,70.7,,,,,,,,,,12.3,,14.7,,,,,
139081,1,108.2,,,,,,161.4,,41.5,,36.2,,40.4,,45.6,,123.1,,122.4,
139082,1,91.7,,,,,,170,,31.7,,39.2,,38,,34.8,,106,,104.1,
139084,1,104.7,,,,,,159.7,,41.1,,36.9,,37.5,,45,,117.5,,129,
139085,1,87.7,,,,,,182.4,,26.4,,43.3,,42,,30.6,,102.3,,104.4,
139087,1,18.8,,,,,,115,,14.2,2,,,22.5,,16.9,,51.2,,,
139088,1,89.3,,,,,,157.1,,36.2,,32.6,,37,,41.4,,116.1,,117.8,
139089,1,95,,,,,,177,,30.3,,38.7,,41.1,,36,,111.7,,100.9,
139090,1,86.8,,,,,,169.7,,30.1,,42.4,,39.1,,35.3,,104.9,,100.4,
139091,1,9,,71.4,,,,,,,,,,13,,15.5,,,,,
139092,1,54,,,,,,165.5,,19.7,2,38.7,,37.3,,25,,69,,87.6,
139093,1,107.2,,,,,,164.7,,39.5,,34,,37.6,,40.9,,116.1,,131,
139094,1,69.1,,,,,,168.2,,24.4,,39.1,,39,,33.8,,91.3,,91.6,
139096,1,72.9,,,,,,167.8,,25.9,,38.2,,36.7,,29,,93,,108.6,
139097,1,67.6,,,,,,165,,24.8,,36.1,,35,,32.1,,91.9,,92.2,
139098,1,21.5,,,,,,109.5,,17.9,3,,,23.2,,20.2,,57.5,,,
139099,1,11.1,,77.9,,,,,,,,,,15,,17.2,,,,,
139100,1,115.1,,,,,,164.6,,42.5,,40.5,,37.7,,44.6,,117,,131.4,
139102,1,126.8,,,,,,178.1,,40,,38.2,,44,,40.6,,128.7,,114.7,
139104,1,90.3,,,,,,164.2,,33.5,,32.8,,36,,37.4,,115.5,,109,
139105,2,12.8,3,80.1,,,,,,,,,,,1,,1,,,,
139106,1,87.1,,,,,,141.3,,43.6,4,31.6,,35.4,,38.3,,117.3,,120.4,
139110,1,16.2,,,,,,100.3,,16.1,2,,,21.4,,17.5,,51.1,,,
139111,1,61.4,,,,,,168.6,,21.6,,42.1,,38.2,,27.8,,79.4,,91.6,
139114,1,101.6,,,,,,170.3,,35,4,40.7,,41.2,,36.6,,108.7,,121.8,
139115,1,79.2,,,,,,161.8,,30.3,,37.3,,35.8,,28,,110.9,,104.9,
139117,1,93.8,,,,,,169.1,,32.8,,35.6,,36.4,,35.7,,118.9,,120.1,
139118,1,75.2,,,,,,182,,22.7,,45.3,,42.8,,29.5,,94.3,,98.5,
139119,1,86,,,,,,176.8,,27.5,,42.6,,36.7,,33.1,,91.9,,105.4,
139120,1,81.2,,,,,,177,,25.9,,43.5,,39.4,,31.8,,99.6,,100.4,
139121,1,80.4,,,,,,176.4,,25.8,,41.7,,38.9,,32.1,,94.9,,105.7,
139122,1,76.3,,,,,,158,,30.6,,37.3,,37,,33.4,,95.9,,106.7,
139123,1,88.5,,,,,,178,,27.9,,42,,36.1,,33.2,,101.4,,103,
139124,1,87.3,,,,,,190.6,,24,,41.8,,40.3,,32.1,,90.6,,107,
139125,1,87.5,,,,,,175.8,,28.3,,41.9,,41.2,,34.8,,95.9,,101.7,
139126,1,63,,,,,,148.3,,28.6,,32,,34,,35.8,,89.9,,103.8,
139127,1,14.9,,,,,,98.5,,15.4,2,,,21.7,,17,,48.2,,,
139128,1,86.7,,,,,,167.8,,30.8,,34.5,,36.7,,33.6,,107.6,,97.4,
139129,1,81.5,,,,,,165.8,,29.6,,37.9,,37,,34.5,,101.7,,108.2,
139130,1,94.6,,,,,,175.3,,30.8,,41,,39,,34.7,,110.6,,108.6,
139132,1,59.7,,,,,,160,,23.3,2,36.5,,35.5,,29.3,,80.3,,98.7,
139133,1,102.8,,,,,,179.2,,32,,39,,40,,35.3,,114,,115.8,
139136,1,89.6,,,,,,164.6,,33.1,,40.8,,37.4,,38.3,,105.3,,104.7,
139138,1,72.1,,,,,,170,,24.9,,41.2,,39,,31.1,,96.4,,98.3,
139139,1,116.9,,,,,,195.9,,30.5,,45.5,,44,,35.7,,132.5,,115.4,
139140,1,96.5,,,,,,159.8,,37.8,,35.9,,38.6,,37.8,,118.1,,132.3,
139141,1,90.7,,,,,,171.8,,30.7,,40.2,,38.5,,34.1,,116,,107.2,
139142,1,23.1,,,,,,122.9,,15.3,2,,,25.5,,17.4,,55,,,
139143,1,32.5,,,,,,138.8,,16.9,2,,,26.6,,20.1,,62.7,,,
139144,1,73.2,,,,,,161.1,,28.2,,33.3,,38.6,,30.4,,102,,92.7,
139145,1,51.7,,,,,,161.5,,19.8,,34.5,,32.8,,25.7,,76.8,,88,
139147,1,104.4,,,,,,169.1,,36.5,4,43.1,,40.6,,39.5,,109.1,,118.2,
139148,1,88.3,,,,,,156.3,,36.1,,35.4,,38.9,,37.6,,107.8,,115.5,
139149,1,109.3,,,,,,166.2,,39.6,,34.4,,35.2,,39,,115.5,,146,
139150,1,62.4,,,,,,161.3,,24,,42.2,,35.4,,30.7,,96,,91.4,
139153,3,133.1,,,,,,161.2,,51.2,,,1,35.1,,46.8,,144.7,,150.1,
139154,1,71.1,,,,,,171.8,,24.1,3,42.5,,38,,30.6,,83.2,,97.4,
139156,1,65.9,,,,,,170.2,,22.7,,40,,39.6,,29.3,,79.5,,98.8,
139157,1,53.6,,,,,,154.4,,22.5,,36.2,,35,,27.4,,78.4,,92,
139158,1,80.4,,,,,,179.2,,25,,41.3,,38.3,,34.8,,92.6,,103,
139159,1,106.9,,,,,,159.3,,42.1,,38.4,,38.5,,42.6,,113.9,,128.4,
139160,1,97,,,,,,172.7,,32.5,,34.8,,40.3,,34.5,,117.7,,115.1,
139161,1,74,,,,,,160.6,,28.7,,36,,39,,33.5,,98.1,,105.1,
139162,1,71.9,,,,,,171.7,,24.4,,39.9,,41.2,,28.9,,90,,94.5,
139163,1,102.2,,,,,,159.4,,40.2,,35.6,,33.5,,39.5,,123.8,,120.9,
139164,1,78.2,,,,,,165.8,,28.4,,34.8,,38.2,,37.9,,97.7,,104.9,
139166,2,9.7,,79.3,,,,,,,,,,,1,,1,,,,
139167,1,28.1,,,,,,128.7,,17,2,,,27.7,,20,,61.4,,,
139169,1,64.1,,,,,,179.5,,19.9,2,42,,40.2,,26.7,,72,,92.5,
139171,1,104.6,,,,,,169.7,,36.3,,41,,39.7,,35.9,,132.3,,116.1,
139172,1,76.8,,,,,,154.3,,32.3,,39.4,,37.2,,37.3,,95.8,,104.3,
139173,1,83,,,,,,163.7,,31,,36.5,,37.3,,33.4,,106.4,,104,
139174,1,91.8,,,,,,177.3,,29.2,,42.2,,40.9,,35.7,,97.9,,110.1,
139176,1,64.8,,,,,,158.1,,25.9,4,38.1,,35.8,,27.9,,90.6,,,
139179,1,107.4,,,,,,174.3,,35.4,4,39.1,,37.2,,39.2,,103.4,,119.4,
139180,1,58.3,,,,,,165.9,,21.2,,36.2,,37.5,,27,,86.4,,88.2,
139181,1,73.3,,,,,,173.7,,24.3,,41.7,,38.4,,35.2,,79.6,,95.8,
139182,1,84.5,,,,,,169.8,,29.3,,35.5,,38,,34.5,,105.5,,118.2,
139183,1,54.3,,,,,,156.4,,22.2,3,38.2,,35.7,,25.4,,71.8,,94.5,
139184,1,95.6,,,,,,169.3,,33.4,,39.4,,38.4,,38.4,,112.1,,110.1,
139185,1,21.6,,,,,,110.4,,17.7,3,,,23,,19.1,,52.2,,,
139186,1,95.3,,,,,,168.3,,33.6,,39.3,,38,,33.7,,117.1,,108.7,
139187,1,61.9,,,,,,155.2,,25.7,3,40,,34,,33.2,,71.2,,95.7,
139188,1,83.3,,,,,,176.7,,26.7,,41,,40.6,,34,,100.3,,101.7,
139189,1,40.9,,,,,,144.4,,19.6,3,33.2,,29.5,,23.3,,75.7,,,
139192,1,22.7,,,,,,111,,18.4,4,,,22.4,,19.6,,60.4,,,
139193,2,122.3,,,,,,157.5,,49.3,,,1,,1,,1,,1,,1
139194,1,78,,,,,,183,,23.3,,45,,42.5,,30.4,,87.8,,99.4,
139195,1,76.8,,,,,,167.1,,27.5,,36,,37.2,,33,,105.4,,100.1,
139196,1,106.4,,,,,,163.8,,39.7,4,39.5,,36.8,,42,,114.9,,126.5,
139197,1,86.5,,,,,,178,,27.3,,45,,39.7,,31,,111.3,,102,
139198,1,107.9,,,,,,163.6,3,40.3,,35.4,,36,,39.3,,130.6,,136,
139200,1,71.4,,,,,,177.4,,22.7,,40,,39,,30.4,,89.8,,98.6,
139201,1,127,,,,,,156.6,,51.8,,33.9,,39.3,,49.9,,135,,143.7,
139202,1,84.1,,,,,,162.3,,31.9,,40.2,,36.6,,32.3,,106.4,,116,
139203,1,86.1,,,,,,155.9,,35.4,,30.9,,34.8,,36.6,,115.7,,125.8,
139205,1,55.2,,,,,,167.6,,19.7,,40.2,,38.8,,26.9,,82.2,,94,
139208,1,74.9,,,,,,170.1,,25.9,,42.7,,36.8,,30.6,,90.6,,103.1,
139209,1,82.1,,,,,,168.7,,28.8,,39,,39.4,,35.5,,98,,115.7,
139211,1,58.8,,,,,,173.5,,19.5,,39.9,,38.1,,26.3,,74,,90.6,
139212,1,68.3,,,,,,162.7,,25.8,,35.6,,39.4,,30.4,,93.6,,101.6,
139213,1,84.3,,,,,,158.2,,33.7,,34.6,,35.8,,34.5,,105,,112,
139215,1,54.5,,,,,,153.8,,23,3,35.5,,32,,26,,71.8,,93,
139216,1,142.2,,,,,,165.7,,51.8,,40.6,,42.5,,50.6,,134,,149.2,
139219,1,37.5,,,,,,144.9,,17.9,2,33.4,,29.6,,21.5,,63.2,,,
139220,1,80.7,,,,,,152.5,,34.7,4,38.6,,34,,36.9,,107.6,,,
139221,1,60,,,,,,153.6,,25.4,,34.7,,33.5,,30.4,,83.9,,97,
139223,1,155.5,,,,,,175.3,,50.6,,33.7,,42.8,,47,,151.1,,151.4,
139224,1,71.5,,,,,,170,,24.7,,41.1,,39,,32.5,,87.2,,104.4,
139225,1,78,,,,,,179.6,,24.2,,41.1,,39.3,,31,,90,,99,
139227,1,90.2,,,,,,153.9,,38.1,,34.8,,36,,39.5,,112,,126.7,
139228,1,70.2,,,,,,166,,25.5,,39,,38.5,,30.3,,97.8,,95,
139229,1,49.5,,,,,,156.1,,20.3,,35.5,,32,,26.9,,68,,90,
139230,1,20.5,,,,,,105.4,3,18.5,4,,,21.3,,19.4,,55.9,,,
139231,1,107.3,,,,,,174.5,,35.2,,41.9,,41.1,,39.8,,120.9,,121.6,
139232,1,68.1,,,,,,169.5,,23.7,,40.2,,38,,30.8,,91.8,,97.4,
139233,1,42.1,,,,,,150.2,,18.7,2,36.5,,30.6,,23.4,,73.5,,85.3,
139234,1,95,,,,,,157.3,,38.4,,32.3,,34.4,,35.5,,124.9,,121.5,
139235,1,105.8,,,,,,178.6,,33.2,,42.7,,39.4,,38.7,,117.1,,125.6,
139236,1,155.4,,,,,,184.4,,45.7,,40.2,,42,,47.8,,150.3,,139.8,
139237,1,84.9,,,,,,163.9,,31.6,,40.5,,36.5,,36.5,,101.7,,115.7,
139238,1,63.9,,,,,,155.3,,26.5,4,40.3,,36.5,,29.8,,74,,92.3,
139239,3,89.7,3,,,,,167.1,,32.1,,,1,,1,,1,107.9,,,1
139241,1,33.8,,,,,,129.6,,20.1,2,31.3,,27.9,,23.3,,66.3,,,
139242,1,16.7,,,,,,103.5,,15.6,2,,,22,,17.8,,51.4,,,
139243,1,22.1,,,,,,122.2,,14.8,2,,,25.3,,18.4,,53.3,,,
139244,1,78.5,,,,,,177,,25.1,,39.6,,38,,32.7,,97.3,,100.3,
139246,3,110.6,,,,,,175.7,,35.8,,38.4,,44,,37.9,,,1,,1
139247,1,32.4,,,,,,134.4,,17.9,2,29.8,,27.3,,21.4,,66.3,,,
139248,1,72.4,,,,,,170.9,,24.8,2,40.7,,39,,30.1,,78.3,,92.4,
139249,1,67.2,,,,,,173.3,,22.4,,39.1,,38.5,,28,,89.3,,93.2,
139250,1,60.4,,,,,,146.7,,28.1,4,36.9,,35.6,,29.2,,95.5,,,
139251,1,68.2,,,,,,152.1,,29.5,4,36.6,,34.8,,34.4,,91.5,,98.9,
139252,1,55.9,,,,,,159.2,,22.1,,35.6,,35,,27.6,,76,,96,
139253,1,52.3,,,,,,162.1,,19.9,,36.2,,34.9,,26.8,,78.8,,89.8,
139254,1,30.3,,,,,,136.7,,16.2,2,33,,29.4,,19.8,,60.5,,,
139256,1,93.3,,,,,,158.2,,37.3,,35.8,,38.4,,40,,114.5,,116.5,
139257,1,59.3,,,,,,164.6,,21.9,2,42,,37,,28.5,,79.8,,91.6,
139258,4,,,,,,,,,,,,,,,,,,,,
139259,1,80.5,,,,,,158.6,,32,,33.2,,36.3,,34,,105,,108,
139260,1,70.8,,,,,,171,,24.2,,35.8,,39.3,,29.5,,90.8,,92.7,
139261,1,81.2,,,,,,177.1,,25.9,,42.4,,41,,34,,102.5,,103.7,
139263,1,22.9,,,,,,119.7,,16,2,,,25.3,,18.9,,50.6,,,
139264,1,57,,,,,,155.5,,23.6,,36.6,,34,,27.3,,77.1,,97.2,
139265,1,101.1,,,,,,155,,42.1,,31.5,,32,,51,,114.4,,127.5,
139266,1,72.1,,,,,,165,,26.5,,41.1,,36.5,,30.6,,84.9,,108.5,
139268,1,97.3,,,,,,183.4,,28.9,,42,,43,,37.5,,109.5,,107.1,
139269,1,80.5,,,,,,172.3,,27.1,,37.4,,37.7,,32.6,,92.6,,109.4,
139270,1,52.7,,,,,,162.2,,20,,34.5,,35.3,,27.1,,81.1,,88.4,
139272,1,51.8,,,,,,155.4,,21.5,3,40,,33.5,,27.8,,68.6,,87.1,
139274,1,53.2,,,,,,156.3,,21.8,,35.2,,34.5,,26.5,,76.8,,93.3,
139283,1,27.6,,,,,,133.9,,15.4,2,32.6,,28.2,,19,,57.8,,,
139285,1,84.1,,,,,,170.7,,28.9,,40.2,,45.9,,31,,111.3,,105.4,
139286,1,17.2,,,,,,101.4,,16.7,2,,,21,,17,,47.7,,,
139287,1,59.4,,,,,,165.1,,21.8,,34.1,,36.2,,26.6,,77.6,,94.1,
139288,1,122.5,,,,,,165.7,,44.6,,33,,38,,41.6,,124,,135.5,
139290,1,94,,,,,,158.6,,37.4,,37.2,,34.4,,32.5,,120.7,,127.2,
139291,1,31.6,,,,,,146.1,,14.8,2,37.5,,31.5,,20.4,,61.2,,,
139292,1,94.3,,,,,,177.6,,29.9,,41.3,,41.3,,36.1,,106.3,,108,
139294,1,156.6,,,,,,182.5,,47,,44,,43,,43.8,,149,,133.4,
139295,1,11.8,,78,,,,,,,,,,15.5,,17,,,,,
139296,2,17.3,,,1,,,111.3,,14,2,,,,1,,1,,1,,
139297,1,54.8,,,,,,141,,27.6,,26.3,,32.5,,31.6,,95.7,,95.8,
139298,1,24.6,,,,,,120.4,,17,2,,,25.9,,19.1,,56.4,,,
139300,1,61.5,,,,,,161.5,,23.6,,35.5,,35.7,,28.8,,83.6,,97,
139301,1,60.5,,,,,,164.6,,22.3,,35.8,,36.1,,27.6,,92.4,,97,
139302,1,95.6,,,,,,168.4,,33.7,,40.7,,40.5,,37.6,,106.9,,109.1,
139303,1,70.3,,,,,,154.8,,29.3,,34.1,,33.5,,30.6,,94.5,,108.7,
139304,1,85.1,,,,,,175.1,,27.8,,43,,40.7,,37,,101.6,,102.3,
139305,1,73.3,,,,,,157.3,,29.6,,36.8,,36.5,,32.8,,100.7,,99.6,
139306,1,13.6,,92.3,,,,90.3,,16.7,2,,,18,,17,,46.1,,,
139308,1,69.8,,,,,,165.6,,25.5,,40.2,,36,,27.7,,73.7,,97,
139309,1,75.1,,,,,,159.9,,29.4,,32.1,,37.1,,33.5,,110.1,,110.4,
139310,1,72.8,,,,,,154.7,,30.4,,32.9,,34.6,,29.2,,107.8,,105.9,
139311,1,54.5,,,,,,175.8,,17.6,1,43.5,,37.5,,24.5,,68.6,,87.7,
139312,1,81.2,,,,,,168,,28.8,,38,,38,,34,,99.6,,111.4,
139313,1,7.6,,64.9,,41.2,,,,,,,,11.5,,15.8,,,,,
139314,1,64.5,,,,,,149.4,,28.9,,29.5,,35,,30.4,,91.3,,99.3,
139315,1,77.5,,,,,,176.5,,24.9,,37.5,,38.7,,32.2,,93.2,,99,
139316,3,13.9,,,1,,,,1,,,,,,1,,1,,1,,
139317,1,70.4,,,,,,173.7,,23.3,,40.6,,39.5,,31.6,,80.9,,98,
139318,1,20,,,,,,113.1,,15.6,2,,,24.3,,17.1,,50.7,,,
139319,1,51.7,,,,,,172.2,,17.4,1,38.9,,36.3,,24.9,,68.5,,85,
139320,1,42,,,,,,149.5,,18.8,2,35.4,,33,,22.2,,62.5,,,
139321,1,61.6,,,,,,159.1,,24.3,,37.5,,33.6,,29.2,,79.6,,99.3,
139322,1,119.4,,,,,,171.9,,40.4,,38.6,,37.3,,42.5,,123.7,,124.6,
139323,1,79.9,,,,,,164.1,,29.7,,40.8,,39.1,,34.2,,85.7,,111,
139325,1,73.6,,,,,,153.2,,31.4,,35,,38,,35.7,,98.8,,105.5,
139326,1,92.3,,,,,,170.9,,31.6,,42.4,,37,,36,,105.4,,109.1,
139327,1,23.6,,,,,,115.4,,17.7,3,,,23.5,,19.5,,55,,,
139329,1,96.5,,,,,,165.8,,35.1,,36,,39,,37.5,,112.5,,110.2,
139330,1,28.7,,,,,,133.2,,16.2,2,29.5,,28.3,,19.4,,60.6,,,
139331,1,78.7,,,,,,191.4,,21.5,,43.6,,38.6,,31.8,,80.3,,92.6,
139332,1,61.4,,,,,,175.1,,20,,44.7,,36.5,,27.2,,71.8,,88.5,
139333,3,101.3,3,,,,,170,,35.1,,,1,37.8,,36.8,,118.5,,,1
139335,3,121.7,3,,,,,161.1,,46.9,,,1,37,,42.8,,129.7,,,1
139336,1,99.8,,,,,,183.7,,29.6,,41.3,,40.7,,32.6,,115.2,,107.3,
139337,1,90.4,,,,,,181.1,,27.6,,42.6,,42.5,,33.2,,106.5,,104.4,
139338,1,75.9,,,,,,173.4,,25.2,,44.5,,38.5,,32.8,,90.8,,99.3,
139339,1,120.7,,,,,,154.3,,50.7,,34.6,,35.7,,49.3,,137,,130.7,
139342,1,107.1,,,,,,180.2,,33,,44.2,,42.5,,38.9,,128.6,,110.3,
139343,1,53.3,,,,,,157,,21.6,,35.2,,31.3,,28.5,,82.5,,91.5,
139344,1,66.4,,,,,,161.9,,25.3,,35.9,,39.4,,31.2,,84.9,,98.4,
139346,1,57.4,,,,,,156.1,,23.6,,32.4,,36,,25.6,,88.4,,90,
139347,1,67.2,,,,,,162.7,,25.4,,37.5,,37.4,,32.3,,88.9,,103.1,
139350,3,14.5,3,100.8,,,,98.9,,14.8,2,,,21,,15.3,,,1,,
139351,1,70.9,,,,,,151.5,,30.9,,30.5,,35.5,,34.3,,101.3,,103.5,
139352,1,67.9,,,,,,173.6,,22.5,,40.9,,39.2,,29.5,,81.8,,95.6,
139353,1,130.3,,,,,,171.6,,44.2,,38.5,,38.4,,41.8,,138.6,,130.6,
139354,1,16.9,,102.9,,,,101.1,,16.5,2,,,21.4,,17.2,,53.5,,,
139355,1,6.1,,61.2,,38.8,,,,,,,,12.2,,13.3,,,,,
139356,1,72.8,,,,,,164.5,,26.9,,38.6,,37.5,,31,,89,,110.6,
139357,1,23.7,,,,,,124.8,,15.2,2,,,25,,17,,56.9,,,
139358,1,20.6,,,,,,116.8,,15.1,2,,,24,,17.7,,47.9,,,
139359,1,61.1,,,,,,163.9,,22.7,2,38,,36,,27.3,,77.2,,94,
139360,1,105.3,,,,,,160.4,,40.9,,37.8,,35.5,,37.5,,118.2,,125.4,
139361,1,82.6,,,,,,157.9,3,33.1,,36.4,,37,,30.4,,112.7,,119.6,
139362,1,75.3,,,,,,171.3,,25.7,,42,,39.5,,30.2,,99.8,,100.5,
139366,1,85.4,,,,,,172.1,,28.8,,39.3,,39.1,,35.5,,99.6,,102.5,
139368,1,68.1,,,,,,163.1,,25.6,,37.2,,37.5,,30.5,,91.1,,100.2,
139370,1,51.8,,,,,,173,,17.3,,41.6,,39.1,,24.1,,70.5,,90,
139373,1,101.3,,,,,,178.2,,31.9,,39.8,,41,,36,,117,,110.9,
139374,1,129.5,,,,,,178,,40.9,,43.1,,37,,42.1,,134.5,,132.5,
139375,1,17.3,,98.3,,,,95,,19.2,4,,,19.4,,17.8,,55.9,,,
139376,1,82.7,,,,,,178.8,,25.9,,47,,39,,30.5,,91.4,,111.7,
139377,1,24,,,,,,124.6,,15.5,2,,,26,,18.8,,53.7,,,
139378,1,161.3,,,,,,185,,47.1,4,43.6,,40.5,,47,,138.2,,144,
139379,1,17,,,,,,100.9,,16.7,2,,,22.7,,18,,48.5,,,
139380,1,46.6,,,,,,156,,19.1,2,37.2,,33,,23.8,,65.2,,,
139381,1,94.4,,,,,,165.7,,34.4,,37.5,,38.5,,36.6,,111.8,,123.4,
139383,1,75,,,,,,183.3,,22.3,,42.3,,41,,29.3,,87,,96.7,
139385,1,84,,,,,,159,,33.2,,34.2,,37.4,,37.7,,107.1,,114.5,
139386,1,53.7,,,,,,141.7,,26.7,4,36,,31.3,,27.8,,84.6,,,
139387,1,102.3,,,,,,180.8,,31.3,4,48,,42,,37.4,,102.1,,112.5,
139388,1,65.6,,,,,,168.9,,23,,37.9,,34,,28.5,,85.2,,101.6,
139389,1,89.3,,,,,,162.4,,33.9,,37.8,,38.1,,35.4,,104.6,,116.9,
139390,1,41,,,,,,128.3,,24.9,4,31.4,,30.5,,25.3,,81.4,,,
139391,1,62.6,,,,,,168,,22.2,2,40.6,,38.6,,28.9,,76,,93.1,
139392,1,105.7,,,,,,163.3,,39.6,,36.7,,38.8,,36,,121.5,,132,
139394,1,9.8,,74.5,,,,,,,,,,14,,15.7,,,,,
139395,1,52.5,,,,,,157.2,,21.2,2,37.3,,34.7,,26,,81,,94.6,
139396,1,45.4,,,,,,144.7,,21.7,2,34.5,,29.5,,23.4,,69.6,,89.4,
139398,1,76.1,,,,,,150.9,,33.4,,35.2,,33.5,,36,,101.1,,118.3,
139400,1,41.4,,,,,,165.4,,15.1,1,37.2,,33.4,,20.3,,62.6,,78.9,
139401,1,69.4,,,,,,151.9,,30.1,,31.9,,33.2,,29.3,,97.9,,112.9,
139402,1,95.6,,,,,,179.5,,29.7,,40.3,,39.5,,36.6,,111.9,,105.8,
139403,4,,,,,,,,,,,,,,,,,,,,
139404,1,54.3,,,,,,155,,22.6,,34,,34,,25.6,,77.1,,99.8,
139405,3,13.2,,,1,,,97.1,,14,2,,,18.6,,15.6,,46.9,,,
139407,1,91.2,,,,,,158.6,,36.3,,34.3,,37,,38.8,,111.9,,119,
139409,1,52.2,,,,,,161.7,,20,2,37,,34.5,,26.2,,66.9,,87,
139413,1,118.9,4,,,,,190.1,,32.9,,43.2,,44.5,,36,,123.2,,128.6,
139414,1,147,,,,,,177.3,,46.8,,38.7,,44,,47.1,,146.4,,142,
139416,1,82.8,,,,,,180.2,,25.5,,44.8,,42.4,,30.6,,97.5,,98.8,
139417,1,94.9,,,,,,175.6,,30.8,,40.5,,42.5,,37,,104.3,,100.8,
139418,1,77.7,,,,,,169.3,,27.1,,42.6,,40,,33.1,,94.3,,102,
139419,1,31.1,,,,,,141.9,,15.4,2,31.2,,28.6,,19.4,,57.9,,,
139420,1,75.4,,,,,,177.4,,24,,42,,38,,33.3,,85.7,,97,
139421,1,70.5,,,,,,160.4,,27.4,,34.3,,36.2,,32.5,,104.7,,103.9,
139422,1,32.6,,,,,,145.9,,15.3,2,34.4,,29,,21.4,,59.8,,,
139423,1,84.8,,,,,,175.9,,27.4,,40,,40.4,,32.1,,107.4,,105.9,
139424,1,83.5,,,,,,151.9,,36.2,,34.5,,33,,35.6,,108.9,,120.5,
139425,1,143.7,,,,,,167.4,,51.3,,41.2,,39.5,,45,,148.2,,142,
139426,1,91.9,,,,,,157.3,,37.1,,37.4,,38,,41.6,,107.6,,118.6,
139428,2,136.6,3,,,,,176.3,,43.9,,,1,,1,,1,,1,,1
139432,1,9.7,,71.8,,,,,,,,,,15,,16.2,,,,,
139435,1,80.4,,,,,,163.6,,30,,32.4,,37.4,,33.5,,109.2,,107.3,
139437,1,118.4,,,,,,184.5,,34.8,,41.2,,41,,39.7,,116.9,,117.1,
139438,1,80,,,,,,175.7,,25.9,,40,,38,,33.7,,99.8,,97.4,
139439,1,32.5,,,,,,130.1,,19.2,2,28.9,,29.4,,21.3,,63.7,,,
139440,4,,,,,,,,,,,,,,,,,,,,
139441,3,87,,,,,,184.7,,25.5,,,1,39,,30.9,,,1,,1
139442,1,32.5,,,,,,138.5,,16.9,2,31.2,,29.8,,20.7,,64,,,
139443,1,72.4,,,,,,168.3,,25.6,,39,,39.8,,33.8,,95.2,,97.5,
139444,1,15.9,,,,,,110.1,,13.1,1,,,22.7,,15.5,,45.5,,,
139446,1,55.9,,,,,,163.6,,20.9,,37.5,,38,,26,,80.5,,91,
139447,1,69.9,,,,,,177.4,,22.2,,40.3,,40,,29,,84,,103.8,
139448,1,78.1,,,,,,155,,32.5,,36.5,,35.7,,33.6,,94,,106.8,
139450,1,73.4,,,,,,170.7,,25.2,,37,,38.4,,33.9,,87.4,,100.3,
139451,1,53.3,,,,,,164.5,,19.7,2,40.3,,34.4,,24.6,,69.5,,89,
139452,1,26.1,,,,,,115.4,,19.6,4,,,23.5,,22.1,,58,,,
139453,1,17.2,,99.1,,,,99.1,,17.5,3,,,19.2,,17.9,,53.2,,,
139455,1,27.3,,,,,,131.8,,15.7,2,29.5,,27,,19.3,,58,,,
139458,1,91,,,,,,187.1,,26,,47.2,,43.1,,36,,89.5,,108.2,
139459,1,114.3,,,,,,183.4,,34,,41.1,,43.2,,37.8,,121.8,,108.7,
139460,1,12.1,,79.4,,,,,,,,,,18,,17.2,,,,,
139461,1,95.9,,,,,,171.2,,32.7,,37.2,,39,,36.5,,112,,102.4,
139462,1,93.6,,,,,,169.6,,32.5,,40.3,,40.9,,36.4,,114.8,,105.7,
139463,1,46.3,,,,,,162.5,,17.5,2,38.8,,32.7,,24.5,,67.5,,81.6,
139464,1,62.5,,,,,,163.8,,23.3,,37.3,,37,,30,,80.2,,104,
139465,1,120.8,,,,,,157.5,,48.7,,32.1,,34.5,,43,,132,,143.6,
139466,1,69.7,,,,,,168.8,,24.5,,40.4,,40.1,,28.1,,94.7,,93.6,
139467,1,96.8,,,,,,165.4,,35.4,,32.8,,36.3,,34,,123.8,,113.8,
139469,1,16.8,,104.7,,,,104.3,,15.4,2,,,20,,16.6,,49.3,,,
139470,1,64.6,,,,,,165.6,,23.6,,37.4,,34.5,,28.8,,90.3,,91.1,
139471,1,10.2,,73.4,,,,,,,,,,14,,17,,,,,
139473,1,56.6,,,,,,151.7,,24.6,,33.9,,33,,29.7,,83.3,,91.6,
139474,1,24.4,,,,,,115.5,,18.3,4,,,23.7,,19.3,,56.6,,,
139475,1,87.4,,,,,,165.8,,31.8,,37.6,,37,,33,,108.5,,109.2,
139479,1,91,,,,,,185.7,,26.4,,41.6,,40.8,,35.4,,106,,102,
139481,1,40.4,,,,,,136.6,,21.7,3,31.5,,29,,25.9,,74.4,,,
139482,1,21.5,,,,,,117.6,,15.5,2,,,24.5,,18.7,,53,,,
139483,1,148.1,,,,,,185.3,,43.1,,48,,43.5,,49.5,,133.4,,131,
139484,1,18,,108.4,,,,105.5,,16.2,2,,,21.2,,17.2,,50.3,,,
139485,1,64,,,,,,181,,19.5,,42.9,,42.6,,26.9,,80.5,,90.4,
139486,1,70.6,,,,,,186.7,,20.3,2,39.5,,36.8,,27,,77,,95.5,
139487,1,26.8,,,,,,133.1,,15.1,2,30.6,,28.4,,18.5,,61.5,,,
139488,1,88,,,,,,167.3,,31.4,,39.4,,37.5,,37.1,,102.3,,107.5,
139489,1,58.1,,,,,,157.6,,23.4,,33.5,,33.6,,30.1,,79.9,,89.4,
139491,1,73.2,,,,,,183.4,,21.8,,42.6,,38.3,,29.8,,90.7,,98.2,
139493,1,55.6,,,,,,155.8,,22.9,,37.5,,34.1,,25.2,,87.1,,95.7,
139494,1,61.2,,,,,,164.9,,22.5,,36.5,,36.5,,29.5,,90.3,,92.8,
139495,1,50.7,,,,,,161.1,,19.5,,36.9,,35,,26.5,,84.1,,89.8,
139496,1,104.5,,,,,,174.8,,34.2,,48.5,,43,,40.3,,111.8,,113.7,
139497,1,82.5,,,,,,171.4,,28.1,,38.5,,38.9,,34.7,,94.6,,109.2,
139498,1,92.2,,,,,,153.4,,39.2,,34.6,,36,,35.8,,125.3,,129.7,
139499,1,6,,63.7,,40.4,,,,,,,,13.5,,13.9,,,,,
139500,1,51.7,,,,,,152.8,,22.1,,35.8,,34.2,,27.4,,83.1,,90.4,
139502,1,77.1,,,,,,156.9,,31.3,,37.3,,33,,34.5,,102.4,,108.2,
139503,1,16,,,,,,102.9,,15.1,2,,,20.5,,17,,51.8,,,
139504,1,50.4,,,,,,159,,19.9,,37,,35.1,,25.7,,83.1,,87.2,
139505,1,24.6,,,,,,127.5,,15.1,2,,,26.6,,18.7,,53.6,,,
139506,1,16.5,,,,,,105.4,,14.9,2,,,21.4,,16.3,,51.1,,,
139508,1,79.2,,,,,,156.6,,32.3,,37.3,,37,,32.5,,100.5,,109.6,
139509,1,95.9,,,,,,186.4,,27.6,,46.4,,42.1,,36.5,,95.5,,111,
139510,1,144.5,,,,,,165.8,,52.6,,37.2,,37.9,,48.5,,155.8,,156.4,
139514,1,50.3,,,,,,162.4,,19.1,,37.2,,36.3,,24.8,,79.2,,88.7,
139515,1,58.3,,,,,,169.1,,20.4,,41.1,,39.1,,26.5,,87.4,,87.7,
139517,1,55.2,,,,,,150.8,,24.3,3,33.1,,32.4,,28.8,,90.4,,93.1,
139520,1,104.4,,,,,,175.1,,34.1,,37.1,,37,,37.1,,117.6,,113,
139521,3,88,3,,,,,169.9,,30.5,,,1,40,,32,,,1,,1
139522,1,57.8,,,,,,147.9,,26.4,,31.4,,34.2,,33.3,,90.3,,101.6,
139523,1,63.9,,,,,,153.2,,27.2,,33.5,,32.7,,29.8,,100.4,,100.2,
139524,3,54,,,,,,163.6,,20.2,,,1,38,,26.8,,,1,,1
139525,1,70.6,,,,,,161.7,,27,,39.3,,38.2,,31.4,,98.6,,96.8,
139526,1,46,,,,,,149.4,,20.6,2,32.2,,31.2,,24.1,,67.8,,87.9,
139527,1,78.7,,,,,,165.2,,28.8,,36.6,,34.8,,33.1,,92.7,,112,
139529,1,87.1,,,,,,178.8,,27.2,,42.5,,41.8,,33.9,,99.7,,98.4,
139530,1,83.6,,,,,,170.9,,28.6,,36.4,,37.5,,30.6,,90.1,,117,
139532,1,68.9,,,,,,169.8,,23.9,,41.4,,37.5,,30.2,,92.8,,96.8,
139533,1,173.4,,,,,,168,,61.4,,37.3,,34.7,,50.3,,151.2,,166.9,
139534,1,50.9,,,,,,168.1,,18,2,39.5,,35,,25.1,,66.7,,85.9,
139536,1,72,,,,,,161.3,,27.7,3,35.3,,35.5,,32.7,,92.5,,99,
139537,1,67.7,,,,,,157.8,,27.2,,36,,33.9,,32.3,,84.4,,105.2,
139538,1,50.8,,,,,,157.2,,20.6,2,36,,33.6,,26.2,,73,,87.1,
139539,1,62.6,,,,,,148.7,,28.3,,31.5,,35.7,,30.5,,100,,98.5,
139540,1,52.7,,,,,,157,,21.4,2,36.9,,33.5,,26.9,,76.9,,93.4,
139541,4,,,,,,,,,,,,,,,,,,,,
139542,1,24,,,,,,128.9,,14.4,2,28.4,,27.7,,18.6,,55.7,,,
139543,1,91.4,,,,,,181.8,,27.7,,41.5,,39.5,,34.5,,101.5,,102.5,
139546,1,84.2,,,,,,185.5,,24.5,2,45.8,,42,,31.8,,81.7,,103.1,
139548,1,67.2,,,,,,164.1,,25,,39.2,,35.5,,26.2,,97,,102.6,
139549,1,10.2,,76.9,,,,,,,,,,14.4,,14.9,,,,,
139550,1,16.8,,,,,,109.3,,14.1,2,,,24.2,,15.3,,50.8,,,
139551,1,109.7,,,,,,179.9,,33.9,,42.2,,43.5,,36,,121.8,,113,
139552,1,38.2,,,,,,163.6,,14.3,1,39.4,,35.8,,19.7,,61,,78,
139553,1,53.2,,,,,,160,,20.8,,36.2,,36.3,,26.6,,84,,95.9,
139556,1,48.9,,,,,,148.1,,22.3,3,35.9,,32.6,,26.3,,79.5,,,
139559,1,122.8,,,,,,157,,49.8,,32.8,,35.7,,43.4,,142,,135.3,
139560,1,64.8,,,,,,170.1,,22.4,,40.5,,39,,28.7,,79.3,,94.2,
139561,1,81.3,,,,,,173.5,,27,,39.4,,40.2,,35.3,,87.2,,100.5,
139562,1,127.3,,,,,,179.7,,39.4,,42.3,,41,,41.4,,135.7,,125.8,
139565,1,68.8,,,,,,155.7,,28.4,,33.5,,35.9,,33.5,,92.2,,103.5,
139568,1,70.3,,,,,,177.9,,22.2,,40.4,,41.5,,33.5,,83,,94.7,
139569,1,145.2,,,,,,151.8,,63,,30,,31,,50,,156,,167.7,
139570,1,105,,,,,,158.3,,41.9,,37.2,,36.8,,40.6,,119.2,,133.1,
139571,1,103.4,,,,,,163.1,,38.9,,38,,37.6,,44.5,,123.1,,129.9,
139573,1,47.9,,,,,,146.8,,22.2,2,35.8,,33.6,,24.4,,78.3,,87,
139574,1,68,,,,,,184.9,,19.9,,37.5,,39.5,,29.4,,86.9,,88,
139575,1,51.2,,,,,,149,,23.1,3,37.5,,35.2,,27,,76.8,,92.6,
139577,1,13.5,,90.4,,,,89.1,,17,2,,,18,,16.9,,47.4,,,
139579,1,63.4,,,,,,164.7,,23.4,,38.1,,41.5,,27.3,,85.2,,92.1,
139580,4,,,,,,,,,,,,,,,,,,,,
139581,1,20,,,,,,118.7,,14.2,2,,,24.7,,17.6,,53.1,,,
139583,1,26.6,,,,,,133.8,,14.9,2,30.8,,26.3,,20.1,,54.3,,,
139584,1,70.6,,,,,,161.9,,26.9,,35.5,,34.7,,29.4,,105.2,,96.7,
139585,1,77.9,,,,,,161.4,,29.9,,39.3,,37.1,,31.5,,93.3,,115.4,
139586,1,96.9,,,,,,173.2,,32.3,4,36.3,,37.5,,32.7,,112.6,,109,
139587,1,63.3,,,,,,179.5,,19.6,2,42.2,,40,,27.3,,75.5,,92.3,
139588,1,87.9,,,,,,174.4,3,28.9,,40.2,,42.3,,29.8,,112.5,,97.4,
139589,1,90.7,,,,,,156.5,,37,,34.8,,37.5,,39.9,,117.2,,118.4,
139593,1,60.4,,,,,,157.4,,24.4,,33.8,,34,,31.5,,82.8,,97.8,
139594,1,65.3,,,,,,180.2,,20.1,2,43.5,,39,,26.5,,83.2,,84,
139595,1,79.5,,,,,,180.2,,24.5,,39.6,,38.8,,30.2,,94.4,,101,
139596,1,78.3,,,,,,165.8,,28.5,,36.8,,36.3,,33.2,,104.7,,115.1,
139597,1,62.1,,,,,,156.3,,25.4,,34.1,,33.5,,31.8,,88.7,,98.2,
139599,1,8.5,,73.3,,45.5,,,,,,,,13.5,,15.2,,,,,
139600,1,46.2,,,,,,159.7,,18.1,,36.2,,33.5,,22.5,,72,,87,
139601,1,57.9,,,,,,170.9,,19.8,,44.3,,37.5,,28.3,,74.4,,86.5,
139602,1,67.6,,,,,,150.6,,29.8,,31.7,,31.8,,32.5,,110.7,,109.2,
139603,1,78,,,,,,168,,27.6,,35.6,,39.3,,30.1,,100.6,,102.1,
139604,1,95.4,,,,,,152.2,,41.2,,33.5,,33.3,,39.9,,123.1,,127.3,
139605,1,60.5,,,,,,157,,24.5,,33.6,,38.1,,28.7,,89,,95,
139606,1,32,,,,,,131.9,,18.4,2,28.2,,28.2,,20.3,,66.5,,,
139607,1,99.7,,,,,,162.2,,37.9,,38.2,,39.4,,40.7,,119.5,,127,
139608,1,65.1,,,,,,161.8,,24.9,,37,,34.5,,28.1,,92.6,,96.3,
139609,1,56,,,,,,142.4,,27.6,,32.4,,34,,29.9,,83.2,,95.1,
139610,1,87.6,,,,,,173.9,,29,,39.8,,40.8,,35.4,,106.1,,103.1,
139612,1,31,,,,,,131.3,,18,2,32.4,,28.7,,21.6,,63.7,,,
139613,1,80,,,,,,163.5,,29.9,,40.5,,37.5,,34.5,,103.5,,105.4,
139614,1,87.4,,,,,,166.6,,31.5,,36.4,,37.5,,34.8,,107.6,,104,
139616,1,95.6,,,,,,174.6,,31.4,,40.1,,40.9,,33.5,,113.5,,108.7,
139617,1,55,,,,,,154.5,,23,2,37,,32.3,,28,,73.1,,96,
139619,3,51,,,,,,155.3,,21.1,,,1,31,,26,,,1,,1
139621,1,52.2,,,,,,163.2,,19.6,,36.8,,32.5,,25,,74.8,,94.4,
139622,1,24.3,,,,,,117.4,,17.6,3,,,24.9,,19.9,,58.5,,,
139623,1,100.7,,,,,,167.8,,35.8,,39.3,,37.1,,36.1,,113.9,,120.6,
139624,1,17.4,,,,,,109.9,,14.4,2,,,23.1,,15.8,,46.6,,,
139625,1,22.2,,,,,,125.6,,14.1,2,27.6,,26.3,,16.5,,51.2,,,
139626,1,84.7,,,,,,168.9,,29.7,,43.5,,40,,36,,113,,106,
139627,1,73.1,,,,,,176.8,,23.4,2,40,,39,,31.5,,81,,100.4,
139628,1,113.9,,,,,,183.1,,34,,41,,42.6,,39,,120.1,,113.6,
139629,1,104.8,,,,,,174.5,,34.4,4,43.8,,40.4,,39.5,,110.5,,119.5,
139630,1,89.6,,,,,,171.2,,30.6,,39.2,,39,,36.3,,112.5,,110.2,
139631,1,18.8,,110.3,,,,108.5,,16,2,,,23,,17.3,,63,,,
139632,1,6.9,,62.7,,44.9,,,,,,,,12.5,,13.4,,,,,
139633,1,48.4,,,,,,163.4,,18.1,2,40.3,,34.2,,24.1,,65.1,,83,
139635,1,36.4,,,,,,145.5,,17.2,2,36.7,,31.7,,21.9,,66.5,,76.8,
139636,1,102.3,,,,,,156.3,,41.9,,40.5,,35.6,,37,,107.7,,138.2,
139637,1,7.8,,63.1,,42,,,,,,,,11.1,,15.5,,,,,
139638,1,55.7,,,,,,168.2,,19.7,,40,,35.4,,27.6,,75.2,,96.1,
139639,1,24,,,,,,122.8,,15.9,2,,,26.7,,19.3,,57.3,,,
139640,1,99.7,,,,,,174.9,,32.6,,40.7,,38.5,,34.7,,122.8,,113,
139641,1,39.6,,,,,,157.5,,16,1,38,,33.7,,21.5,,63.2,,84.6,
139643,1,68.5,,,,,,152.7,,29.4,4,37.5,,33.6,,31.9,,98.4,,,
139645,1,152.6,,,,,,171.3,,52,4,39.5,,37,,46.8,,136.8,,154.3,
139646,1,36.2,,,,,,131.8,,20.8,3,32.4,,28.8,,23.7,,64.4,,,
139648,1,55.9,,,,,,162.7,,21.1,2,37.2,,37.8,,25.5,,73.4,,93.2,
139649,1,17.5,,,,,,109.1,,14.7,2,,,21.6,,18.5,,51.2,,,
139650,1,77.9,,,,,,172.5,,26.2,,37.5,,38.5,,33.3,,88.7,,102.3,
139651,2,126,,,,,,173.2,,42,,,1,,1,,1,,1,,1
139653,1,76,,,,,,154.1,,32,4,36.7,,34.5,,32.1,,105.2,,106.4,
139654,1,33.5,,,,,,148.3,,15.2,2,32.5,,30.3,,20.4,,60.8,,,
139655,1,77.9,,,,,,162.2,,29.6,,42.2,,36.5,,37,,97,,102.7,
139656,1,69.5,,,,,,187,,19.9,2,42,,38.1,,28.6,,74.4,,95.2,
139657,1,131.1,,,,,,176.6,,42,,42.3,,40.2,,41.6,,133.1,,139,
139658,1,151,,,,,,164.1,,56.1,,31.1,,39.4,,47.7,,135.8,,174.8,
139660,1,61.4,,,,,,153.3,,26.1,,37.5,,35.3,,29.3,,88.7,,103.9,
139663,1,81.4,,,,,,169,,28.5,,37.3,,39,,32.7,,100.1,,100.6,
139664,1,56.6,,,,,,145.7,,26.7,4,35.7,,30.5,,31.2,,86,,,
139665,1,68,,,,,,164.6,,25.1,,37.3,,35,,29.7,,87.8,,95.4,
139666,1,53.5,,,,,,147.1,,24.7,4,36.5,,32,,29,,75.2,,,
139667,1,60.6,,,,,,164.6,,22.4,,37.7,,37.5,,27.9,,75.9,,100,
139669,1,62.5,,,,,,166.5,,22.5,3,40.1,,35.5,,28,,85.5,,95.4,
139671,1,39.5,,,,,,126.4,,24.7,4,,,27.5,,25.7,,74.3,,,
139672,1,13.3,3,92.6,,,,91.2,,16,2,,,19,,15.5,,48,,,
139673,1,69.6,,,,,,174.1,,23,2,41.5,,41.5,,30.2,,83,,93.3,
139674,1,64.8,,,,,,148.1,,29.5,,37.5,,33.8,,33.8,,102.8,,108.8,
139675,1,21.5,,,,,,114,,16.5,2,,,23.7,,17.9,,54.3,,,
139676,1,73.1,,,,,,155.4,,30.3,,36,,36,,35.7,,104,,105,
139677,1,53.8,,,,,,153,,23,,34.1,,33,,29,,84.3,,96.2,
139678,1,99,,,,,,176.9,,31.6,,35.5,,41.4,,33.3,,123.3,,114,
139679,1,48.2,,,,,,150.7,,21.2,,35.3,,33.8,,26.9,,72.9,,86.4,
139680,1,41.2,,,,,,149.7,,18.4,,35,,33,,21.4,,72,,83,
139681,1,67.5,,,,,,163,,25.4,,40.3,,36.9,,31.9,,82.6,,99.1,
139682,1,73.8,,,,,,166.9,,26.5,,39.4,,38,,30.1,,83,,103.2,
139683,1,58,,,,,,179.8,,17.9,2,37.4,,39.2,,26.6,,73.5,,88.4,
139685,1,109.5,,,,,,169.8,,38,,38.5,,41.4,,39.5,,125.7,,120.6,
139686,1,70.7,,,,,,173.5,,23.5,,41.5,,41.8,,33.5,,90,,92.7,
139687,1,65.1,,,,,,167.6,,23.2,,40.3,,37.6,,30.1,,90.2,,97,
139689,1,73.1,,,,,,158.3,,29.2,,35.3,,37.4,,30.9,,107.9,,103.2,
139690,2,74.7,3,,,,,160.1,,29.1,,,1,,1,,1,,1,,1
139691,1,49.4,,,,,,153.3,,21,2,38.1,,33,,25.9,,70.5,,89.9,
139692,1,77.9,,,,,,163.9,,29,,39,,36,,33.8,,99.5,,108.7,
139693,1,72.9,,,,,,159.2,,28.8,,36.1,,34.4,,31,,87.1,,109.8,
139694,1,83.7,,,,,,169.2,,29.2,4,39.3,,36,,33.2,,93,,106,
139695,1,94.5,,,,,,163.6,,35.3,,35.9,,38.6,,40,,117.8,,124.5,
139696,1,63.9,,,,,,154.1,,26.9,4,41.5,,34.5,,31.4,,85.8,,,
139697,1,95.3,,,,,,196.6,,24.7,2,47.1,,45,,32.1,,85.8,,109.4,
139698,1,61.1,,,,,,149.4,,27.4,,35.6,,34.2,,32.6,,92.1,,102.2,
139699,1,129.6,,,,,,180.5,,39.8,,41.2,,40,,42,,125,,124.1,
139700,1,95.3,,,,,,165.6,,34.8,,33.5,,34.7,,34.6,,115,,116.2,
139702,1,70.7,,,,,,178.2,,22.3,,39.7,,39.9,,30.5,,95,,98.3,
139703,1,8.4,,72.1,,,,,,,,,,13.1,,15.9,,,,,
139705,1,82.2,,,,,,172.5,,27.6,,40.5,,40.8,,36.1,,99.4,,104.4,
139706,1,74.9,,,,,,151.8,,32.5,,33.3,,33.9,,33,,104.7,,111.5,
139707,1,65.7,,,,,,166.3,,23.8,,40.3,,38.2,,28.4,,79.2,,97,
139708,1,10.8,,85.6,,,,,,,,,,18.2,,15,,,,,
139709,1,49.7,,,,,,150.7,,21.9,2,35,,33.4,,26,,71.5,,90.7,
139710,1,11.1,,84,,,,82.9,,16.2,2,,,16.4,,15.4,,46.2,,,
139717,1,49.1,,,,,,166.3,,17.8,,38.1,,36.4,,25.2,,69.6,,82.5,
139718,1,53.6,,,,,,149.3,,24,3,35,,32.7,,27,,77,,94.2,
139719,1,72.9,,,,,,171.1,,24.9,,39,,37.8,,31.8,,87,,108.7,
139720,2,76.8,3,,,,,172.2,,25.9,,,1,,1,,1,,1,,1
139721,1,38.3,,,,,,148.6,,17.3,2,33.7,,32.7,,22.7,,63.7,,,
139723,1,91.6,,,,,,167,,32.8,,39.6,,37.8,,42.8,,92.6,,105.5,
139724,1,10.1,,79,,,,,,,,,,15.5,,14.6,,,,,
139725,1,54,,,,,,168,,19.1,,37.5,,35.4,,28.2,,76.8,,87.5,
139726,3,46.1,,,,,,148.2,,21,3,,1,31.5,,23.6,,76.9,,,
139727,1,111.5,,,,,,169.6,,38.8,,36.5,,37.2,,40,,117,,132.9,
139728,1,87.4,,,,,,165,,32.1,,39,,38.7,,37.5,,108.1,,116.8,
139729,1,47.6,,,,,,166.7,,17.1,,39,,35.5,,22.2,,65.7,,86.2,
139730,1,89.5,,,,,,155.5,,37,,33.7,,38.3,,37.3,,109.4,,106.8,
139731,1,76.9,,,,,,162.9,,29,4,38,,38.8,,32.2,,96.1,,105.2,
139733,1,79.8,,,,,,172,,27,,41.1,,38.3,,34.1,,101.3,,93,
139735,1,65.3,,,,,,169.5,,22.7,,41.1,,38,,33,,75.5,,90.7,
139737,1,87.3,,,,,,166.1,,31.6,,39.3,,42.6,,34.7,,103.3,,103.7,
139738,1,96,,,,,,178.1,,30.3,,41.9,,41.3,,36.5,,103.2,,106.4,
139739,1,55.5,,,,,,151.9,,24.1,4,38.9,,33.6,,27.7,,78.7,,,
139740,1,92.6,,,,,,177.3,,29.5,,42.6,,42.3,,33.9,,109.9,,105.8,
139743,1,81.6,,,,,,174.1,,26.9,,41,,39,,36,,95,,96.5,
139745,1,80.2,,,,,,162.3,,30.4,,40.1,,39.2,,35.9,,101.9,,109.5,
139747,1,88.4,,,,,,174.1,,29.2,,37.3,,41.5,,35.7,,102.3,,102.1,
139748,1,37.6,,,,,,130.2,,22.2,4,30.1,,27.1,,23.7,,78.1,,,
139750,1,30.9,,,,,,140.1,,15.7,2,33,,30,,20,,55.5,,,
139751,1,62.4,,,,,,155.5,,25.8,,38.5,,35.5,,31,,78.7,,96.2,
139752,1,100.2,,,,,,162.1,,38.1,,37.1,,37.9,,39.3,,112.8,,129.1,
139753,1,62.7,,,,,,168.1,,22.2,,39.7,,36.1,,28.4,,80,,92.1,
139754,1,155.5,,,,,,184.3,,45.8,,38.2,,43,,46.3,,142.3,,147.3,
139755,2,56.5,3,,,,,165.4,,20.7,2,,1,,1,,1,,1,,1
139758,1,54.8,,,,,,165.2,,20.1,,47,,36.8,,26.4,,80.4,,87.6,
139759,1,21.5,,,,,,117.5,,15.6,2,,,22.7,,17.8,,52.3,,,
139760,1,50.8,,,,,,150.8,,22.3,2,32.7,,32.5,,26.6,,73.5,,88.3,
139762,1,26.8,,,,,,128.4,,16.3,2,,,26.7,,17.8,,56,,,
139763,1,37.5,,,,,,133.7,,21,3,32.4,,29.9,,24,,68.3,,,
139764,1,92.6,,,,,,159.5,,36.4,,38,,37,,36.5,,112.6,,112.3,
139765,1,18.3,,,,,,109.4,,15.3,2,,,21.5,,17.1,,55.6,,,
139767,1,52.8,,,,,,163.2,,19.8,,37.2,,35.2,,24.8,,72.1,,83.4,
139769,1,105.1,,,,,,167.9,,37.3,4,41.8,,37,,39.3,,120.2,,122.7,
139770,1,70.4,,,,,,152.8,,30.2,,35,,34,,32.2,,94,,111,
139773,2,9.7,,74.2,,,,,,,,,,,1,,1,,,,
139774,1,82.5,,,,,,158.8,,32.7,,37.2,,36.5,,35.9,,108.4,,115.4,
139775,1,80.5,,,,,,164.8,,29.6,,37.6,,37,,34.3,,97.1,,105,
139776,1,68.9,,,,,,162.6,,26.1,,38.1,,35.1,,32.7,,80.3,,106.4,
139777,1,86.7,,,,,,182.8,,25.9,,45.5,,42.5,,31,,98.8,,110.1,
139780,1,95.6,,,,,,178,,30.2,,37.2,,38,,36.3,,109,,106.1,
139781,1,86.6,,,,,,153.8,,36.6,,31.1,,32.1,,34.6,,121.8,,118.7,
139782,1,81.8,,,,,,180.8,,25,,40.1,,38.8,,32.1,,93.7,,99.6,
139784,1,70.9,,,,,,161.9,,27,4,37.2,,35,,30.7,,90.4,,,
139786,1,54.9,,,,,,162.4,,20.8,,36.3,,35,,25.6,,75.7,,94,
139787,1,124.5,,,,,,183.4,,37,,37.4,,42.1,,40.2,,137.1,,128.8,
139788,1,69.3,,,,,,179.4,,21.5,2,44,,39.4,,29.3,,76.6,,95.6,
139789,1,76.5,,,,,,174.6,,25.1,,42.7,,42.2,,31.7,,87.1,,97.4,
139790,3,92.2,3,,,,,169.6,,32.1,,,1,37,,34.2,,,1,,1
139791,1,30.4,,,,,,129.1,,18.2,2,28.5,,27,,21,,63,,,
139793,1,110.3,,,,,,186.3,,31.8,,45.8,,44,,37.5,,122.7,,108.1,
139794,3,26.2,3,,,,,123.3,,17.2,2,,,,1,,1,55.6,,,
139795,1,120.1,,,,,,180.7,,36.8,,46.2,,39.4,,42.2,,124,,120.3,
139796,1,81.7,,,,,,169.4,,28.5,,40.8,,39.4,,32.9,,95.8,,111.5,
139797,1,17.6,,,,,,102.7,,16.7,2,,,21.5,,18.2,,57.2,,,
139798,1,100.9,,,,,,163.6,,37.7,,33.3,,40.9,,42.3,,119.5,,122.5,
139799,1,79,,,,,,158.2,,31.6,,36,,37,,38.6,,109,,113.4,
139801,1,64.7,,,,,,160.2,,25.2,,36.3,,37.6,,27,,95.6,,96.5,
139802,1,115.1,,,,,,180.3,,35.4,,43.8,,40.4,,40.1,,106.8,,115.1,
139803,2,83.6,3,,,,,183.1,,24.9,2,,1,,1,,1,,1,,1
139804,1,135.1,,,,,,168.2,,47.8,,41.1,,38,,44.3,,128.6,,143.1,
139808,1,100.2,,,,,,170.4,,34.5,,40.1,,39.6,,33.6,,119.3,,113,
139809,1,85.2,,,,,,156.6,,34.7,,41.8,,36.3,,40.3,,94.3,,111.2,
139810,1,70.1,,,,,,177.6,,22.2,2,43.7,,40,,28.7,,81.7,,102.1,
139811,1,17.1,,,,,,103.3,,16,2,,,21.5,,16.7,,53,,,
139812,1,97.2,,,,,,175.6,,31.5,4,41.7,,41,,34.9,,110.8,,116.6,
139813,1,19.4,,,,,,111,,15.7,2,,,23.8,,16.8,,54.2,,,
139814,1,64.4,,,,,,152.8,,27.6,,35.3,,33.6,,36.4,,88.2,,97.7,
139815,1,75.9,,,,,,160.3,,29.5,,35,,34.7,,32.6,,107.7,,113.2,
139816,1,113.1,,,,,,166.3,,40.9,,35.9,,39.2,,43.3,,119.5,,117.2,
139817,1,91,,,,,,156.7,,37.1,,37.4,,34.9,,34.5,,110.5,,123.3,
139818,1,59.2,,,,,,158.4,,23.6,2,36.8,,34.5,,28.9,,80,,94.1,
139819,1,62.8,,,,,,164.1,,23.3,,36.5,,37.3,,27.6,,89.2,,93.7,
139820,1,96.6,,,,,,170.2,,33.3,,40.7,,38.5,,36.7,,109.7,,106.3,
139825,1,89.7,,,,,,189,,25.1,,43.7,,38.8,,34.9,,96.4,,99.4,
139827,1,84.1,,,,,,166.5,,30.3,,34.1,,35.5,,34.3,,102.5,,108.7,
139828,3,147,3,,,,,174.8,,48.1,,,1,38,,47.6,,,1,,1
139829,1,114.9,,,,,,169.2,3,40.1,,37.2,,39,,37.1,,119.2,,139.4,
139830,1,74.2,,,,,,154.4,,31.1,,36.4,,34.7,,34.6,,99.8,,105.4,
139831,1,10.4,,82.9,,,,,,,,,,16.2,,15.3,,,,,
139833,1,97,,,,,,177.2,,30.9,,39.6,,43.1,,35.8,,105.4,,106.2,
139834,1,44.4,,,,,,131.2,,25.8,4,29.5,,28.6,,28,,83.1,,,
139835,1,71.6,,,,,,160.3,,27.9,3,39.2,,34.5,,32.9,,92.2,,106.1,
139840,1,114.7,,,,,,183.3,,34.1,,43.1,,43,,41,,111.6,,113.3,
139841,1,42.3,,,,,,117.2,,30.8,4,,,24,,28.7,,89.9,,,
139843,1,74.2,,,,,,172.6,,24.9,2,41.3,,39.5,,31.6,,83.5,,101,
139844,1,58.3,,,,,,156.1,,23.9,,33.5,,34,,28.5,,83.4,,89,
139845,1,54.6,,,,,,151.2,,23.9,,33.8,,33.9,,26.3,,88.6,,97.7,
139846,1,79.9,,,,,,169.1,,27.9,3,40.3,,37,,31.8,,91.2,,111.3,
139847,1,46.6,,,,,,154.2,,19.6,,36.7,,35,,24.2,,74.6,,87.2,
139848,1,45.1,,,,,,157.3,,18.2,2,37,,33.7,,22.6,,67.3,,86.3,
139849,1,77.6,,,,,,166.2,,28.1,,39.7,,37.2,,31.9,,92.7,,110.7,
139851,1,72.9,,,,,,165.8,,26.5,,38.7,,39.8,,31.8,,97.8,,95.2,
139852,1,11.4,,85.8,,,,84.9,,15.8,2,,,17,,15.1,,43.2,,,
139853,1,89.9,,,,,,170.4,,31,,37,,37.7,,35.5,,95.5,,113.6,
139854,1,82.7,,,,,,155.2,,34.3,,35.8,,35.6,,34.6,,108.1,,114.2,
139856,1,98.9,,,,,,175.8,,32,,43.6,,40,,35.4,,100.5,,114.7,
139857,1,56.5,,,,,,169.8,,19.6,,40.5,,37.5,,27,,74.3,,85.8,
139859,1,69,,,,,,151.5,,30.1,,37.1,,34.7,,32.1,,85,,111.6,
139860,1,32.8,,,,,,141.4,,16.4,2,32.7,,27.9,,21.3,,59.6,,,
139861,2,61.9,3,,,,,176.2,,19.9,,,1,,1,,1,,1,,1
139863,3,141.1,,,,,,179.6,,43.7,,,1,,1,,1,148.4,,,1
139864,1,15.7,,101.6,,,,101.1,,15.4,2,,,19.5,,15.8,,48.2,,,
139865,1,120.5,,,,,,194.2,,32,,45.8,,44.5,,40.5,,118.6,,130.4,
139867,1,90.5,,,,,,152.2,,39.1,,33.3,,34.2,,34,,128.2,,118.3,
139868,1,57.2,,,,,,157.8,,23,,38.2,,32.5,,27.7,,79.6,,97.8,
139869,1,87.4,,,,,,151.1,,38.3,,32,,34.3,,31,,127.5,,124.8,
139870,1,82.8,,,,,,161.6,,31.7,,37,,37.6,,33.4,,111.2,,115,
139871,1,64,,,,,,153.3,,27.2,,37.8,,33,,32.6,,79.1,,97.6,
139873,1,60.7,,,,,,157.4,,24.5,,35.8,,37.7,,33,,86.9,,101.6,
139874,1,146.4,,,,,,166.2,,53,,37.3,,38.6,,44,,154.7,,158,
139879,1,67.8,,,,,,163.5,,25.4,,38.9,,36.9,,30.4,,101.3,,94.5,
139881,1,67.3,,,,,,159.7,,26.4,3,37.5,,37,,32.2,,79.7,,102.8,
139882,3,,1,,,,,163.9,,,,,,,,,,,,,
139884,1,21.9,,,,,,113.9,,16.9,2,,,23,,19.2,,52.7,,,
139886,1,74.6,,,,,,153.2,,31.8,,34.5,,35.5,,34,,98.8,,119.6,
139888,1,64.8,,,,,,165.5,,23.7,,35.1,,36.9,,28.1,,84,,98,
139889,1,65.6,,,,,,151.6,,28.5,,34.7,,34,,30.2,,90.5,,102.4,
139890,1,110.5,,,,,,162,,42.1,,31.8,,33.5,,39.2,,124,,136.7,
139891,1,19.9,,,,,,114.5,,15.2,2,,,24.2,,17.9,,56.4,,,
139892,3,,1,,,,,160.1,,,,37.2,,34.6,,38.5,,,1,,1
139894,1,58.3,,,,,,149.3,,26.2,4,35.1,,32,,29.4,,82,,97.5,
139895,1,89.3,,,,,,171.8,,30.3,,38,,42,,32.7,,110.8,,111.9,
139897,1,121.7,,,,,,182.5,,36.5,,44.4,,40.5,,40.5,,120.2,,122.3,
139898,1,55.6,,,,,,153.9,,23.5,,35,,32.8,,31.7,,80.4,,95.1,
139899,1,202.8,,,,,,182.9,,60.6,,42.5,,42,,51.7,,171.5,,170,
139900,1,67.3,,,,,,169.5,,23.4,,42.2,,39.5,,30.7,,92.5,,95.3,
139901,1,72.1,,,,,,161.2,,27.7,,36,,36.2,,31.8,,106.8,,101.6,
139903,1,68.1,,,,,,165.4,,24.9,,37.7,,37,,28.8,,91.5,,100.7,
139906,1,24.8,,,,,,122.6,,16.5,2,,,27.4,,19.9,,57.5,,,
139907,1,58.7,,,,,,161,,22.6,,39.2,,35.8,,29.7,,81,,87.8,
139908,1,12.1,,86.2,,,,85.5,,16.6,2,,,16.1,,16.4,,45.9,,,
139909,1,32.5,,,,,,138.4,,17,2,32.9,,29,,20.3,,66.1,,,
139910,1,64.6,,,,,,165.5,,23.6,,36.8,,34.6,,28.2,,95.1,,92.9,
139912,1,68.4,,,,,,173.5,,22.7,,43,,40.5,,32.5,,85.3,,91.5,
139913,1,62.1,,,,,,136.1,,33.5,4,,,29.3,,32.2,,94.6,,,
139914,1,26.1,,,,,,125.1,,16.7,2,28.1,,26.7,,17.7,,58.5,,,
139915,2,66,3,,,,,151.3,,28.8,,,1,,1,,1,,1,,1
139916,1,111.6,,,,,,177.2,,35.5,,45.5,,37.5,,39.2,,120,,121.7,
139917,1,76.6,,,,,,164.8,,28.2,,37.6,,37,,36.1,,94,,109.4,
139918,1,104.4,,,,,,180.8,,31.9,,44.7,,40.4,,39.2,,114.6,,109,
139919,1,106,,,,,,191,,29.1,,42.2,,43.2,,36.6,,116.5,,108.9,
139920,1,109.6,,,,,,173.2,,36.5,,37.1,,40.1,,34.1,,125.1,,131.1,
139921,1,63.2,,,,,,159.3,,24.9,,38.3,,35.8,,31,,84.3,,99.9,
139922,1,55.3,,,,,,172.6,,18.6,,40.5,,36.8,,26.9,,72.3,,90.7,
139923,1,16.3,,,,,,107.4,,14.1,2,,,21.5,,15.7,,49.3,,,
139926,1,67.3,,,,,,158.6,,26.8,,34.1,,35.2,,30.7,,93.6,,107.5,
139930,1,100.5,,,,,,148.5,,45.6,,38.3,,34.7,,39.4,,113.6,,123.7,
139931,1,69.5,,,,,,150.2,,30.8,,35.4,,33.2,,35.3,,93.2,,101.6,
139933,3,85.5,,,,,,156.1,,35.1,,34,,36.8,,37.6,,,1,,1
139934,1,113.4,,,,,,170.8,,38.9,,41.5,,39.8,,44.4,,121.9,,132.8,
139935,1,112.3,,,,,,158.1,,44.9,,37.3,,37,,42.2,,124.3,,139.4,
139936,1,58.8,,,,,,159,,23.3,,37.1,,36,,28.5,,82.3,,97.9,
139937,1,81.7,,,,,,171.9,,27.6,,41.1,,38.5,,30.9,,90.1,,114,
139939,1,62.4,,,,,,161.5,,23.9,,38.1,,38.3,,31.2,,85.4,,87.9,
139940,1,10.1,,77.5,,,,,,,,,,16,,15,,,,,
139941,1,59.7,,,,,,172.2,,20.1,,39,,35.2,,24.1,,75.3,,96.6,
139942,1,71.5,,,,,,161.2,,27.5,,34.2,,35,,31.6,,98.7,,97.3,
139944,1,79.5,,,,,,164.3,,29.5,,37.8,,36,,30,,98.1,,108.3,
139946,1,131.8,,,,,,165.8,,47.9,,35.4,,40,,42,,146,,138.8,
139948,1,54.3,,,,,,164,,20.2,2,38.7,,35.5,,25.5,,74.8,,88.4,
139949,1,101.9,,,,,,163.5,,38.1,,39.1,,37.7,,39,,113.1,,124.1,
139950,1,63.9,3,,,,,158,,25.6,,36.8,,35,,32.4,,93.7,,98,
139951,1,81.5,,,,,,180.6,,25,,40.7,,41,,30.6,,95.7,,102,
139954,1,78.6,,,,,,170.5,,27,,42.3,,40,,34.5,,100.6,,97.2,
139955,2,45,3,,,,,161.5,,17.3,2,,1,,1,,1,,1,,1
139957,4,,,,,,,,,,,,,,,,,,,,
139958,1,9.6,,82.8,,,,,,,,,,15.5,,14,,,,,
139959,1,95.9,,,,,,164.9,,35.3,,37.7,,36.2,,36.1,,113,,108.2,
139960,1,49.2,,,,,,164.9,,18.1,2,40.6,,37.2,,23.9,,73.2,,86.4,
139962,1,12.7,,88,,,,,,,,,,17.9,,16.1,,,,,
139963,1,31.6,,,,,,133.7,,17.7,2,30.5,,26,,20.6,,63.2,,,
139964,1,77.6,,,,,,153.2,,33.1,,36.8,,35.6,,33.8,,103.6,,115.8,
139965,1,66.3,,,,,,173,,22.2,,40.7,,41.4,,30,,87.5,,92.3,
139966,1,79,,,,,,168.8,,27.7,3,43,,37.2,,33.9,,90.5,,109.3,
139967,1,102,,,,,,181.3,,31,,41.6,,42.4,,39.6,,108.2,,106.5,
139968,1,55.9,,,,,,169.2,,19.5,,40.2,,39.2,,26,,80.7,,92.3,
139969,1,66,,,,,,163,,24.8,2,37,,34.9,,29.7,,78.2,,99,
139971,1,29.7,,,,,,120.7,,20.4,4,,,27.2,,21.5,,66.6,,,
139972,1,101.3,,,,,,167.3,,36.2,,38.7,,38.2,,37.6,,117.8,,133.3,
139973,1,39.2,,,,,,136.2,,21.1,3,32.1,,27.5,,24.4,,69.9,,,
139974,1,65,,,,,,162.6,,24.6,,39.3,,37,,29.8,,100.9,,100.9,
139975,1,36.4,,,,,,146.7,,16.9,2,34,,32.3,,21.8,,58.5,,,
139977,1,82.1,,,,,,163.8,,30.6,,35.9,,39.2,,31,,110.8,,99.9,
139978,1,90.2,,,,,,178.7,,28.2,,47.7,,36.5,,35,,93.8,,101.7,
139979,1,21.7,,,,,,119.8,,15.1,2,,,25.7,,17.8,,54.6,,,
139980,1,77,,,,,,163.6,,28.8,,39,,35.5,,27,,98.7,,102.5,
139981,1,174.5,,,,,,168.4,,61.5,,35.3,,44.9,,50.1,,156.7,,142.3,
139982,1,117.9,,,,,,164.3,,43.7,,34.2,,41.4,,45.3,,133.3,,145.7,
139983,1,81.3,,,,,,150.7,,35.8,,34.3,,32,,35,,108.8,,113.1,
139984,1,94.9,,,,,,188.2,,26.8,,43.7,,42.1,,34.7,,99.1,,106.1,
139986,1,14.7,,94.8,,,,95.3,,16.2,2,,,19,,16.4,,49,,,
139987,1,95.6,,,,,,182.7,,28.6,,44.2,,38.6,,36.4,,99.3,,111.2,
139989,1,47.7,,,,,,164.8,,17.6,2,39,,34,,22,,68.7,,80,
139990,1,23.4,,,,,,124.1,,15.2,2,,,26,,17.7,,54.9,,,
139992,1,10.4,,70,,,,,,,,,,13.2,,17.5,,,,,
139993,1,60.5,,,,,,177.7,,19.2,2,45,,39.1,,27.5,,68.8,,90.7,
139995,1,92.9,,,,,,172.1,,31.4,,41.3,,38.6,,31.7,,112.9,,104.3,
139996,1,75.5,,,,,,156,,31,,30.9,,37.4,,33.7,,103.3,,108.6,
139997,1,92.2,,,,,,174,,30.5,,42.2,,40,,35.7,,101.2,,111.5,
139998,1,52.3,,,,,,151.1,,22.9,,35.3,,34.5,,27.7,,88.1,,87.1,
140000,1,58,,,,,,165.3,,21.2,,38.5,,37.5,,26.4,,87.4,,92.3,
140001,1,77.1,,,,,,177.9,,24.4,,42,,37.2,,31.5,,88.2,,99.1,
140004,1,111.7,,,,,,179.5,,34.7,,39.4,,41,,36.6,,130.8,,121,
140006,1,82.4,,,,,,181.8,,24.9,,43.7,,38.8,,34.7,,93.2,,102.4,
140008,1,37.8,,,,,,142.5,,18.6,2,34.5,,32,,22,,69.4,,,
140009,1,76.5,,,,,,186,,22.1,2,45.4,,42.5,,30.6,,79,,93,
140011,1,99.9,,,,,,172.1,,33.7,,38.6,,38.2,,39.3,,110.8,,112,
140013,1,97.5,,,,,,166.8,,35,,42.5,,38.5,,40.2,,107.6,,115.9,
140014,1,96.2,,,,,,178.6,,30.2,,42.1,,40.9,,37.2,,105.2,,107.1,
140015,2,71.6,3,,,,,165.5,,26.1,,,1,,1,,1,,1,,1
140016,1,76.2,,,,,,176.3,,24.5,,40.6,,41,,32.3,,86.5,,102.7,
140018,1,76,,,,,,162.5,,28.8,4,41.5,,36.8,,33.4,,93.2,,105.8,
140019,1,47.3,,,,,,150.7,,20.8,,34.1,,32.3,,24,,70.4,,93.2,
140020,1,60.1,,,,,,161,,23.2,,36.4,,34.7,,28.2,,82.6,,96.7,
140021,1,104.1,,,,,,159.2,,41.1,,34,,35,,37.6,,129.5,,131,
140022,1,74.1,,,,,,167.2,,26.5,,37.6,,36.7,,31.8,,92,,114.5,
140023,1,97.7,,,,,,167.9,,34.7,,35.5,,38.6,,37.7,,113.3,,130.5,
140024,1,55.7,,,,,,142.1,3,27.6,,31.5,,32.6,,32.6,,90.6,,102.1,
140025,1,118.7,,,,,,181.8,,35.9,,45.5,,39,,40.2,,107.1,,123.2,
140026,3,68.7,3,,,,,153.6,,29.1,,,1,35.1,,31,,,1,,1
140028,1,80.2,,,,,,155.7,,33.1,,33.4,,37,,33,,109.1,,114.9,
140030,1,19.6,,,,,,111.2,,15.9,2,,,22.5,,17.9,,54.3,,,
140032,1,81.9,,,,,,174.4,,26.9,,43,,41,,31.8,,99.6,,100.5,
140033,1,38,,,,,,141.1,,19.1,2,35.5,,31.5,,23.5,,67.3,,,
140034,1,130,,,,,,183.4,,38.6,,42.5,,43.2,,42.4,,126.3,,136.1,
140035,1,19.8,,,,,,108.6,,16.8,2,,,24.6,,18.1,,52,,,
140037,1,60.9,,,,,,167.6,,21.7,,39.7,,36.8,,27.4,,91,,92.2,
140038,1,50.8,,,,,,151.1,,22.3,2,33.2,,32.3,,27.3,,78.8,,88.7,
140039,1,120.1,,,,,,158.9,,47.6,,38.2,,39.4,,44.5,,119.3,,143.1,
140040,1,79.8,,,,,,176.4,,25.6,,41.7,,39.3,,32.3,,97,,97.5,
140041,1,91.4,,,,,,172.9,,30.6,,35.8,,40.1,,33.7,,106.4,,105.1,
140042,1,64.8,,,,,,168,,23,,38.1,,36.3,,28.7,,83.2,,98.6,
140043,1,92.4,,,,,,176.6,,29.6,,44.8,,39.6,,35.3,,105.9,,110.1,
140044,1,81.6,,,,,,146.5,,38,,33,,34,,40,,108.2,,124.4,
140045,1,72.2,,,,,,164.6,,26.6,,39.3,,35,,32,,84.7,,108.5,
140047,3,138.5,3,,,,,169.9,,48,4,,1,36.5,,39.9,,,1,,1
140049,1,92.9,,,,,,164.5,,34.3,,37.8,,38.2,,38.1,,120.6,,123.9,
140050,1,9,,72.9,,,,,,,,,,14.5,,14.6,,,,,
140051,1,71,,,,,,180.3,,21.8,2,44,,39.5,,28.6,,79.1,,99.1,
140052,1,61.6,,,,,,171.1,,21,2,44,,38.7,,26.6,,80.3,,87.9,
140053,1,95.1,,,,,,179.8,,29.4,,41.7,,41.5,,35,,113.6,,102.2,
140054,1,40.1,,,,,,163.6,,15,1,37.1,,35.2,,22,,65.5,,80.7,
140055,1,80.2,,,,,,185.9,,23.2,,42.5,,39.4,,30.3,,87,,94.8,
140057,3,,1,,,,,178.7,,,,40.6,,34.5,,25.6,,69.9,,92.6,
140058,1,86.3,,,,,,175.5,,28,,38.2,,38,,35,,103.7,,102,
140059,1,94.8,,,,,,166.9,,34,,39.2,,36,,37.5,,103.9,,119.6,
140060,1,50.7,,,,,,147.3,,23.4,4,35,,31.6,,27,,75,,,
140061,1,8.8,,68.8,,45.6,,,,,,,,13.8,,15.8,,,,,
140062,1,50.8,,,,,,179.3,,15.8,1,43.7,,37,,22.7,,68.6,,82.3,
140064,1,126.4,,,,,,174.2,,41.7,,43,,41.8,,43.3,,120.1,,130.3,
140067,2,121.3,3,,,,,151.8,,52.6,,,1,,1,,1,,1,,1
140068,1,82.1,,,,,,167.6,,29.2,,38.8,,38.2,,34,,104.6,,109.8,
140069,1,65.7,,,,,,154.2,,27.6,,36.3,,34,,29.9,,98,,98.7,
140070,1,73.2,,,,,,166.5,,26.4,,37.5,,35.7,,32.2,,97.5,,95.4,
140071,1,66.7,,,,,,150.7,,29.4,,33,,32.7,,28.1,,102.5,,98.6,
140072,1,55.1,,,,,,157.2,,22.3,,38.6,,35.5,,25.6,,76.3,,97.1,
140073,1,112.7,,,,,,171.1,,38.5,,33.1,,37.7,,36.9,,143.3,,125.9,
140074,1,92.4,,,,,,166.6,,33.3,,34.4,,38.5,,36,,114.2,,107.5,
140075,1,98.4,,,,,,177.2,,31.3,,41.9,,41.4,,34.6,,113.7,,108.7,
140078,1,69.9,,,,,,165.5,,25.5,,37.7,,36.7,,31.6,,87.7,,100.5,
140080,1,56,,,,,,146.3,,26.2,4,37.9,,31.8,,28.9,,85.3,,,
140081,1,72.2,,,,,,171.4,,24.6,,41.1,,38.6,,31.2,,84,,105.4,
140082,1,91.7,,,,,,186.2,,26.4,2,44.3,,43.5,,33.2,,92.1,,107.7,
140083,1,19,,,,,,108.2,,16.2,2,,,22.3,,17.1,,51.2,,,
140086,1,100.8,,,,,,169.4,,35.1,,35.3,,40.4,,41.5,,127.4,,125.6,
140087,1,17.8,,,,,,111.4,,14.3,2,,,22,,17,,50.7,,,
140088,1,56.1,,,,,,159.9,,21.9,,35.2,,37.4,,25.4,,85,,96.4,
140089,1,94.4,,,,,,167.1,,33.8,4,39.3,,37.6,,38.6,,111.4,,117.5,
140090,1,60.9,,,,,,153.5,,25.8,,36,,33.5,,29.7,,82.8,,102.8,
140091,1,87,,,,,,159.3,,34.3,,36.9,,35,,35.6,,116,,126.1,
140092,1,78.7,,,,,,169.5,,27.4,,36.9,,37.4,,31.4,,94.2,,94.3,
140093,3,16.6,,,,,,,1,,,,,24.3,,18.2,,,1,,
140094,1,56,,,,,,160.6,,21.7,,36.1,,31.5,,28.6,,74.4,,92.2,
140095,1,85.3,,,,,,166.4,,30.8,,36.5,,38.4,,38.2,,115,,105,
140096,1,54.1,,,,,,151.9,,23.4,,34.3,,31.5,,27.3,,86.4,,89.5,
140097,1,105.7,,,,,,187.2,,30.2,,41.3,,41.3,,34.5,,114.2,,109.5,
140098,1,69.4,,,,,,149.4,,31.1,4,33.1,,32.2,,33.5,,94.4,,,
140099,1,19.6,,,,,,116.6,,14.4,2,,,24.5,,16.2,,51.2,,,
140101,1,64.8,,,,,,165.6,,23.6,,42,,34.5,,30.8,,83.2,,93.4,
140102,1,57.8,,,,,,161.5,,22.2,2,37.2,,36,,25,,75.5,,97,
140103,1,9.4,,71.4,,,,,,,,,,14.2,,15.3,,,,,
140104,1,67.5,,,,,,160.4,,26.2,,37.7,,35.2,,30.9,,85,,106.8,
140105,1,82.4,,,,,,150.6,,36.3,,37.2,,39.2,,35.4,,104.4,,131.1,
140106,1,49.9,,,,,,161.1,,19.2,2,38,,35.3,,24.2,,66.6,,84.6,
140107,1,58.8,,,,,,150.5,,26,4,35.5,,32,,28.2,,84.3,,,
140108,1,42,,,,,,124.1,,27.3,4,,,26.8,,27.8,,80.2,,,
140109,3,78.2,3,,,,,176.4,,25.1,,,1,38.8,,29,,105.2,,,1
140110,1,92.1,,,,,,160.2,,35.9,,35,,38.1,,38.3,,117.6,,118,
140111,1,78.8,,,,,,178.4,,24.8,,42.5,,37.5,,31.6,,93,,110,
140112,1,64.7,,,,,,166.6,,23.3,,37.5,,35,,28.7,,80,,97.6,
140114,1,31.3,,,,,,133.6,,17.5,2,33,,28.8,,23.1,,64.4,,,
140115,1,124.6,,,,,,183.6,,37,,43.7,,42.5,,44.5,,124.8,,119,
140117,1,106.6,,,,,,161.4,,40.9,,39.9,,36.6,,39.6,,110.3,,126.1,
140118,1,86.3,,,,,,167.3,,30.8,,37.7,,37.9,,35.9,,104.3,,102.9,
140119,1,90.1,,,,,,166.1,,32.7,,38.5,,37.4,,37.1,,103.2,,109.8,
140120,1,19.2,,,,,,111,,15.6,2,,,22.3,,16.5,,50,,,
140121,1,52.8,,,,,,158.7,,21,,35.7,,34.7,,26,,74,,97.8,
140122,1,142,,,,,,168,,50.3,,41.4,,40.2,,46,,138.4,,146.3,
140125,1,23.1,,,,,,114.1,,17.7,3,,,24,,20.1,,61.2,,,
140126,2,9.3,,79.5,,,,,,,,,,,1,,1,,,,
140127,1,74.2,,,,,,169,,26,,36,,39.6,,31.8,,96,,103.3,
140128,1,81.4,,,,,,175.4,,26.5,3,42.7,,41.3,,35.7,,89,,104.8,
140129,1,63.2,,,,,,169.5,,22,,38,,37.3,,30.4,,85.5,,97.4,
140130,1,65.9,3,,,,,171,,22.5,,36.5,,37.4,,28.3,,91.1,,101.3,
140131,4,,,,,,,,,,,,,,,,,,,,
140132,1,64.3,,,,,,180.3,,19.8,,42,,37.5,,29.3,,76.2,,90.6,
140133,1,55.7,,,,,,149,,25.1,,34.5,,32.5,,27.2,,84.9,,99.6,
140134,1,87,,,,,,178.4,,27.3,,42.1,,44,,33.5,,98.1,,103.9,
140135,1,98.5,,,,,,155.3,,40.8,,35,,38.3,,42.7,,119.3,,122.2,
140136,1,45.1,,,,,,145.1,,21.4,3,36,,33,,25,,70.3,,,
140137,1,67.4,,,,,,144.3,,32.4,,34,,32.3,,31.7,,99.7,,102,
140138,1,61,,,,,,157.8,,24.5,3,39.9,,36.3,,29.7,,79.3,,95.5,
140139,1,74.8,,,,,,169.3,,26.1,,37.3,,35.6,,29,,103.2,,111.1,
140140,1,62.8,,,,,,157.3,,25.4,3,35.5,,34.8,,28.7,,81,,95.1,
140141,1,28.1,,,,,,136.8,,15,2,32,,31.5,,18.1,,57,,,
140143,1,59.2,,,,,,163.8,,22.1,,38,,36.5,,25.6,,85.4,,88.5,
140144,1,86.7,,,,,,167.2,,31,,38.1,,35.9,,36,,102.4,,120.5,
140145,1,85.8,,,,,,161.2,,33,,38.2,,36,,33.5,,106.2,,121.8,
140146,1,20.1,,,,,,111.3,,16.2,2,,,21.5,,17.9,,47.2,,,
140148,1,61.2,,,,,,160.7,,23.7,,37.4,,35.2,,29.6,,86.3,,99,
140149,1,94.8,,,,,,174.9,,31,,40.1,,37,,36.8,,106.7,,108,
140150,1,50.7,,,,,,133.5,,28.4,4,31,,26.2,,27.4,,95,,,
140152,1,60.7,,,,,,154.2,,25.5,,34.2,,34.8,,28.5,,94.2,,89.7,
140153,1,103.5,,,,,,168.8,,36.3,,41.6,,38.2,,34.4,,102,,124,
140155,1,56.9,,,,,,160.5,,22.1,,36.3,,37.1,,25.8,,81.6,,97,
140156,1,81.9,,,,,,166.7,,29.5,,39.5,,34,,32.4,,100.7,,115.5,
140157,3,42.4,,,,,,135.3,,23.2,4,31.8,,30.2,,26.1,,,1,,
140158,1,98.8,,,,,,180.5,,30.3,,42.5,,39.6,,35.2,,110.1,,103.8,
140159,1,34,,,,,,131.3,,19.7,4,,,27.2,,23.8,,67.8,,,
140161,1,94.8,,,,,,175.2,,30.9,,40,,40.4,,32.5,,114.8,,103.5,
140162,3,46.3,,,,,,147.9,,21.2,2,,1,32,,23.6,,72.6,,86.7,
140163,1,62.1,,,,,,161,,24,,38,,36.7,,27.5,,84.2,,96.7,
140165,1,76,,,,,,175.5,,24.7,,40.4,,41.6,,31.3,,97.8,,99.3,
140166,1,111.9,,,,,,178.6,,35.1,,45.3,,40.9,,40.6,,108,,120.2,
140167,1,17.3,,,,,,107.4,,15,2,,,21.6,,17.9,,50,,,
140168,1,66.5,,,,,,176.1,,21.4,2,41.2,,40.4,,26.1,,74.3,,93.5,
140169,1,86.1,,,,,,187,,24.6,,47.8,,43,,34.2,,92.4,,103,
140172,1,68.5,,,,,,160.1,,26.7,,35.5,,33,,29.9,,99.6,,107.4,
140173,1,106.6,,,,,,162.2,,40.5,,36.5,,36,,39,,114.8,,124.8,
140174,3,101.1,,,,,,163.4,,37.9,,,1,38,,40,,,1,,1
140175,1,72.2,,,,,,158.2,,28.8,3,39.6,,35,,33.7,,98.6,,105.3,
140176,3,56.1,,,,,,180.9,,17.1,,,1,37.5,,25,,,1,,1
140177,1,9.2,,80.2,,,,,,,,,,16.5,,14,,,,,
140178,1,74.9,,,,,,154.3,,31.5,,35.4,,35,,32.5,,100.6,,113.7,
140179,1,78.2,,,,,,167.4,3,27.9,,38,,38,,34.5,,99,,98.5,
140180,1,79.7,,,,,,165,,29.3,,40.4,,37.4,,33.3,,101.6,,107.5,
140181,1,107.8,,,,,,181.6,,32.7,,44,,42,,36.5,,119.2,,104.4,
140182,1,68.3,,,,,,174.6,,22.4,,42.5,,39,,28.3,,81.8,,102.1,
140183,3,59,,,,,,158.4,,23.5,2,,1,33.2,,27.6,,,1,,1
140184,1,78.2,,,,,,177.4,,24.8,,39.4,,38.9,,35.3,,82.1,,101.8,
140185,3,,1,,,,,161.2,,,,39.8,,34.7,,30,,75.7,,115.2,
140186,1,30.6,,,,,,132.8,,17.4,2,30.6,,26,,21.7,,57,,,
140187,1,78.2,,,,,,158.8,,31,,39.2,,34.8,,34.3,,93.9,,114,
140189,1,59.8,,,,,,159.8,,23.4,,40.5,,36,,22.2,,91.5,,101,
140190,1,16.9,,,,,,104.6,,15.4,2,,,21,,15.4,,50.3,,,
140191,1,58.7,,,,,,164.1,,21.8,2,40,,36.2,,27.1,,78.1,,93,
140192,2,144.5,,,,,,159,,57.2,,,1,,1,,1,,1,,1
140193,1,107,,,,,,167.3,,38.2,,33.2,,40.5,,37,,110.3,,129.4,
140194,1,63.4,,,,,,150.3,,28.1,,34.1,,35,,29.9,,98.2,,100.5,
140197,1,90.1,,,,,,184.4,,26.5,,43.2,,40,,31,,101.5,,102.3,
140199,1,119.6,,,,,,166.7,,43,,38,,37.6,,39.7,,137.4,,126.9,
140200,1,70.7,,,,,,195,,18.6,,47.5,,44,,27.7,,78,,93.8,
140201,3,89.7,,,,,,157.1,,36.3,,,1,34,,38.2,,,1,,1
140202,1,13.6,,90.2,,,,86.4,,18.2,3,,,18,,17.1,,51.8,,,
140205,1,37.2,,,,,,157.5,,15,1,36.5,,34.6,,19,,63.5,,80.2,
140206,1,23.7,,,,,,116.2,,17.6,3,,,24,,18.5,,53.2,,,
140207,1,25.5,,,,,,126.5,,15.9,2,29,,26.2,,20.8,,55.5,,,
140208,1,105.8,,,,,,161,,40.8,,30.5,,35.3,,40.4,,130.5,,125.4,
140209,1,7.8,,70.6,,,,,,,,,,12.5,,13.8,,,,,
140210,1,23.6,,,,,,118,,16.9,2,,,24.2,,18.4,,54.7,,,
140212,1,105.4,,,,,,180,,32.5,,41.7,,40,,34.1,,124.8,,110.3,
140213,2,92.6,3,,,,,166.1,,33.6,4,,1,,1,,1,,1,,1
140214,1,104.4,,,,,,185,,30.5,,41.1,,40.7,,36.9,,118.8,,112.9,
140215,2,61.5,3,,,,,163.6,,23,,,1,,1,,1,,1,,1
140216,1,74.6,,,,,,168.3,,26.3,,35.9,,38.9,,29.5,,99.3,,97.3,
140217,1,70.2,,,,,,164.3,,26,,33.6,,35.9,,31.5,,101,,102.1,
140218,1,59.1,,,,,,151.2,,25.9,,33.5,,30.4,,29.5,,84.3,,98.4,
140219,1,191.5,,,,,,168.1,,67.8,,38.5,,37.2,,56,,177.2,,182.5,
140220,1,96.2,,,,,,179,,30,4,45.3,,38.6,,37.4,,97.7,,109.7,
140221,1,113.4,,,,,,161.9,,43.3,,32.8,,37.2,,42.5,,111.4,,135.7,
140222,1,75.8,,,,,,156.9,,30.8,4,34.5,,35.8,,35.3,,97.6,,103,
140223,1,78.3,,,,,,173.6,,26,,38.7,,38.2,,32.1,,97.7,,91.9,
140224,1,79.9,,,,,,169.7,,27.7,,39.2,,39.1,,33,,107.8,,107.5,
140225,1,16,,97.8,,,,96.8,,17.1,3,,,20.5,,17,,50.4,,,
140226,1,73.1,,,,,,164,,27.2,,35.2,,34.8,,33.3,,104.2,,106.5,
140227,1,10.7,,84.6,,,,,,,,,,17,,15.1,,,,,
140228,1,44.1,,,,,,149.7,,19.7,,32.2,,32.2,,25.8,,74.9,,84.5,
140230,1,95.3,,,,,,177.5,,30.2,,45.7,,42.7,,31.3,,107.6,,114.1,
140232,1,71.9,,,,,,157.1,,29.1,,33.4,,35,,31.3,,100.8,,98.2,
140234,1,23.6,,,,,,130.7,,13.8,2,28.9,,25.8,,18.2,,56.7,,,
140235,1,18.4,,,,,,114.2,,14.1,2,,,23,,16.9,,45.8,,,
140237,1,82.4,,,,,,175.2,,26.8,,37.9,,38.8,,35,,99.7,,113.8,
140238,1,79.3,,,,,,189.4,,22.1,2,42.2,,39.4,,31.3,,97.1,,100.5,
140239,1,77.8,,,,,,170.8,,26.7,,40.5,,37,,32.8,,90,,106.3,
140240,1,21.2,,,,,,118.2,,15.2,2,,,23.7,,18.7,,54.4,,,
140243,1,78.2,,,,,,167.6,,27.8,,38.1,,35.7,,33.5,,97.4,,108.8,
140244,1,64.2,,,,,,162.4,,24.3,,39,,37,,28.1,,86.2,,102.1,
140245,1,65.7,,,,,,175.5,,21.3,,42.5,,40.5,,27.5,,92.8,,95.3,
140246,1,58.4,,,,,,149,,26.3,,34.2,,30.2,,26.8,,89.2,,97,
140248,1,121.1,,,,,,185,,35.4,,43.5,,40.2,,42,,116.7,,127.2,
140249,1,52.7,,,,,,160.9,,20.4,,35.4,,34.5,,26.3,,79.5,,91.7,
140251,1,20.1,,,,,,118.4,,14.3,2,,,24.6,,16.6,,48.6,,,
140252,1,80.2,,,,,,153.1,,34.2,,33.3,,32,,34,,111.4,,111,
140253,1,26,,,,,,122.3,,17.4,2,,,26,,20.6,,61.9,,,
140254,1,97.9,,,,,,167.8,,34.8,,40.2,,38.7,,38.4,,116.2,,113.2,
140257,1,33.9,,,,,,129.8,,20.1,4,,,25.5,,24,,68.7,,,
140258,1,10.7,,79,,,,,,,,,,16.5,,16.2,,,,,
140262,1,62.87,,,,,,154,,26.5,,33,,31.6,,29.1,,77.4,,103.5,
140263,1,64.5,,,,,,159.6,,25.3,4,39.2,,36,,28.2,,81.6,,,
140265,1,68.6,,,,,,161,,26.5,,37.1,,36,,30.4,,96.6,,102,
140266,3,110.3,3,,,,,150.9,,48.4,,,1,34.5,,42.5,,,1,,1
140267,1,22.6,,,,,,110.5,,18.5,4,,,22.5,,19,,62.2,,,
140268,1,21,,,,,,114.1,,16.1,2,,,24.5,,17.1,,57.1,,,
140269,1,76.3,,,,,,154.2,,32.1,,33.6,,34,,34.2,,103.2,,111.4,
140271,1,65,,,,,,171.4,,22.1,2,43,,38.5,,29.9,,75.8,,94.1,
140272,1,86.9,,,,,,178.4,,27.3,,40.2,,41,,33.3,,106.2,,103.5,
140274,1,57.4,,,,,,144.5,,27.5,4,36.1,,33.6,,28.5,,82.1,,,
140276,1,91,,,,,,179.4,,28.3,,42,,40,,33.1,,106.9,,105.5,
140280,1,58.1,3,,,,,173.9,,19.2,,41.4,,40.2,,28,,71.6,,86.1,
140281,1,72.3,,,,,,152.6,,31,,35.6,,36,,34.8,,101.7,,110.2,
140282,1,89.6,,,,,,169,,31.4,,38.1,,37.5,,35.9,,109.8,,112.1,
140283,1,58.8,,,,,,160,,23,,40.4,,36.3,,28.5,,76.2,,91.7,
140285,3,69,3,,,,,164.2,,25.6,,,1,35.5,,32,,,1,,1
140286,3,76.7,3,,,,,177.2,,24.4,,,1,38,,32.1,,,1,,1
140288,1,95.2,,,,,,155.1,,39.6,,32.5,,36.3,,34.4,,116.1,,119.2,
140291,1,68.8,,,,,,171.3,,23.4,,40.7,,37.2,,29.8,,85.4,,93,
140292,1,77.2,,,,,,192.6,,20.8,2,46.5,,42,,29,,76.1,,95.8,
140293,1,75.9,,,,,,162,,28.9,,37.6,,36,,31.3,,98.7,,111.4,
140295,1,99.2,,,,,,165,,36.4,4,40.6,,36.4,,38.2,,111.5,,118.6,
140298,1,110.1,,,,,,175.6,,35.7,,43.7,,38.5,,41.6,,112,,119.1,
140299,1,131.8,,,,,,171.6,,44.8,,39.3,,38.5,,47,,133,,141,
140301,1,76.1,,,,,,157.2,,30.8,4,37.2,,36,,36,,96.8,,,
140302,1,73.8,,,,,,157.6,,29.7,,32.5,,34.3,,31.4,,103.8,,110.2,
140303,1,86.4,,,,,,158.3,,34.5,,36.4,,36.2,,35,,110.7,,116.3,
140304,1,95.1,,,,,,154.6,,39.8,,34.1,,39.2,,39.4,,115.4,,122.2,
140309,1,73.6,,,,,,154,,31,4,32.7,,33.5,,31.2,,95.2,,104.4,
140310,1,9.3,,74.3,,,,,,,,,,14,,14.2,,,,,
140311,1,110.2,,,,,,163,,41.5,,39.1,,36.6,,43.5,,121.7,,120.6,
140313,1,81.4,,,,,,165,,29.9,,37.3,,36.3,,35.2,,97.5,,105.7,
140314,1,146.7,,,,,,171.7,,49.8,,34.4,,37,,42.3,,155.5,,147.2,
140315,1,83.6,,,,,,176.7,,26.8,,44.6,,41.8,,36.4,,92.8,,102,
140316,1,88.6,,,,,,158.9,,35.1,,35.7,,35.4,,35.5,,109.7,,118.5,
140317,1,74.6,,,,,,166.9,,26.8,,42.9,,37.2,,30.8,,84.1,,105.5,
140319,1,115.4,,,,,,183.2,,34.4,,39.3,,44.3,,37.7,,121.3,,112.8,
140320,1,81.1,,,,,,178.6,,25.4,,41,,40.5,,34.3,,90,,99,
140321,1,97.4,,,,,,164.9,,35.8,,35,,42.4,,38.6,,118.4,,114.5,
140322,1,107.5,,,,,,148.7,,48.6,,38,,34,,45.1,,123.2,,134.6,
140324,1,34.7,,,,,,136.8,,18.5,2,30.4,,29.6,,21.7,,66.3,,,
140327,1,68.7,,,,,,168.3,,24.3,,38.5,,39.3,,29.8,,88.7,,103,
140328,1,103.6,,,,,,179,,32.3,,39.5,,38.5,,38.3,,122,,111,
140329,1,45.4,,,,,,150.4,,20.1,2,36,,32.2,,24.7,,68.3,,89.1,
140330,1,66.6,,,,,,164.5,,24.6,,32.1,,39.1,,27.8,,92.9,,93.1,
140332,1,109.2,,,,,,183,,32.6,,42.9,,40.7,,39.6,,117,,119.4,
140333,1,83.6,,,,,,181.9,,25.3,,41.9,,40.3,,31.6,,94.3,,102.9,
140335,3,49.7,3,,,,,165.6,,18.1,2,,1,33.5,,24.1,,,1,,1
140336,1,70.6,,,,,,160.9,,27.3,,38.4,,33.6,,30.8,,98.1,,106.3,
140337,1,20.5,,,,,,116,,15.2,2,,,24.8,,18,,55,,,
140338,1,39.7,,,,,,139.6,,20.4,3,33.4,,30.2,,24.1,,68.4,,,
140341,1,102.4,,,,,,160.7,,39.7,,36.5,,32.5,,33.3,,122.4,,137.3,
140345,1,133.6,,,,,,160.6,,51.8,,35,,41.6,,44.7,,155,,161.4,
140346,1,82.5,,,,,,164.9,,30.3,,38.4,,37.5,,37.2,,97.5,,111.8,
140347,1,74.2,,,,,,160,,29,,35.4,,36.8,,32.8,,97.3,,106.7,
140350,1,93.5,,,,,,183.5,,27.8,,45.5,,41.5,,34.7,,107.7,,102.2,
140351,1,42.8,,,,,,127.5,,26.3,4,27,,27.6,,29.3,,74.3,,,
140352,1,55.4,,,,,,155.9,,22.8,,35.7,,33.8,,28,,80.3,,96.6,
140353,1,80.5,,,,,,180.8,,24.6,,47,,40.8,,32.9,,93.5,,99.8,
140354,1,96.4,,,,,,172.7,,32.3,,39.8,,41,,36,,102.2,,108.9,
140355,1,103.8,,,,,,182.1,,31.3,,43.3,,43.8,,35.3,,119.5,,112,
140357,1,112.7,,,,,,183,,33.7,,42.2,,43,,37.5,,130.5,,124.7,
140358,1,117.4,,,,,,173,,39.2,,41.3,,40.5,,42.3,,121.3,,133,
140360,1,125.4,,,,,,174.7,,41.1,,45.6,,41.1,,45.2,,107.6,,130.1,
140361,1,14.9,,,,,,103,,14,2,,,22.4,,16.1,,48.7,,,
140362,1,83.9,,,,,,172.6,,28.2,,40.9,,38,,34.9,,105,,103.5,
140363,1,56.5,,,,,,162.2,,21.5,2,35.7,,37,,27,,74.2,,91.6,
140364,1,65.2,,,,,,170.1,,22.5,,38.8,,34.5,,28.9,,83.5,,95.8,
140365,1,16.4,,,,,,105.8,,14.7,2,,,21.3,,16.2,,48.6,,,
140369,3,91.7,3,,,,,162.5,,34.7,,,1,37,,36.2,,,1,,1
140370,3,13.9,,98.1,,,,98.3,,14.4,2,,,21.5,,15.1,,,1,,
140371,1,73.7,,,,,,171.8,,25,,41.5,,36.3,,30.5,,83.2,,105,
140379,1,62.9,,,,,,150.3,,27.8,,34.2,,34.4,,30.3,,88.3,,98.5,
140380,1,107.3,,,,,,171.9,,36.3,,41.5,,40.5,,38.5,,128.5,,110.8,
140381,1,74.7,,,,,,152.5,3,32.1,,31.8,,34.7,,31.5,,104.2,,111.4,
140382,1,71.7,,,,,,160.3,,27.9,,34.5,,35.7,,33.7,,93.7,,95,
140384,1,105.2,,,,,,166.6,,37.9,,42.8,,40,,38,,109.8,,126,
140385,1,99.7,,,,,,169.1,,34.9,,40.1,,40.3,,38.5,,115.4,,119.7,
140386,1,86.8,,,,,,174.1,,28.6,,41.3,,40,,36.2,,101.7,,106.6,
140387,1,96.1,,,,,,154.6,,40.2,,32.9,,34.2,,39.5,,112.4,,126.3,
140390,1,81,,,,,,156.8,,32.9,,32.7,,33.3,,32.4,,101.9,,116.7,
140392,1,75.7,,,,,,152.4,,32.6,,32.7,,39,,34.2,,96,,109.7,
140398,1,52.7,,,,,,174.1,,17.4,,39,,38.3,,25.4,,79.5,,86.6,
140399,1,88.2,,,,,,169,,30.9,,37.9,,39.8,,39.1,,107.1,,105.3,
140400,1,71,,,,,,167.5,,25.3,,39.3,,36.3,,31.5,,91.6,,100,
140401,1,46.8,,,,,,163.7,,17.5,2,35.8,,39.5,,23.2,,64.5,,87,
140402,1,29.3,,,,,,128,,17.9,3,,,27.5,,20,,64,,,
140403,2,48.9,3,,,,,163.1,,18.4,,,1,,1,,1,,1,,1
140404,1,46.1,,,,,,151.5,,20.1,,35,,33.8,,22.9,,80.3,,81.7,
140405,1,89.3,,,,,,170.7,,30.6,,41.8,,41,,37.1,,102,,101.7,
140406,1,79.9,3,,,,,156.5,,32.6,,34.3,,32.9,,34.3,,109,,114.3,
140408,1,49.3,,,,,,162,,18.8,2,36.6,,35.3,,24.9,,73.1,,84.9,
140409,1,93.6,,,,,,195.1,,24.6,,49,,42.5,,32.3,,91,,108.7,
140410,1,62.3,,,,,,178.4,,19.6,2,44.5,,38.2,,26.5,,75.8,,92.5,
140412,1,82.6,,,,,,162.1,,31.4,,37.3,,36.8,,33.9,,106.6,,114.2,
140413,1,32.9,,,,,,130.8,,19.2,2,32.2,,29.2,,23.3,,66.6,,,
140417,3,55.1,3,,,,,158.1,,22,,,1,32.5,,25.7,,,1,,1
140418,2,58.3,3,,,,,144.3,,28,,,1,,1,,1,,1,,1
140420,1,70.9,,,,,,164.6,,26.2,3,38.3,,35.5,,28.5,,89.6,,100,
140421,1,87.9,,,,,,179.3,,27.3,,43,,40,,33.7,,105.3,,103.5,
140422,1,51.2,,,,,,152.4,,22,,36.4,,33.1,,27.4,,69.2,,93,
140423,1,82.9,,,,,,163.2,,31.1,,37,,38.8,,33.8,,102.4,,115.8,
140424,1,71.5,,,,,,171.1,,24.4,,37.1,,37,,30.4,,89,,95.5,
140425,1,57.3,,,,,,151.5,,25,,34.3,,33,,29.2,,88.4,,98.5,
140426,1,100.2,,,,,,170.1,,34.6,,39,,35.6,,36,,117.5,,107.9,
140428,1,82.9,,,,,,161,,32,,36.8,,37.4,,35.9,,100.3,,104.5,
140429,1,51,,,,,,160,,19.9,2,37.4,,33.3,,25.6,,68.1,,,
140430,1,59.7,,,,,,157.2,,24.2,,33.9,,35.4,,31.5,,86.8,,97.4,
140431,1,13.6,,90.6,,,,88.1,,17.5,3,,,17.2,,18.2,,48,,,
140432,1,31.8,,,,,,125.7,,20.1,4,,,27.2,,21.5,,62,,,
140433,1,59.4,,,,,,158.4,,23.7,,33.4,,35.3,,27.9,,85.2,,95.5,
140434,1,23.2,,98.4,,,,95.7,,25.3,4,,,20.8,,22,,67.2,,,
140435,1,77.2,,,,,,165.1,,28.3,,36.5,,38.2,,31.9,,91.9,,106.1,
140436,1,81.1,,,,,,173.6,,26.9,,39.2,,37.9,,33.5,,92.4,,100.2,
140437,1,68.2,,,,,,173,,22.8,,38.8,,38.3,,27.6,,94.5,,95.2,
140439,1,48.1,,,,,,138.1,,25.2,4,33.8,,30.5,,28.5,,76.8,,,
140441,2,13.7,,85.7,,,,,,,,,,,1,,1,,,,
140443,1,77.8,,,,,,159.9,,30.4,,36.5,,35.6,,33.5,,102.4,,102.3,
140444,1,103.2,,,,,,170.3,,35.6,,41.4,,40.8,,39.4,,113.9,,113.1,
140445,1,64.6,,,,,,165.7,,23.5,,38.1,,35.5,,24.3,,83.6,,96.4,
140446,1,73.9,,,,,,166.2,,26.8,,39,,38,,31.1,,87,,106.7,
140448,1,11.8,,90.3,,,,88.6,,15,2,,,17.5,,14,,45.9,,,
140449,1,103.4,,,,,,170.8,,35.4,,40.3,,37.2,,34.6,,107.1,,132.2,
140450,1,18.6,,,,,,111,,15.1,2,,,22.4,,15.7,,50.9,,,
140451,1,76.3,,,,,,160.2,,29.7,,33,,37,,31.2,,101.3,,115.2,
140453,1,16.7,,96.9,,,,94.9,,18.5,4,,,21.2,,18,,53.6,,,
140454,1,36,,,,,,140.1,,18.3,2,34.5,,30.3,,22.9,,64.4,,,
140455,1,73.9,,,,,,167.9,,26.2,,40.9,,39.5,,33.2,,95.6,,99.5,
140456,1,108.2,,,,,,176,,34.9,,41.3,,41.7,,37.4,,126.9,,114,
140457,1,74.6,,,,,,181.2,,22.7,2,44.7,,40.7,,28.8,,77.7,,99.3,
140458,1,58.1,,,,,,158.1,,23.2,,38.5,,36,,28.2,,82.3,,88.9,
140459,1,62,,,,,,164,,23.1,,38.5,,36,,27.8,,92.6,,95.5,
140460,1,92.8,,,,,,159.7,,36.4,,33.1,,34.5,,34.8,,121.8,,131.5,
140461,1,43.9,,,,,,157.5,,17.7,2,39.2,,34.8,,22.5,,67.5,,82.1,
140463,1,12.7,,95.2,,,,93.9,,14.4,1,,,18.4,,15,,48.2,,,
140466,1,45,,,,,,158,,18,,35.5,,32.3,,24,,75.1,,83.4,
140467,1,55.7,,,,,,154.2,,23.4,,35.2,,32,,27.7,,80.4,,88.3,
140468,1,16.2,,,,,,100.2,,16.1,2,,,20.3,,18,,50.8,,,
140470,1,72.3,,,,,,170.5,,24.9,,40.8,,37.3,,32,,93.4,,94.3,
140471,1,58.9,,,,,,159.5,,23.2,,38,,37.2,,25.7,,84.4,,103.5,
140472,1,83.5,,,,,,170.7,,28.7,,41.5,,40.3,,32,,108.3,,103.4,
140473,1,105.2,,,,,,171.9,,35.6,,41.5,,39.5,,37.5,,93,,130.6,
140474,1,71.5,,,,,,166.8,,25.7,,41,,37.5,,30.3,,99.6,,97.6,
140475,1,84.8,,,,,,171.1,,29,,42,,41.5,,34.5,,96.6,,104.7,
140476,1,80,,,,,,177,,25.5,,40.2,,38,,31.2,,96.5,,103.2,
140477,1,55.8,,,,,,170.6,,19.2,,40.1,,39,,24.4,,81.2,,84,
140478,1,83.4,,,,,,153.4,,35.4,,36,,34.3,,40.9,,99.6,,116.4,
140479,1,112.6,,,,,,158,,45.1,,34.1,,37.8,,43.6,,137.7,,138.5,
140480,3,224.1,,,,,,191.7,,61,,,1,42.8,,47.6,,,1,,1
140482,1,75.6,,,,,,168.4,,26.7,,40.7,,35,,31.9,,77.7,,111.8,
140483,1,87.1,,,,,,170.4,,30,,39.2,,40.4,,37.1,,110.9,,107.9,
140485,1,84.7,,,,,,178.4,,26.6,,41,,38.5,,31.5,,105.5,,102.1,
140486,1,109.8,,,,,,173.2,,36.6,,41.7,,40.3,,31.8,,126.8,,124.2,
140489,1,25.9,,,,,,132.1,,14.8,2,29.5,,28.5,,18.4,,54.5,,,
140490,1,133.8,,,,,,180.5,,41.1,,41.3,,40.2,,42.1,,139.8,,136.3,
140492,1,54.9,,,,,,149.2,,24.7,,34,,33.8,,29,,82.9,,89.5,
140493,1,84.5,,,,,,159.9,,33,,34.1,,39.1,,38.5,,105.3,,109.2,
140494,1,78.5,,,,,,175.6,,25.5,,41.7,,37.5,,32.2,,91.8,,103,
140495,1,89.8,,,,,,163.7,,33.5,,37.3,,35.7,,38.9,,113.5,,119.1,
140497,1,9.9,4,76.3,,,,,,,,,,14,,15.3,,,,,
140498,1,74.6,,,,,,150.1,,33.1,,34.2,,34,,33.5,,99.8,,105.5,
140499,1,110.7,,,,,,155.1,,46,,39.6,,38,,46,,118.6,,127.7,
140500,1,26.8,,,,,,127.2,,16.6,2,,,28,,19,,56.8,,,
140502,1,100.1,,,,,,163.4,,37.5,,38,,37.3,,42.4,,124.3,,115.3,
140503,1,29.7,,,,,,134.1,,16.5,2,29.2,,27.5,,21.1,,62.9,,,
140505,1,113.6,,,,,,161.1,,43.8,,38.5,,37.8,,41,,100.1,,133.3,
140506,4,,,,,,,,,,,,,,,,,,,,
140507,1,96.4,,,,,,177.3,,30.7,,44.4,,40.4,,34.2,,105.5,,114.5,
140508,1,109.5,,,,,,176.5,,35.1,,42.5,,40.6,,41.6,,107.4,,117.5,
140509,1,81.8,,,,,,151.7,,35.5,,34,,38.4,,42.7,,99.1,,116.3,
140510,1,139.8,,,,,,165,,51.3,4,40.6,,38.3,,48.4,,134.5,,135.8,
140511,1,86.8,,,,,,174.8,,28.4,,36.9,,39,,36.3,,103,,104.5,
140512,1,57.8,,,,,,163.2,,21.7,,36,,37.2,,27.8,,73.3,,90.9,
140513,1,38.7,,,,,,130.2,,22.8,4,31.9,,29.8,,24.7,,76.1,,,
140514,1,66,,,,,,179,,20.6,,46.4,,40.6,,27.5,,87.1,,93.2,
140515,1,11.9,,79.1,,,,,,,,,,15.6,,17.6,,,,,
140516,1,32.9,,,,,,129.6,,19.6,3,31.6,,28.8,,23.4,,66.5,,,
140517,1,84.3,,,,,,169.5,,29.3,,38.1,,41,,32.8,,97.1,,98.4,
140518,1,88,,,,,,183.6,,26.1,,43.4,,44.3,,36.2,,105.5,,99.1,
140519,1,17.4,,,,,,107,,15.2,2,,,21.3,,18.4,,50.8,,,
140521,1,68.5,,,,,,159,,27.1,,34,,34.4,,34,,79,,104.5,
140522,3,33.5,3,,,,,139.7,,17.2,2,,1,28.8,,22.3,,61,,,
140523,1,61,,,,,,144,,29.4,,31.2,,30,,31,,96.1,,96.1,
140524,1,69.8,,,,,,167.4,,24.9,,41.8,,39,,28.3,,94.8,,103.7,
140525,1,78.8,,,,,,177,,25.2,,43.4,,35.2,,32.9,,89.6,,107.1,
140526,1,73.6,,,,,,156.8,,29.9,3,37.5,,36.5,,33.3,,92.1,,109.1,
140527,1,52.4,,,,,,160.3,,20.4,,35.5,,36.6,,25.4,,81.5,,92.7,
140529,1,113.1,,,,,,170.7,,38.8,,36.7,,39.4,,46.7,,122,,127.3,
140530,3,60.7,,,,,,154.6,,25.4,,36.4,,34.2,,28.2,,,,,
140531,1,96.8,,,,,,158,,38.8,,36.5,,33.3,,39,,119.6,,121.3,
140532,1,78.6,,,,,,155.6,,32.5,,39.1,,36,,33.7,,89.6,,118.5,
140533,1,63.2,,,,,,169.7,,21.9,,41,,37.7,,28,,77.4,,95.5,
140536,1,10,,78.7,,,,,,,,,,15.5,,16.2,,,,,
140537,3,21,,,,,,,1,,,,,,1,,1,,1,,
140538,3,,,,,,,133.4,,,,,,39.3,,33.4,,102.5,,101.6,
140539,1,86.5,,,,,,172,,29.2,,39,,38.6,,35.2,,95.8,,102,
140540,1,121.7,,,,,,179.6,,37.7,,41.7,,41,,42.9,,134.6,,121.1,
140541,1,75.9,,,,,,172.6,,25.5,,42.5,,42,,35,,95,,94.8,
140543,1,90.6,,,,,,177.4,,28.8,,38.5,,38.6,,34.3,,107,,108,
140547,1,145.2,,,,,,161.5,,55.7,,39.2,,38,,50.5,,153.3,,157.5,
140548,1,77.5,,,,,,186.9,,22.2,,44.1,,43.2,,30.7,,89.2,,94.3,
140550,1,55.4,,,,,,165.9,,20.1,,37.3,,35,,25,,81.8,,87,
140551,1,32.1,,,,,,131.7,,18.5,2,29.9,,29.4,,22.8,,63.3,,,
140552,1,109.9,,,,,,180.7,,33.7,,47,,41.6,,39.2,,110,,113.9,
140554,1,90.5,,,,,,150.5,,40,,37.7,,34,,33.9,,114.5,,134,
140555,1,73.1,,,,,,162.2,,27.8,,36.2,,36,,34.6,,94.1,,99.8,
140556,1,86,,,,,,170.8,,29.5,,37.4,,42.2,,32.8,,108.7,,102.2,
140557,1,51.7,,,,,,179.9,,16,1,41.9,,39,,22.2,,68,,87.5,
140558,1,77.8,,,,,,164.9,,28.6,,35.1,,35.1,,29.8,,96,,109.8,
140559,1,69.1,,,,,,161.3,,26.6,,36.2,,34.2,,31.1,,92.7,,98.3,
140561,1,67.2,,,,,,157,,27.3,,35,,33.7,,32.1,,94.7,,99,
140562,1,63.2,,,,,,165.4,,23.1,,38.8,,36,,25.2,,83,,100.4,
140563,3,144.5,3,,,,,167.3,,51.6,,,1,39.8,,46,,,1,,1
140564,1,103.8,,,,,,172.9,,34.7,,38,,40,,38.8,,115.3,,122.4,
140566,3,71.3,3,,,,,164.4,,26.4,,,1,38.2,,33.3,,,1,,1
140568,1,64.7,,,,,,161.5,,24.8,,35.2,,35.5,,29.6,,86.5,,92.3,
140570,1,173.3,,,,,,163.6,,64.7,,36.7,,38.3,,57.8,,165.2,,166,
140571,1,55.9,,,,,,160.9,,21.6,,39.5,,35,,28.5,,75.8,,87.5,
140574,1,48.2,,,,,,160.4,,18.7,2,39,,35,,24.4,,68.1,,85.2,
140575,1,47.3,,,,,,158,,18.9,2,37.5,,34.4,,25.2,,71.4,,,
140576,1,56.6,,,,,,145.6,3,26.7,,31.8,,35,,29.4,,89.8,,98,
140577,1,13.9,,98.7,,,,96.4,,15,2,,,19,,16.1,,46.5,,,
140578,1,57.7,,,,,,162.2,,21.9,,34.8,,34.7,,28.1,,81.8,,99.7,
140579,1,63.9,,,,,,171.8,,21.6,,39.8,,40.4,,29.2,,77.3,,94.6,
140580,1,90,,,,,,167.3,,32.2,,37.9,,41.6,,35,,107.1,,116.4,
140581,1,87.6,,,,,,153.6,,37.1,,29.7,,35,,35.4,,119.9,,124.7,
140582,1,77.3,,,,,,159.1,,30.5,,39,,35,,35,,96.1,,112.1,
140583,1,95.3,,,,,,171.3,,32.5,,45.8,,37.3,,35.4,,114.4,,111.1,
140584,1,83.4,,,,,,163.6,,31.2,,34.4,,38.3,,31.3,,103.6,,117.7,
140585,1,10.2,,86.1,,,,,,,,,,17.9,,15,,,,,
140586,1,78.6,,,,,,173.2,,26.2,,40,,38,,30.5,,95.2,,102.4,
140589,1,107.1,,,,,,160.7,,41.5,,35,,36,,39.5,,124.1,,137.7,
140590,1,85,,,,,,144.5,3,40.7,,36.8,,32.7,,34.3,,120.9,,128.5,
140591,1,10,,72.4,,,,,,,,,,16.5,,15.8,,,,,
140592,1,68.5,,,,,,145.5,,32.4,,32.3,,35.3,,33,,108,,108.5,
140593,1,29.7,,,,,,141,,14.9,2,31.7,,29.4,,18.9,,59.4,,,
140595,1,75.5,,,,,,163.2,,28.3,,40.2,,36.1,,33.5,,92,,106,
140596,1,76.8,,,,,,160.4,,29.9,,35.1,,36,,34.5,,108.5,,103.8,
140600,1,51.5,,,,,,157.6,,20.7,2,36.1,,34,,26,,74.4,,93.4,
140602,1,71,,,,,,160.8,,27.5,4,38.7,,35.1,,31.5,,97.5,,,
140604,1,82.9,,,,,,171.3,,28.3,,37.6,,37.3,,32.1,,104.3,,98.7,
140607,1,83.9,,,,,,172,,28.4,,39.2,,40,,30.5,,105.6,,100.8,
140608,1,117.1,,,,,,175.4,,38.1,,40.5,,40,,38,,134.8,,128.8,
140609,1,86.4,,,,,,163.4,,32.4,,38,,35.5,,35.7,,95.4,,110.5,
140611,2,121.7,3,,,,,177.8,,38.5,,,1,,1,,1,,1,,1
140612,4,,,,,,,,,,,,,,,,,,,,
140613,1,92.3,,,,,,186.9,,26.4,,44,,39.9,,36.3,,96.1,,107.3,
140614,1,110,,,,,,170.2,,38,,40.6,,37.5,,38,,119.7,,114.3,
140615,1,87.7,,,,,,177.4,,27.9,,40.1,,37,,30.7,,106.5,,106.6,
140616,1,101.7,,,,,,162.7,,38.4,,35.7,,39.5,,39.3,,114.8,,124.9,
140618,1,91.1,,,,,,184.4,,26.8,,44.5,,43.7,,38.3,,81.1,,105.2,
140620,1,90,,,,,,165.6,,32.8,,39.5,,37.1,,33.7,,97.5,,123.6,
140621,1,54.6,,,,,,156,,22.4,,34.2,,34.4,,29.1,,84.5,,87.7,
140624,1,30.8,,,,,,131.6,,17.8,2,31.7,,27.6,,20.5,,61.8,,,
140625,1,74.6,,,,,,188.9,,20.9,2,44.1,,41.1,,27.9,,85.7,,99.4,
140626,1,87.8,,,,,,174.9,,28.7,,38.1,,39.1,,34.6,,105.6,,106.6,
140627,1,60.8,,,,,,160.2,,23.7,,35.9,,37.3,,28.5,,91.4,,95,
140628,1,59.5,,,,,,159.5,,23.4,,34.3,,34.3,,27.2,,78.7,,102.4,
140629,1,58.3,,,,,,163,,21.9,,36.7,,36.4,,25.6,,87.2,,94.2,
140630,1,49.5,,,,,,154.1,,20.8,,34.7,,32.2,,26.1,,74.8,,88.3,
140631,1,74.3,,,,,,170.1,,25.7,,41.2,,39.1,,31.6,,80,,108.2,
140632,1,28,,114.3,,,,110.2,,23.1,4,,,23,,24,,63.6,,,
140633,1,65.6,,,,,,165.2,,24,,36,,36.2,,30.9,,87.3,,98.1,
140634,1,77.9,,,,,,159,,30.8,4,41,,37.2,,33.4,,101.1,,,
140635,3,49.9,3,,,,,166,,18.1,,,1,34.4,,24.5,,75.4,,,1
140636,3,113.7,,,,,,169.3,,39.7,,,1,39.6,,42.1,,133.5,,,1
140637,1,83.4,,,,,,173.9,,27.6,,39.3,,38.3,,31.2,,104.9,,100.8,
140638,1,48.9,,,,,,142.1,,24.2,4,32.9,,30.3,,28.4,,86.4,,,
140639,1,82.3,,,,,,169.6,,28.6,,35.7,,37.1,,32.5,,95.1,,112.5,
140640,1,60.8,,,,,,170.8,,20.8,,41.4,,37.3,,28.6,,72,,89,
140641,1,91.4,,,,,,163.5,,34.2,,35.3,,35,,36.2,,104.1,,117,
140642,1,29.6,,,,,,139.2,,15.3,2,32.3,,29.6,,18.6,,55.6,,,
140644,1,108.3,,,,,,156.7,,44.1,,39,,36.1,,37.6,,115.9,,134,
140645,1,73.9,,,,,,165.7,,26.9,,35.6,,35.9,,31.2,,98.9,,93,
140646,1,100.4,,,,,,164.4,,37.1,,37.2,,36.5,,40.8,,116.3,,122.5,
140647,1,23.7,,,,,,116.1,,17.6,3,,,23,,20.3,,57.5,,,
140648,1,86.1,,,,,,159.9,,33.7,,35.3,,38.4,,35.3,,102.4,,108.6,
140649,1,92.1,,,,,,177.4,,29.3,,37,,41.2,,37.1,,106.1,,104.1,
140650,1,74,,,,,,159.3,,29.2,,33.7,,35,,35.9,,95.7,,100.4,
140651,3,105.4,3,,,,,159.1,,41.6,,,1,38.7,,42.4,,114.9,,,1
140652,1,19.5,,,,,,113.5,,15.1,2,,,23.9,,17.6,,55.8,,,
140654,1,15,,85.8,,,,,,,,,,17.1,,18.9,,,,,
140657,1,55.3,,,,,,155.6,,22.8,3,38.5,,35.2,,27.8,,73.4,,88.7,
140658,1,53.2,,,,,,156,,21.9,,34.3,,33.8,,27,,86.3,,98.2,
140659,1,77,,,,,,161.1,,29.7,,37.1,,37.3,,32.8,,104,,99.1,
140660,3,84.7,,,,,,,1,,,,1,,1,,1,,1,,1
140661,1,105.7,,,,,,158.1,,42.3,,38.1,,37,,46.7,,114.7,,124.5,
140662,3,10.8,3,83.7,,,,81,,16.5,2,,,,1,,1,,1,,
140663,1,73.5,,,,,,152.9,,31.4,,37.5,,34,,34.8,,92.8,,106,
140664,1,125.4,,,,,,172.8,3,42,,46.2,,42.2,,40.1,,113,,139.9,
140665,1,115.8,,,,,,178.1,,36.5,,39.7,,40.5,,42.2,,113,,112.5,
140666,1,67.2,,,,,,166,,24.4,,36.3,,40.5,,28,,98.3,,96.5,
140667,1,94.5,,,,,,159.2,,37.3,,36.2,,38,,39.8,,107.9,,133.4,
140668,1,12.3,,89.3,,,,87.5,,16.1,2,,,17.9,,15.6,,46.6,,,
140669,1,47.4,,,,,,161.7,,18.1,2,38.5,,35.6,,22,,67.9,,87.3,
140670,1,70.2,,,,,,164.2,,26,,35.6,,35.5,,29.2,,102.8,,90.1,
140672,1,66.8,,,,,,156.1,,27.4,,38.3,,33.9,,31.5,,80.5,,108.2,
140673,1,100.8,,,,,,187.7,,28.6,,46,,45,,32.4,,112,,110.3,
140674,1,105,,,,,,156.9,,42.7,,34.5,,37,,38.1,,120.8,,128.7,
140675,1,45.7,,,,,,155.3,,18.9,2,37,,34.5,,24.7,,68,,86.3,
140677,1,84.6,,,,,,164.9,,31.1,,37.6,,38,,35.5,,108,,103,
140680,1,60.2,,,,,,167.6,,21.4,,36.5,,36.1,,26.5,,86.1,,97.1,
140682,1,95.9,,,,,,158.7,,38.1,,36.7,,40.5,,41.9,,112.1,,111.2,
140683,1,63.6,,,,,,160.7,,24.6,,33.6,,35.5,,30,,82.2,,92.4,
140684,1,69.4,,,,,,156.4,,28.4,,34.8,,33.5,,31,,91.5,,111.1,
140686,1,63.8,,,,,,171.9,,21.6,,39.2,,38.8,,27.4,,81.7,,95.1,
140689,3,114,,,,,,170.7,,39.1,,,1,43,,41.9,,127.1,,,1
140690,1,97.5,,,,,,183.1,,29.1,,43.7,,41.7,,36.7,,108.7,,107.9,
140691,1,55,,,,,,168.4,,19.4,2,36.7,,36.3,,25.7,,68.2,,85.3,
140692,1,110.3,,,,,,175.4,,35.9,,40.6,,42.8,,36.6,,127.4,,119.9,
140694,1,81.5,,,,,,173,,27.2,,38.6,,39.5,,32.9,,106,,116.4,
140696,1,92.2,,,,,,149.9,,41,,27.8,,35,,36.3,,116.7,,131.7,
140697,1,71.5,,,,,,159.8,,28,,34.6,,37.4,,31.7,,91.7,,98.2,
140698,1,52.9,,,,,,169.3,,18.5,,38.7,,35.6,,25,,77.8,,92.2,
140699,1,68.4,,,,,,173.7,,22.7,,43.1,,39.9,,28.2,,88.2,,94.6,
140700,1,28.6,,,,,,135.4,,15.6,2,30.5,,29.2,,19.2,,55.3,,,
140702,1,85,,,,,,162.9,,32,,35.7,,38.4,,30.7,,108.9,,113.6,
140703,1,54.3,,,,,,170.3,,18.7,,37.5,,35.4,,27.1,,72.4,,84.4,
140706,1,48.4,,,,,,148,,22.1,,34.3,,31.5,,27.4,,81.9,,88.2,
140707,1,68.2,,,,,,154.9,,28.4,3,37.1,,33.2,,31.6,,82.7,,106.9,
140708,1,94,,,,,,174.3,,30.9,,41.2,,37.7,,35.2,,98.5,,102.9,
140709,1,89.3,,,,,,168.2,3,31.6,,36,,37.8,,35.9,,113.5,,108.2,
140710,1,102.8,,,,,,167.8,,36.5,,38.8,,37,,38.5,,118.3,,123.2,
140711,1,65.1,,,,,,161.6,,24.9,,35,,37.3,,31.2,,86,,89.5,
140712,1,42,,,,,,156.7,,17.1,2,36.1,,33.2,,22,,67.4,,82.6,
140714,2,75.1,3,,,,,171.2,,25.6,,,1,,1,,1,,1,,1
140717,1,27,,,,,,131.8,,15.5,2,28.1,,27,,19.7,,55.1,,,
140718,1,103.1,,,,,,157.7,,41.5,,32.3,,33.5,,37.8,,120.9,,133.6,
140719,1,10.9,,77.5,,,,,,,,,,15,,15.6,,,,,
140720,1,81.5,,,,,,155.8,,33.6,,36.5,,33,,34.1,,111.4,,119,
140721,3,29.5,,,,,,,1,,,,1,,1,,1,,1,,1
140723,1,113.5,,,,,,183.1,,33.9,,46.5,,43.2,,39.9,,115.8,,113,
140724,1,106.5,,,,,,175.8,,34.5,,42.2,,40,,39.5,,115.2,,111.2,
140725,1,59.9,,,,,,162.7,,22.6,3,38.8,,37.2,,30.3,,79.7,,,
140726,1,83.3,,,,,,154.5,,34.9,,33,,36.9,,33.3,,110.7,,119.3,
140727,1,73.8,,,,,,166,,26.8,,36.7,,38,,31.4,,88.5,,100.2,
140728,1,72.5,,,,,,165.1,,26.6,,39.6,,37.2,,34.5,,89.6,,97.7,
140729,1,57.4,,,,,,165.2,,21,,38.6,,35,,25.2,,76.4,,98.6,
140730,1,78,,,,,,180.2,,24,,40,,42.3,,31.4,,94.7,,95.7,
140731,1,69.7,,,,,,166.8,,25.1,,39,,37.6,,30.3,,85.8,,101.6,
140733,1,73.1,,,,,,162.3,,27.8,3,41.2,,37.5,,33.2,,92.3,,103.3,
140734,1,26.3,,,,,,130.4,,15.5,2,,,27.8,,18.8,,54.2,,,
140735,1,87.7,,,,,,168,,31.1,,38.2,,37,,35.1,,98,,106,
140736,3,,1,,,,,145.3,3,,,,1,32,,22.3,,,1,,1
140740,1,94.8,,,,,,176.4,,30.5,,34.7,,41.9,,33.1,,112,,110.4,
140741,1,50.5,,,,,,160.7,,19.6,2,38.4,,34.9,,26.7,,66.6,,85.9,
140742,1,109.9,,,,,,165.3,,40.2,,38.2,,39.4,,38.5,,113.9,,134.2,
140745,1,141.2,,,,,,177.4,,44.9,,38.3,,41.8,,44.2,,136,,133.3,
140746,1,74.8,,,,,,171.6,,25.4,,41.8,,38,,32.5,,98.5,,101.6,
140748,1,93,,,,,,162.2,,35.3,,36,,41,,35.5,,117.9,,123,
140749,1,68,,,,,,153.1,,29,,28.6,,32,,29.3,,100.5,,105.7,
140750,1,15.8,,,,,,100.9,,15.5,2,,,22.2,,17.5,,50.8,,,
140751,1,28.9,,,,,,125.4,,18.4,3,,,27,,19.9,,59,,,
140752,1,100,,,,,,158.7,,39.7,,34.7,,38.2,,39.4,,121.8,,125.3,
140753,1,47.6,,,,,,146.1,,22.3,,31.5,,30,,27.7,,70.3,,91.1,
140754,1,79.6,,,,,,161,,30.7,,37.8,,36,,33.7,,108.3,,102.6,
140756,1,98.7,,,,,,172.5,,33.2,,41.5,,40.4,,37.2,,106.2,,105.6,
140757,1,65.3,,,,,,152.2,,28.2,,35.3,,35,,33,,94.7,,99.6,
140758,1,84.6,,,,,,174.1,,27.9,,45,,40.5,,33.6,,98.7,,100.7,
140759,1,15.5,,,,,,111.3,,12.5,1,,,21.1,,14.7,,45.5,,,
140760,1,80,,,,,,158.3,,31.9,,35,,38.5,,35.8,,110,,112.3,
140761,1,68.8,,,,,,167.6,3,24.5,,39.8,,38,,27.5,,93.2,,96,
140762,1,102.8,,,,,,171.1,,35.1,,44.4,,41.2,,35.2,,109.9,,120.1,
140766,1,124.3,,,,,,172,,42,,41.2,,40.4,,42.5,,123.7,,119.9,
140767,1,61.7,,,,,,156,,25.4,3,35.4,,34.8,,30.8,,87,,92.8,
140771,1,74.1,,,,,,157.4,,29.9,,37.7,,36,,33.7,,88.1,,108.6,
140772,1,25.4,,,,,,117.4,,18.4,4,,,24,,19.9,,66,,,
140773,1,82.5,,,,,,172.1,,27.9,,43.1,,43,,33.9,,96.8,,103.6,
140774,1,17,,,,,,110.7,,13.9,2,,,22.9,,16.3,,58.9,,,
140775,3,99.9,3,,,,,187.6,,28.4,,,1,39.8,,34.4,,,1,,1
140776,1,94.4,,,,,,181.8,,28.6,,40.5,,39.2,,33.7,,104.6,,107.6,
140777,1,82.2,,,,,,157,,33.3,,36.5,,36.4,,33.6,,108.2,,107.4,
140780,1,16.9,,,,,,111.6,,13.6,1,,,24,,15.6,,48.9,,,
140781,1,85.2,,,,,,154.6,,35.6,,28.2,,37.9,,38,,104.6,,117.3,
140783,1,79.1,,,,,,168.6,,27.8,,41,,39.2,,34.9,,101.8,,104.8,
140786,1,75.1,,,,,,166.3,,27.2,,40.8,,38.6,,32.6,,85.1,,99.9,
140787,1,109.7,,,,,,158.8,,43.5,,34.7,,35.8,,45.5,,126.6,,137.9,
140788,1,91.2,,,,,,177.4,,29,,42.9,,42,,36.1,,106.1,,104.4,
140789,2,54.4,3,,,,,165.1,,20,2,,1,,1,,1,,1,,1
140790,1,89.7,,,,,,174.9,,29.3,,40,,39,,32,,105.6,,104,
140791,1,8.5,,76.1,,,,,,,,,,14.5,,14,,,,,
140792,3,78.6,,,,,,182,,23.7,,,1,40,,33.5,,,1,,1
140793,1,37.3,,,,,,125.1,,23.8,4,,,26.3,,23.3,,77.6,,,
140794,1,82.7,,,,,,160.6,,32.1,,39,,36.5,,33.8,,108,,110.2,
140795,1,120.1,,,,,,187.5,,34.2,,47.2,,43,,39.9,,120.5,,114.3,
140796,1,76.5,,,,,,161.6,,29.3,,40.1,,36.8,,33.7,,86,,112,
140797,1,66.2,,,,,,166.6,,23.9,,40.2,,37.4,,29.3,,83.8,,102.4,
140798,1,23.1,,,,,,122.8,,15.3,2,,,24.8,,18.3,,58.7,,,
140799,3,,1,,,,,176.5,3,,,,1,,1,,1,,1,,1
140800,1,57.4,,,,,,165.3,,21,2,41.4,,35,,27.1,,75.2,,89.5,
140801,1,74.3,,,,,,164.8,,27.4,,38.8,,36.3,,32.9,,98.2,,93.5,
140802,1,14.5,,93.6,,,,93.4,,16.6,2,,,17.5,,16.5,,49.2,,,
140803,1,57.6,,,,,,162.5,,21.8,,37.5,,34.9,,27.3,,80.1,,99.3,
140804,1,82.8,,,,,,181.5,,25.1,,43,,39,,32.2,,96.9,,100.1,
140805,1,65.6,,,,,,163.8,,24.4,,39.1,,37,,30.5,,85.7,,97.1,
140806,1,76.6,,,,,,164.5,,28.3,4,41.1,,38,,35.2,,93.6,,104.4,
140807,1,104.1,,,,,,172.7,,34.9,,43.7,,36.7,,36.6,,118.2,,122.4,
140808,1,64.4,,,,,,166,,23.4,,37.8,,35,,29.2,,84.4,,99.5,
140812,1,87.7,,,,,,154.8,,36.6,,30.7,,32.5,,33.1,,121,,123.4,
140813,1,47.8,,,,,,162.2,,18.2,,39.2,,38.4,,24,,75.1,,83.1,
140814,1,24.2,4,,,,,120.6,,16.6,2,,,25.4,,19.3,,56.3,,,
140815,1,53,,,,,,165.3,,19.4,2,37,,36.5,,22.4,,76.6,,83.7,
140817,1,64.8,,,,,,161.6,,24.8,,34.9,,35.2,,30.1,,90.3,,92.8,
140818,1,65,,,,,,156.6,,26.5,,35.8,,34.7,,28.8,,91,,103,
140820,1,18,,,,,,110.7,,14.7,2,,,22,,15.7,,49.4,,,
140821,1,57.5,,,,,,167,,20.6,,39.3,,37.7,,25.6,,81.5,,93.2,
140822,1,30,,,,,,133.8,,16.8,2,31.4,,28.4,,20.4,,64.5,,,
140823,1,77.6,,,,,,165.2,,28.4,,39.2,,36.2,,30.6,,91.2,,108.4,
140824,1,57.9,,,,,,167,,20.8,,38,,34.5,,26.4,,70.5,,94.2,
140826,1,37,,,,,,151.2,,16.2,2,35.6,,33.4,,21.5,,65.4,,,
140827,1,51.1,,,,,,166.5,,18.4,,37.3,,36.1,,25.6,,70.7,,91.6,
140828,1,18.3,,,,,,112,,14.6,2,,,22.7,,16.6,,51.4,,,
140829,1,80.1,,,,,,159.6,,31.4,,40.3,,36.5,,34.6,,96.8,,115.1,
140830,3,84.2,3,,,,,170,,29.1,,,1,,1,,1,99.8,,,1
140831,1,108.5,,,,,,191.7,,29.5,,46.8,,45.5,,37.7,,105.1,,110.8,
140832,1,88,,,,,,157.2,,35.6,,34.3,,37.1,,34.6,,119.5,,123.9,
140833,1,71.6,,,,,,154.6,,30,,34.5,,36.5,,32.7,,102.3,,103,
140834,1,73.1,,,,,,161.6,,28,,32.7,,35.5,,30.9,,101.5,,108.9,
140835,4,,,,,,,,,,,,,,,,,,,,
140836,1,123.1,,,,,,155,,51.2,,32,,37.2,,49.9,,138.6,,144.1,
140837,1,38,,,,,,140,,19.4,2,33.3,,32.4,,23.5,,69.3,,,
140838,1,96.6,,,,,,167.2,,34.6,,40.7,,40.4,,35.2,,122.6,,123.5,
140839,1,16.6,,,,,,102.7,,15.7,2,,,21.2,,17.1,,51.8,,,
140840,1,12.6,,85.8,,,,,,,,,,15.5,,15.7,,,,,
140841,1,65.6,,,,,,176.1,,21.2,,41.1,,37.3,,29.3,,85.7,,91.9,
140842,1,87.2,,,,,,162.4,,33.1,4,38.2,,37.6,,33.1,,110,,,
140844,2,64.8,3,,,,,166.1,,23.5,,,1,,1,,1,,1,,1
140845,1,67.5,,,,,,161.5,,25.9,,39.3,,35.2,,27.5,,89.5,,105.2,
140846,1,9.5,,81.4,,,,81.1,,14.4,2,,,17,,14.7,,41.8,,,
140849,1,44,,,,,,149.1,,19.8,2,35.1,,32.8,,23.5,,68.7,,,
140850,1,92.8,,,,,,163.8,,34.6,,37.5,,38.9,,37.9,,108.6,,115.5,
140851,1,98.5,,,,,,183.2,,29.3,,46,,38.1,,38,,95.1,,108.8,
140852,1,60.3,,,,,,153.8,,25.5,,33.6,,35.7,,27.6,,90.3,,105.6,
140853,1,49.3,,,,,,163,,18.6,2,36.7,,33.8,,23.9,,72.6,,94.7,
140854,1,56.3,,,,,,165.6,,20.5,,35.3,,32.7,,26.6,,81,,97.4,
140855,1,162.5,,,,,,180.2,,50,,42.5,,41.5,,44.5,,153.4,,155.2,
140856,1,85.3,,,,,,159.9,,33.4,,29.3,,39.1,,34.7,,107,,110.6,
140857,1,34.3,,,,,,129.9,,20.3,3,29.5,,28.7,,22.5,,74.1,,,
140858,1,65,,,,,,161.8,,24.8,,36.6,,33.5,,28,,94,,98.5,
140862,1,47.9,,,,,,160,,18.7,,37.2,,32.6,,24.3,,69.5,,87.4,
140864,1,68.3,,,,,,154.8,,28.5,,36.8,,34.5,,31.6,,98.4,,108.1,
140865,1,62.6,,,,,,149.5,,28,,33,,33,,29.8,,88.1,,99.1,
140866,1,25.7,,,,,,117.4,,18.6,3,,,24.5,,21,,59.3,,,
140867,1,105.5,,,,,,172.5,,35.5,,44.6,,40.6,,36.9,,123.5,,129.2,
140868,1,21.4,,,,,,115.4,,16.1,2,,,24.5,,18.9,,55.8,,,
140869,1,51.3,,,,,,163.1,,19.3,2,39.7,,35,,23.9,,72.8,,94.3,
140870,1,97.1,,,,,,171.1,,33.2,,38.2,,37.4,,36.1,,107.4,,123.2,
140871,1,55.7,,,,,,161.8,,21.3,,34.4,,34.9,,25.4,,76.6,,90.7,
140873,1,95.9,,,,,,175.5,,31.1,,41.6,,38.7,,33.2,,115.6,,108.2,
140875,1,55.7,,,,,,155.9,,22.9,,37.9,,34.5,,28.2,,72.2,,95.4,
140876,1,91,,,,,,176.8,,29.1,,43.7,,40.8,,34.9,,97.2,,109.2,
140877,1,57.7,,,,,,159.5,,22.7,2,37.7,,36.8,,29,,79.8,,95.2,
140878,1,51.4,,,,,,157.5,,20.7,,36.6,,34.2,,26.4,,68.7,,91.6,
140879,1,61.7,,,,,,144.9,,29.4,,30.7,,31.2,,29.5,,98.1,,105.2,
140881,1,27.7,,,,,,125.2,,17.7,2,30.1,,26.3,,21,,62.1,,,
140883,3,47.7,3,,,,,142.2,,23.6,,,1,32,,26.6,,,1,,1
140884,1,71.5,,,,,,155.8,,29.5,3,37,,33.9,,34.1,,85.8,,101.9,
140887,1,74.1,,,,,,155.6,,30.6,,36,,34,,32.8,,108.9,,122.4,
140888,1,65.8,,,,,,157.7,,26.5,,33.5,,33.8,,26.4,,100.1,,94.3,
140889,3,11.9,3,91.3,,,,88.2,,15.3,2,,,,1,,1,,1,,
140892,1,61,,,,,,163.3,,22.9,,38.3,,34,,28.5,,82.7,,98.5,
140893,1,80.6,,,,,,168.8,,28.3,,39.4,,39.5,,31.9,,89.5,,113.3,
140894,1,87.4,,,,,,170,,30.2,,38.8,,37.7,,34.9,,100.3,,104.6,
140895,1,71.1,,,,,,161,,27.4,,38,,35.8,,33.1,,92,,105.7,
140896,1,18,,,,,,108.7,,15.2,2,,,21.7,,17.6,,46.8,,,
140897,1,92,,,,,,162,,35.1,,39.4,,39,,42.2,,106.3,,117.5,
140898,1,79,,,,,,164.4,,29.2,,37.3,,37,,35.6,,102.9,,106,
140899,1,53.2,,,,,,148.7,,24.1,4,32.8,,32.6,,26.5,,84.5,,,
140901,1,24.8,,,,,,122.8,,16.4,2,,,24,,18.1,,58.2,,,
140902,1,96,,,,,,185.4,,27.9,,45.7,,41,,39.4,,87,,106.5,
140903,1,85.4,,,,,,167.3,,30.5,4,40.3,,38.5,,35.3,,97.5,,103.1,
140904,1,88.7,,,,,,154.4,,37.2,,34,,35.2,,32.7,,117,,121.3,
140905,1,99.7,,,,,,162.9,,37.6,,38.5,,40.4,,45,,104,,127.6,
140906,1,110,,,,,,167,,39.4,,37.5,,37.8,,39.8,,122.9,,121.1,
140907,3,95.4,,,,,,178.1,,30.1,,,1,45.6,,29.6,,,1,,1
140908,3,37.3,3,,,,,150.4,,16.5,2,,1,31.4,,19.3,,61.7,,,
140909,1,60,,,,,,162.7,,22.7,,39.5,,34.9,,27.2,,96.7,,99.1,
140910,1,44.1,,,,,,163,,16.6,,36.8,,36.2,,22.7,,77.8,,86,
140912,1,84.9,,,,,,177,,27.1,,45,,41.2,,33.1,,92.8,,100.7,
140913,1,87,,,,,,182.7,,26.1,,39.5,,38.5,,33.3,,92.8,,103.4,
140914,1,46.9,,,,,,160.1,,18.3,,38.7,,33.7,,23.6,,76.7,,85.4,
140915,1,59.2,,,,,,170.7,,20.3,,39.9,,39.2,,27.3,,87.6,,89.5,
140916,1,67.5,3,,,,,191.6,3,18.4,,45,,43.5,,24.5,,82.2,,96,
140917,1,35.8,,,,,,125.5,,22.7,4,,,28.3,,23.6,,79.3,,,
140918,1,98.4,,,,,,168.4,,34.7,,37,,38.5,,38.5,,119.3,,112.3,
140919,1,64.5,,,,,,160.4,,25.1,,39.7,,37.1,,30.4,,83,,104.1,
140920,1,126.9,,,,,,178.6,,39.8,,41,,39,,40,,120.5,,136.2,
140921,2,23.9,,,,,,111.5,,19.2,4,,,,1,,1,,1,,
140924,1,103.6,,,,,,190.8,,28.5,,45.5,,43.4,,35,,108.4,,109.4,
140925,1,112,,,,,,168.1,,39.6,,38.8,,37.4,,39.2,,129,,141,
140926,1,19.3,,,,,,111.5,,15.5,2,,,23,,17.4,,52.5,,,
140928,1,70.4,,,,,,169.2,,24.6,,36.7,,39.1,,30.8,,92.7,,97.6,
140929,1,49.5,,,,,,144.8,,23.6,3,36.5,,33.2,,25.1,,82.5,,91.7,
140930,1,99.3,,,,,,186,,28.7,,45.6,,44.8,,38,,91.5,,113.1,
140931,1,84.8,,,,,,158.3,,33.8,,33.5,,34.4,,38.2,,110.8,,110.7,
140933,1,74.3,,,,,,157,,30.1,,32.6,,37.3,,31.1,,104.6,,108.6,
140934,1,106,,,,,,178.8,,33.2,,40.3,,40,,37.1,,113.8,,109.4,
140935,1,113.8,,,,,,167.6,,40.5,,37.5,,37.9,,40,,125,,135.1,
140937,1,122.8,,,,,,182.4,,36.9,,43.5,,38,,37.8,,129.7,,118.8,
140938,1,70.2,,,,,,156.7,,28.6,4,42.3,,35.5,,31.5,,84.7,,103.3,
140941,1,104.1,,,,,,168.4,,36.7,4,42.6,,38.7,,40.4,,105.9,,114,
140942,1,72.4,,,,,,164.8,,26.7,,38.8,,36.6,,30.7,,95.8,,105.7,
140944,1,22.6,,,,,,117.9,,16.3,2,28.1,,24.6,,18.4,,54.9,,,
140945,1,87,,,,,,169.1,,30.4,,38.3,,38,,35.2,,108.3,,106.4,
140946,1,107.3,,,,,,185.5,,31.2,,42.7,,40.5,,37.2,,115.1,,107.9,
140947,1,67.4,,,,,,158.6,,26.8,,36.7,,34.5,,30.6,,83.3,,104.3,
140948,1,67.6,,,,,,161,,26.1,2,36,,36.8,,31.7,,86.6,,101.9,
140950,1,90.6,,,,,,178.3,,28.5,,45.1,,40.1,,34.2,,90.3,,115.9,
140951,1,69.8,,,,,,148.7,,31.6,,32.9,,32.5,,33.9,,98.7,,112.8,
140953,1,60.4,,,,,,164.2,,22.4,,39.5,,34,,29.4,,81,,100.1,
140955,1,43,,,,,,163.3,,16.1,2,35.9,,34,,21.9,,58.4,,78.6,
140956,1,75.5,,,,,,175.6,,24.5,,43.1,,40.6,,32.3,,85,,101.8,
140959,1,50.8,,,,,,160.4,,19.7,2,36,,34.8,,24.4,,70.6,,,
140960,1,116,,,,,,174,,38.3,,40.4,,37.6,,43,,120.7,,120.5,
140961,1,88.5,,,,,,155.6,,36.6,,32.3,,34,,39.2,,109.6,,111.5,
140962,1,83.4,,,,,,175.6,,27,3,42,,38,,33.4,,92.6,,106.9,
140963,1,42.9,,,,,,145.9,,20.2,2,36.5,,32.7,,24.7,,74.6,,,
140964,3,111.9,3,,,,,174.3,,36.8,,,1,40.2,,36.2,,,1,,1
140965,1,81,,,,,,151.5,,35.3,,33,,34.2,,39.6,,99.8,,109.3,
140966,3,71.3,,,,,,,1,,,,1,38.2,,33.5,,,1,,1
140968,1,79.2,,,,,,153.8,,33.5,,33,,33.6,,33.6,,115.1,,111.7,
140970,1,78.5,,,,,,167.6,,27.9,,36.3,,37.5,,33.6,,108.2,,102.9,
140971,1,122.9,,,,,,159.2,,48.5,,33.3,,40.9,,41.4,,142.2,,149.9,
140972,1,48.1,,,,,,152.5,,20.7,2,35.2,,30.6,,26.2,,73.8,,,
140973,1,26.3,,,,,,125,,16.8,2,,,26.3,,19.6,,61.1,,,
140975,1,78.5,,,,,,171.5,,26.7,,42.9,,37,,32.6,,103.2,,99.7,
140976,1,53,,,,,,157.4,,21.4,2,36.8,,35.1,,26,,69.5,,93.4,
140978,1,122.8,,,,,,163.6,,45.9,,32,,39.8,,38.7,,138.1,,134.5,
140980,1,95.9,,,,,,190.8,,26.3,,46.5,,45.3,,36.8,,103.2,,102.9,
140981,1,19.4,,,,,,118.1,,13.9,2,,,23.6,,16.3,,47.1,,,
140982,1,31.1,,,,,,129.5,,18.5,3,,,24.5,,21.2,,68.1,,,
140984,1,72.5,,,,,,170.1,,25.1,2,40.4,,36.7,,28,,97.6,,98.1,
140985,1,88.1,,,,,,162.8,,33.2,,38,,37.4,,37.1,,112.6,,116.5,
140986,1,74.2,,,,,,178,,23.4,,44,,39.9,,31.2,,85.1,,98.9,
140987,1,92.8,,,,,,174.3,,30.5,,37.4,,39.1,,34,,113.4,,108.5,
140988,1,40.6,,,,,,144.4,,19.5,3,32.6,,30.2,,25.5,,73,,,
140989,1,43.9,,,,,,143.9,,21.2,,34.6,,29.1,,25.2,,75.7,,84.5,
140990,1,59.1,,,,,,167,,21.2,,38.9,,36.6,,26.7,,79.8,,96.7,
140991,1,44.4,,,,,,153.4,,18.9,,33.7,,31.3,,24.9,,71.9,,86.6,
140992,1,117.5,,,,,,165.2,,43.1,,35.2,,39.4,,44.9,,131.9,,134.3,
140995,1,66.4,,,,,,151.4,,29,,31.2,,32,,33.6,,95,,102.1,
140996,1,99.9,,,,,,182.2,,30.1,,43.3,,43.4,,33.6,,117.2,,110.5,
140997,1,111.2,,,,,,170.3,,38.3,,38.5,,38.2,,39,,125.7,,133.5,
140998,1,72.5,,,,,,187.8,,20.6,2,43.5,,41.4,,29.6,,80.6,,93.4,
140999,1,35.5,,,,,,148,,16.2,2,34.3,,31,,20.2,,62.8,,,
141001,1,84.8,,,,,,165,,31.1,,36.1,,35.5,,30.8,,112,,116.1,
141003,1,121.2,,,,,,170.2,,41.8,,41.3,,38.2,,45.9,,128.2,,130.4,
141004,1,10.7,,79.1,,,,,,,,,,18,,17.8,,,,,
141005,1,87.7,,,,,,156.3,,35.9,4,34,,35.9,,34.5,,115.3,,,
141006,1,67.2,,,,,,167.2,,24,,39.4,,39.8,,29.2,,95.6,,94.1,
141007,1,80.1,,,,,,187.8,,22.7,2,46,,39.1,,32.2,,79.1,,101.2,
141008,1,60.5,,,,,,167.1,,21.7,,38.7,,41.2,,28.4,,86.4,,90.2,
141009,1,7.8,,66.2,,42.8,,,,,,,,11.9,,15.8,,,,,
141010,1,73.9,,,,,,159.8,,28.9,,34.4,,35.5,,31.2,,100.5,,100,
141011,1,64.5,,,,,,159.5,,25.4,,37.7,,38.2,,30.4,,85.9,,101.1,
141012,1,77.1,,,,,,182,,23.3,,41.4,,40.2,,31,,78,,99.1,
141013,1,20.4,,,,,,113.9,,15.7,2,,,25.1,,17.2,,58,,,
141014,1,84,,,,,,184.4,,24.7,,42.6,,40.7,,33.2,,95.9,,102.8,
141015,3,67.3,,,,,,176.2,,21.7,,,1,,1,,1,90.3,,,1
141017,1,61.7,,,,,,161.5,,23.7,3,40.5,,36.1,,29.5,,83.2,,97.5,
141021,1,72.1,,,,,,167.9,,25.6,,35.4,,40.2,,30.9,,88.5,,98.5,
141022,1,41.8,,,,,,153.5,,17.7,2,34.7,,32.4,,21.2,,66.7,,79.2,
141024,1,111.1,,,,,,184.2,,32.7,,40.4,,38.8,,36.5,,105,,109.8,
141025,1,46.7,,,,,,162.6,,17.7,1,36.2,,34.7,,22.5,,61.4,,83,
141027,1,80.4,,,,,,169.3,,28.1,,36.4,,37.7,,34,,94.2,,102.5,
141028,1,65.2,,,,,,147,,30.2,,30.1,,31.6,,29.5,,103.4,,110,
141030,1,47.6,,,,,,157.2,,19.3,2,36.7,,32.6,,24.2,,68.3,,88.9,
141031,1,97.3,,,,,,179.7,,30.1,,44,,44,,35.1,,98.5,,108.7,
141032,1,76.9,,,,,,178.4,,24.2,,42.8,,39,,33.1,,84,,98,
141033,1,91.9,,,,,,171.3,,31.3,,38,,39,,35,,113,,104.2,
141034,1,16.3,,94.1,,,,92.2,,19.2,4,,,20.8,,18,,53.4,,,
141037,1,91.9,,,,,,169.4,,32,,45.6,,39,,34.7,,104,,117.5,
141038,1,79.9,,,,,,162.5,,30.3,4,36.3,,35.1,,34.4,,100.4,,109.9,
141039,3,51.4,3,,,,,151.6,3,22.4,,,1,31,,26.6,,90.5,,,1
141040,1,128.2,,,,,,183.1,,38.2,,45.3,,41,,43,,129.9,,127,
141041,1,64.4,,,,,,144.9,,30.7,,30.7,,33.3,,30.2,,99.4,,111.2,
141042,1,36.3,,,,,,142.1,,18,2,34.5,,29,,21.6,,64.1,,,
141043,1,120.7,,,,,,176.4,,38.8,4,43.4,,43,,39.6,,118,,124.1,
141044,1,19.3,,109.2,,,,106.2,,17.1,3,,,22,,17.9,,50.6,,,
141045,1,12.9,,87.7,,,,,,,,,,19.4,,17,,,,,
141046,2,71.1,3,,,,,171.5,,24.2,,,1,,1,,1,,1,,1
141047,1,74,,,,,,156.7,,30.1,,34.6,,36.8,,33.3,,110,,116,
141048,1,63.9,,,,,,164.8,,23.5,,38.1,,35,,28.1,,85.9,,96.2,
141049,1,56.6,,,,,,159.7,,22.2,,39,,35.4,,27,,76.8,,88.3,
141050,1,102.9,,,,,,175,,33.6,,41,,39.7,,39.5,,117.3,,107.5,
141051,1,114.9,,,,,,174,,38,,40.2,,44.2,,38.9,,127,,118.9,
141052,1,57.3,,,,,,175.4,,18.6,2,43,,37.9,,24.4,,74.5,,89.6,
141053,1,90.5,,,,,,173.1,,30.2,4,41.2,,39.8,,35.4,,96.4,,102,
141055,1,76.5,,,,,,166.7,,27.5,4,42.3,,39.2,,32.2,,91.1,,101.2,
141057,1,17,,,,,,110.2,,14,2,,,23.4,,15.9,,48.4,,,
141058,1,84.9,,,,,,179.7,,26.3,,46,,41.2,,37.7,,88.2,,104.4,
141059,3,77.6,3,,,,,149.4,,34.8,,,1,34.6,,34.5,,,1,,1
141060,1,57,,,,,,149.9,,25.4,,33.7,,31.9,,30.1,,85.4,,96.7,
141061,1,66.6,,,,,,167.6,,23.7,,38.3,,38.2,,30.4,,86.2,,102,
141062,1,57.7,,,,,,153.2,,24.6,,34.5,,33.5,,29.5,,86.8,,101.1,
141063,1,22.7,,,,,,111.6,,18.2,4,,,24,,20.5,,57.7,,,
141065,1,85.6,,,,,,169,,30,,40,,37,,34.4,,105,,104.5,
141066,3,83.2,3,,,,,170.3,,28.7,,,1,,1,,1,105.4,,,1
141067,1,67.8,,,,,,164.6,,25,2,41.6,,35.7,,28.4,,77.4,,105.7,
141068,1,76,,,,,,166.7,,27.3,,38.1,,36.6,,32.1,,97.1,,108.5,
141069,1,61.1,,,,,,155,,25.4,,34.5,,32.3,,30,,88,,98,
141070,1,80,,,,,,161.4,,30.7,,38.5,,37.1,,37.5,,97.2,,112.9,
141071,1,81.2,,,,,,172.1,,27.4,,41,,38.3,,34.7,,100.5,,100.5,
141072,1,92.9,,,,,,163.4,,34.8,4,40.1,,37,,35,,88,,124,
141073,1,64.6,,,,,,168,,22.9,,35.4,,39.6,,26.8,,88.4,,88.3,
141075,1,89.6,,,,,,174,,29.6,,38.7,,38.4,,35.9,,107.3,,105.4,
141076,1,41.3,,,,,,150.7,,18.2,2,35.5,,33,,24.6,,58,,,
141077,1,112.8,,,,,,161.8,,43.1,,36.3,,35.9,,41.1,,127.2,,125.8,
141078,1,22.8,,,,,,120.2,,15.8,2,,,24.8,,18.6,,54.2,,,
141079,1,72.7,,,,,,164.5,,26.9,,34.5,,36.5,,29.4,,99.5,,106.1,
141081,1,96.5,,,,,,173.8,,31.9,,39.6,,40.1,,37.7,,111.7,,109.8,
141083,1,46.5,,,,,,131.4,,26.9,4,30.8,,28.6,,25.2,,81.3,,,
141084,1,70.9,,,,,,174.8,,23.2,,39.9,,40,,28.2,,94.4,,94.2,
141085,1,112.9,,,,,,168.6,,39.7,,37.9,,39.6,,41.3,,129.1,,122.5,
141086,1,61.8,,,,,,159.1,,24.4,,35.2,,35.3,,29.6,,86.1,,97.3,
141088,1,83.6,,,,,,172.7,,28,,40.8,,38,,34.2,,105.5,,104.9,
141089,1,53.9,,,,,,156.8,,21.9,,35.2,,33.6,,27.1,,87.8,,84.5,
141090,1,63.7,,,,,,185.1,,18.6,2,46.3,,40.5,,27.2,,70.1,,91.8,
141091,1,23.8,,,,,,122.6,,15.8,2,,,25.3,,19,,60.2,,,
141092,4,,,,,,,,,,,,,,,,,,,,
141093,1,58.6,,,,,,172,,19.8,,41.3,,37,,25.7,,69.3,,89.4,
141094,1,58.1,,,,,,150.7,,25.6,4,37,,34.8,,30.5,,78.9,,,
141095,1,65.7,,,,,,165.6,,24,,35.3,,35,,30.3,,81,,99.4,
141096,1,59,,,,,,162.4,,22.4,,34.3,,34.2,,27.2,,80,,95.9,
141097,1,71.5,,,,,,155.4,,29.6,,31.7,,36.1,,31.4,,100.7,,106.7,
141099,1,35,,,,,,146.6,,16.3,2,35.4,,31.5,,20.4,,58.4,,,
141100,1,142.6,,,,,,170.3,,49.2,,39.7,,40.7,,43.9,,151.9,,136.6,
141101,1,79.8,,,,,,160,,31.2,,34.8,,35,,34.2,,107.1,,110,
141102,1,100.7,,,,,,169.2,,35.2,4,43.4,,37.2,,37.2,,110,,119.9,
141103,1,82.9,,,,,,169.4,,28.9,4,36.3,,40.4,,35.2,,101,,102,
141104,1,51.2,4,,,,,158.2,,20.5,,40,,36.4,,25.3,,84.7,,87.6,
141106,1,101.8,,,,,,174.5,,33.4,4,43.5,,38,,36.8,,105.7,,113.6,
141109,1,61.2,,,,,,142.4,,30.2,4,36.6,,32.6,,31.4,,89,,,
141110,1,68.9,,,,,,171.2,,23.5,,37.9,,37.7,,30,,92,,96.3,
141112,3,36.5,3,,,,,136.2,,19.7,3,,1,27.2,,21.6,,70.3,,,
141113,1,80.3,,,,,,176.8,,25.7,,41.8,,40.1,,32.9,,89.6,,100.4,
141114,1,84.6,,,,,,180.7,,25.9,,35.8,,42,,32.2,,99.5,,100.3,
141115,1,62.1,,,,,,159.8,,24.3,,38,,35.7,,26.7,,86.4,,99.4,
141116,1,71,,,,,,157.6,,28.6,,35.6,,34.8,,28.8,,96.9,,108.2,
141117,1,116.1,,,,,,174.6,,38.1,,44.3,,39.5,,42.3,,117.3,,127.6,
141119,1,20.8,,,,,,118.4,,14.8,2,,,25,,16.7,,55,,,
141120,1,54.3,,,,,,172.4,,18.3,,40.5,,39.4,,29.1,,67.6,,85.5,
141121,1,85.9,,,,,,178,,27.1,,42.2,,35.2,,33.8,,94.7,,107.5,
141122,1,87,,,,,,172.5,,29.2,,40.3,,39.6,,35.6,,105.3,,104.7,
141123,1,45.3,3,,,,,158,,18.1,,35.1,,35.2,,21.7,,81.7,,87.6,
141125,1,47.2,,,,,,157.2,,19.1,2,37.6,,32.2,,25.9,,70.7,,,
141126,1,52.8,,,,,,154.1,,22.2,,34.8,,34.8,,26.3,,80.1,,89.2,
141127,1,78.3,,,,,,164.4,,29,,37.3,,37.5,,30.5,,105.3,,113.2,
141129,1,76.1,,,,,,187.3,,21.7,,45.6,,42.7,,27.8,,92.7,,94,
141130,1,69.8,,,,,,158.6,,27.7,,34.7,,36,,32.8,,103.5,,113.4,
141131,1,85.3,,,,,,161.3,,32.8,4,36.1,,36.1,,39.2,,101.5,,107,
141132,1,32,,,,,,126.9,,19.9,4,,,28.5,,24,,67.9,,,
141133,1,86.1,,,,,,180.3,,26.5,,40.1,,41,,33.3,,103.9,,97.8,
141134,1,65.8,,,,,,173.1,,22,,39.2,,38.9,,26.8,,88.4,,93.7,
141135,3,72.2,,,,,,158.1,3,28.9,,,1,33.4,,32.2,,97.2,,111.5,
141136,1,87.3,,,,,,172.2,,29.4,,39.1,,37.3,,35,,99.1,,102.6,
141138,1,15.9,,,,,,102.2,,15.2,2,,,19.5,,16.6,,49.9,,,
141139,1,103.4,,,,,,165.8,,37.6,,42.2,,38.4,,39.9,,103.2,,120.8,
141140,1,37.9,,,,,,136.8,,20.3,4,,,29.5,,24.1,,70.3,,,
141141,1,60.7,,,,,,159.6,,23.8,,36.8,,33.5,,28.9,,82.4,,94.9,
141142,1,39.4,,,,,,153.5,,16.7,2,35.1,,34,,23.5,,64.1,,,
141144,1,83.2,,,,,,158,,33.3,,34.1,,36.5,,35.3,,107.6,,119.4,
141145,1,68.8,,,,,,157.5,,27.7,,34.2,,35.8,,34.4,,94.8,,108.4,
141146,1,64.2,,,,,,161.3,,24.7,,37,,33.4,,30,,84.8,,99.1,
141147,1,49.2,,,,,,144.6,,23.5,,29.5,,33.4,,27.4,,97,,87.2,
141148,1,123.3,,,,,,187,,35.3,,40.5,,42.8,,38.9,,124.7,,119.9,
141150,3,61.1,3,,,,,176.4,,19.6,,,1,37,,25.2,,74.8,,,1
141151,1,87.9,,,,,,170.6,,30.2,,39.2,,36.9,,35.1,,107.4,,106.9,
141152,1,19.1,,,,,,107.3,,16.6,2,,,21.8,,17.3,,51,,,
141154,1,84.6,,,,,,172.1,,28.6,,41.7,,41.1,,35,,100.8,,102.8,
141155,1,36.1,,,,,,152.8,,15.5,2,36.7,,33,,20.2,,62,,76.9,
141159,1,76.2,,,,,,180.1,,23.5,,40.1,,38.5,,29.3,,98.9,,98.9,
141160,1,24.3,,,,,,118.2,,17.4,3,,,26.6,,19.9,,59.2,,,
141161,1,76.4,,,,,,182.2,,23,,44.6,,39,,28.5,,91,,102,
141163,1,96.1,,,,,,181.6,,29.1,,45,,41.9,,36.2,,98.6,,106,
141164,1,16,,,,,,100.7,,15.8,2,,,20.7,,16.6,,51.2,,,
141165,1,71.6,,,,,,163,,26.9,,36.6,,37.8,,29,,91.9,,105,
141166,1,68.3,,,,,,162.1,,26,,37.1,,35,,30.6,,89.3,,101.5,
141167,1,58.4,,,,,,174.1,,19.3,,39.2,,39.1,,30.2,,72,,79.5,
141168,1,78,,,,,,158.8,,30.9,,42.2,,38.4,,33.2,,100.4,,113.4,
141169,2,48.7,,,,,,150,,21.6,,,1,,1,,1,,1,,1
141170,1,103.5,,,,,,177.4,,32.9,,41.3,,43.5,,34.1,,121.5,,114.3,
141172,1,77.3,,,,,,167.1,,27.7,,39,,36.3,,31.1,,101,,107.5,
141173,1,86.4,,,,,,162.6,,32.7,,36.2,,36.2,,35.1,,108.4,,108.2,
141174,1,84.1,,,,,,163.1,,31.6,,38.4,,36.7,,37.6,,104.7,,96.8,
141176,1,87.7,,,,,,171.4,,29.9,,41.4,,39.8,,33,,109.6,,100.6,
141177,1,77,,,,,,162.3,3,29.2,,37.3,,37.2,,32.2,,106.5,,113,
141178,1,86.3,,,,,,166.4,,31.2,,40.5,,35.7,,31.3,,103.9,,118,
141179,1,62.5,,,,,,159,,24.7,,37.2,,35.3,,31.2,,91.6,,99.2,
141180,1,124.3,,,,,,185.3,,36.2,,42.7,,44,,39,,131.4,,113.5,
141181,1,36.4,,,,,,149.3,,16.3,2,37.4,,33.1,,22.4,,64,,73.8,
141182,1,73.5,,,,,,159.7,,28.8,,36.9,,37.3,,33.8,,102.1,,107.4,
141183,1,58.5,,,,,,162.8,,22.1,,35.5,,35.8,,29,,76.2,,94.3,
141184,1,101.1,,,,,,173.4,,33.6,,40.4,,38.1,,29.5,,118.9,,109.2,
141185,1,134.6,,,,,,182.6,,40.4,,42.4,,41.8,,43.2,,141.8,,131.5,
141186,3,95.1,3,,,,,151.1,,41.7,,,1,35.5,,38.6,,125.4,,,1
141187,3,109.2,3,,,,,185.9,,31.6,,,1,44.4,,34.5,,119.9,,,1
141188,1,89.9,,,,,,159.5,,35.3,,33.8,,36.6,,34.2,,120.5,,123.4,
141189,1,77.6,,,,,,163.2,,29.1,,40.1,,38,,31.8,,90.7,,105.9,
141190,3,14.9,,98.8,,,,,1,,,,,19,,17,,46.3,,,
141191,1,13.6,,93,,,,91.5,,16.2,2,,,19.9,,16.1,,47.3,,,
141192,1,6.4,,60.9,,44.9,,,,,,,,11.6,,14.3,,,,,
141193,1,96.9,,,,,,166.3,,35,,40.5,,39.2,,37.9,,110.4,,109.3,
141194,1,101.9,,,,,,180.7,,31.2,,44.4,,40.5,,38.9,,103,,106.7,
141196,1,86.5,,,,,,160.1,,33.7,,34.5,,38.4,,38.3,,99.1,,114.8,
141197,1,118.9,,,,,,163,,44.8,,34.2,,36.8,,38.4,,134.1,,142.5,
141198,1,30.2,,,,,,144.5,,14.5,2,33.6,,30.3,,19.5,,60.9,,,
141199,1,79.5,,,,,,163.3,,29.8,,35.2,,37.2,,32.1,,104.5,,90.3,
141200,1,47.2,,,,,,158.6,,18.8,2,38.1,,31.6,,24.9,,68.3,,88,
141201,3,64.5,,,,,,,1,,,,1,36.6,,,,90.7,,,1
141202,1,26,,,,,,132.6,,14.8,2,28.7,,28.4,,18.4,,56.4,,,
141203,1,61.5,,,,,,158.3,,24.5,4,36.9,,35.4,,28.4,,89.5,,93.8,
141204,1,57.8,,,,,,174.3,,19,,38.2,,37.8,,27,,77.7,,84.7,
141205,1,72.7,,,,,,162.7,,27.5,,36.1,,36,,28.9,,92.2,,106.9,
141208,1,82.6,,,,,,177.7,,26.2,,44,,40.8,,33.6,,97.4,,101.1,
141210,1,77,,,,,,176,,24.9,,39.8,,41.7,,32.6,,102.6,,93.5,
141211,1,58.5,,,,,,158.6,,23.3,,36.2,,35,,27.5,,85.5,,96.4,
141213,1,116.8,,,,,,186.4,,33.6,,43.2,,40,,39.3,,110.5,,122.3,
141214,1,43.6,,,,,,151.6,,19,2,35.5,,33.8,,23.2,,71.3,,84.2,
141215,1,96.5,,,,,,175.4,,31.4,,38.7,,39,,36,,114,,108,
141216,1,94.5,,,,,,175.4,,30.7,,41.6,,42.5,,35.6,,101.9,,109.9,
141217,1,78.2,,,,,,159.3,,30.8,4,38.1,,35.5,,34.6,,90,,,
141218,1,68.4,,,,,,162,,26.1,,36.7,,38,,31.7,,95.6,,96.9,
141221,1,95.6,,,,,,170.1,,33,4,41.5,,38.6,,38,,99,,113.5,
141222,1,6.4,,62,,42.5,,,,,,,,13,,13.4,,,,,
141223,1,74.1,,,,,,168.2,,26.2,3,39.2,,35.3,,29.9,,82.7,,105.5,
141224,1,68.1,,,,,,161.9,,26,,35.8,,33.4,,29.7,,92.1,,101.6,
141225,1,81.4,,,,,,150,,36.2,,34.1,,36.8,,36.6,,111.8,,111,
141226,1,27.2,,,,,,133.3,,15.3,2,32.5,,28,,19,,53.3,,,
141227,1,92.7,,,,,,152.3,,40,,31.6,,35.7,,35.6,,123.3,,135.2,
141230,1,77.4,,,,,,169.7,,26.9,,42.2,,39.5,,38.5,,89,,99.9,
141232,1,85.9,,,,,,179.5,,26.7,,41.2,,39.7,,34.2,,99,,103.7,
141234,1,68.1,,,,,,164.6,,25.1,,39,,36.2,,31.5,,91.9,,98.3,
141236,1,68.8,,,,,,166.9,,24.7,,40,,35.1,,30.1,,98.4,,92,
141237,1,66.7,,,,,,154.1,,28.1,4,36.5,,33.1,,32.3,,86.9,,99.4,
141238,1,72.1,,,,,,167.3,,25.8,,36.8,,35.6,,27.1,,105.5,,92.8,
141240,1,52.9,,,,,,173.7,,17.5,1,40.7,,36.9,,25.5,,69.6,,84.5,
141242,1,54.6,,,,,,157.3,,22.1,3,36.8,,33,,26,,84,,90.6,
141243,1,48.4,,,,,,142.7,,23.8,3,34.4,,32.7,,27.1,,77.8,,,
141244,1,53.5,,,,,,156.8,,21.8,,34.3,,33,,25.6,,77,,90.5,
141246,1,55.4,,,,,,177.7,,17.5,1,47.5,,35.9,,25.5,,68.4,,88,
141247,1,88.1,,,,,,166.8,,31.7,,36.5,,37.8,,34.5,,121.1,,122,
141248,1,75.3,,,,,,156,,30.9,4,37.3,,35,,31.1,,91.4,,111.3,
141249,1,81.9,,,,,,171.6,,27.8,,40,,37.6,,32.8,,104.2,,114,
141250,1,68.4,,,,,,167.6,,24.4,,39.6,,39.4,,29.8,,87.9,,91,
141251,1,51.1,,,,,,150.1,,22.7,,34.5,,35,,25,,87.1,,97.7,
141252,1,152.2,,,,,,183.8,,45.1,,40.7,,43.8,,45.3,,136.3,,144,
141253,1,75.3,,,,,,175.3,,24.5,,41,,39.1,,31.2,,101.1,,99.1,
141255,1,41.3,,,,,,141,,20.8,3,30.6,,31.5,,23.5,,72.8,,,
141256,1,28.8,3,,,,,131.1,,16.8,2,,,27.5,,20,,59.1,,,
141258,1,10.7,,76,,,,,,,,,,15.9,,16.5,,,,,
141259,1,38.7,,,,,,161.7,,14.8,1,38.4,,34.3,,19.7,,63,,76.9,
141260,1,111.6,,,,,,187.6,,31.7,,38.4,,45.6,,33.8,,120.8,,112.2,
141261,1,82.7,,,,,,168.3,,29.2,,38.7,,39.3,,34.1,,98,,102,
141262,1,60.5,,,,,,150.7,,26.6,,33.9,,33.1,,31.2,,89.4,,99.2,
141263,1,60.9,,,,,,168.4,,21.5,,39.9,,36.4,,27.3,,77.7,,102.5,
141264,1,72.4,,,,,,156.9,,29.4,,35.4,,33.6,,34.4,,103.5,,109.1,
141265,1,21.6,,,,,,111.8,,17.3,3,,,21.5,,18.5,,59.4,,,
141266,3,14.3,,,1,,,,1,,,,,,1,,1,,1,,
141267,1,100.7,,,,,,154.1,,42.4,,37.7,,39.1,,42.6,,119.5,,118,
141268,1,9,,69.6,,,,,,,,,,15.7,,15.3,,,,,
141269,1,105,,,,,,182.3,,31.6,,42.6,,42.1,,37.5,,107.7,,111.8,
141270,1,60.2,,,,,,155.5,,24.9,,33.3,,32,,28.5,,88.3,,97.8,
141271,1,78.6,,,,,,163.1,,29.5,,34.9,,37.2,,33,,102.6,,102.2,
141272,1,66.5,,,,,,173.7,,22,2,42.5,,39.3,,31.7,,77.4,,93.5,
141273,1,75.1,,,,,,157.1,,30.4,,37.3,,34.8,,32.9,,100,,109.3,
141274,1,66.6,,,,,,158.4,,26.5,,36.9,,35,,30.5,,87.4,,102,
141275,1,71,,,,,,171.2,,24.2,,35.9,,40.4,,28.5,,82.1,,104.1,
141276,1,95.4,,,,,,182.4,,28.7,,44.2,,41.5,,37,,102.4,,108.5,
141277,1,74.1,,,,,,163.5,,27.7,,35.9,,35.9,,30.2,,110.5,,101.1,
141280,1,26,,,,,,123.8,,17,2,,,24.8,,20,,59.4,,,
141282,3,175.8,,,,,,186.5,,50.5,,,,43.8,,44.5,,157.4,,153.8,
141283,1,82.5,,,,,,163.6,,30.8,,33.1,,36.4,,33.7,,107.8,,115.2,
141285,1,68.5,,,,,,159.6,,26.9,,37.7,,35.4,,28.9,,90.4,,100.6,
141286,1,14.7,,91.1,,,,90.8,,17.8,3,,,19.8,,17.6,,49.8,,,
141287,3,71.2,,,,,,162.7,,26.9,,,1,35.3,,29,,,1,,1
141289,1,74.4,,,,,,179.5,3,23.1,,41.5,,44,,28,,96,,98.8,
141290,1,82.9,,,,,,175.3,,27,,40,,40,,32.3,,102.8,,100.9,
141291,1,108.2,,,,,,184.8,,31.7,,45.1,,42.2,,32.7,,111.7,,113.5,
141292,1,70.4,,,,,,150.6,,31,4,35.7,,32.7,,34.4,,94,,107.9,
141293,1,60.8,,,,,,173.7,,20.2,,42.3,,37,,26.9,,76.8,,93,
141294,1,60.5,,,,,,161.3,,23.3,,37.8,,35.7,,29.3,,90.4,,99.2,
141295,1,59.4,,,,,,161.2,,22.9,,34.2,,33.1,,27.5,,83,,96.2,
141296,1,87.7,,,,,,154.8,,36.6,,33.6,,34.3,,32.3,,110.9,,119.9,
141297,1,85.8,,,,,,172,,29,,42.9,,39.9,,35.7,,97.9,,100.7,
141298,1,69,,,,,,178.6,,21.6,,44,,36.2,,30.1,,73.9,,90.4,
141300,3,82.1,,,,,,166.4,,29.7,,,1,35,,34.9,,,1,,1
141301,1,89.3,,,,,,156,,36.7,,34.2,,33.7,,33.5,,116,,121.3,
141302,1,80,,,,,,169.7,,27.8,,34.8,,38.3,,34,,98.9,,105.8,
141303,3,133.7,3,,,,,197.1,,34.4,,,1,43.4,,35.9,,128.7,,,1
141304,1,28.7,,,,,,135.6,,15.6,2,32.7,,29.3,,20.2,,54.6,,69.9,
141305,1,86.6,,,,,,179.9,,26.8,,44.6,,41.2,,34.1,,102.1,,106.2,
141306,1,103.4,,,,,,186.5,,29.7,,43.5,,41,,37.4,,108,,107.8,
141307,1,70.8,,,,,,160.5,,27.5,,36,,34.6,,29.9,,102.5,,107.3,
141308,1,71.6,,,,,,153.3,,30.5,4,39.5,,34.7,,32.3,,88.6,,,
141309,1,93.4,,,,,,179.4,,29,,42.8,,42.1,,33.6,,102,,103.5,
141311,1,61.9,,,,,,164.3,,22.9,,38.2,,37,,25.3,,99,,102.3,
141312,1,108.2,,,,,,160.2,3,42.2,,34.2,,34,,40.4,,119.2,,141,
141315,1,118.7,,,,,,165,,43.6,,33.2,,37,,40.5,,131.5,,130,
141317,1,111,,,,,,179.2,,34.6,,40.5,,43,,38.6,,120.8,,133,
141318,1,87.4,,,,,,180.3,,26.9,,39.7,,39.9,,30.8,,99.7,,109.9,
141319,1,91.5,,,,,,165,,33.6,,42.2,,37.2,,36,,97.2,,122.4,
141322,1,25.7,,,,,,121.4,,17.4,3,,,25.2,,21,,63.5,,,
141323,1,150.9,,,,,,180.5,,46.3,,37.2,,42.8,,42.2,,154.6,,150.4,
141324,1,105.3,,,,,,169,,36.9,,39.4,,37.4,,34.7,,104.5,,129.7,
141325,1,73.5,,,,,,157.9,,29.5,,38.9,,37.5,,29.8,,97.6,,109.4,
141328,1,56.4,,,,,,158.1,,22.6,,38.9,,33.7,,27.6,,69.6,,88.2,
141329,1,70.6,,,,,,175.7,,22.9,,40.4,,37.2,,34.1,,82.2,,97.8,
141330,1,107.2,,,,,,183.7,,31.8,,42.9,,41.6,,39.4,,114.5,,115.1,
141331,1,22.8,,,,,,113.4,,17.7,3,,,22,,18,,55.7,,,
141332,1,50.8,,,,,,152,,22,3,35.3,,34.1,,27.4,,81.7,,,
141333,1,29.5,,,,,,137,,15.7,2,31.3,,29.5,,19.8,,58.9,,,
141334,1,91.8,,,,,,180.9,,28.1,,41,,40.5,,34,,109.3,,104.5,
141335,1,77.7,,,,,,171.8,,26.3,,39.2,,38.7,,32.2,,103,,107.8,
141336,1,50.5,,,,,,167.2,,18.1,2,39.1,,35.1,,23.6,,65.2,,89.5,
141337,1,81.4,,,,,,161.4,,31.2,,39.5,,37.8,,35.7,,103.8,,100.4,
141339,1,70,,,,,,163.7,,26.1,3,36.8,,36,,30.1,,83.5,,106.8,
141340,1,63.9,,,,,,153.7,,27,4,35.2,,34.6,,29.7,,93,,,
141345,1,69.9,,,,,,164.5,,25.8,,42.8,,36,,28.8,,87.5,,110.1,
141347,1,66,,,,,,154.5,,27.6,,35.2,,33,,29.8,,73,,109.4,
141348,1,87.3,,,,,,158,,35,,32.9,,36.8,,38.4,,113.8,,118.3,
141349,1,92.9,,,,,,181.5,,28.2,,37.2,,42.8,,33.1,,109.8,,105,
141351,1,5.9,,61,,40.9,,,,,,,,12.4,,12.9,,,,,
141353,1,84.1,,,,,,149.3,,37.7,,29.2,,31,,34.6,,112.5,,116.3,
141354,1,43.7,,,,,,150.8,,19.2,,33.6,,34.3,,23.2,,76.5,,88.3,
141355,1,57.8,,,,,,150,,25.7,3,35.6,,31.6,,29.7,,79.2,,92.8,
141357,1,60.2,,,,,,163.8,,22.4,,35.1,,36.2,,30.2,,84.7,,91.6,
141358,1,76.2,,,,,,166.2,,27.6,,36.8,,37,,33.5,,90.5,,108,
141360,1,28.9,,,,,,127.2,,17.9,3,,,25.7,,20.6,,64.5,,,
141361,1,70.1,,,,,,172.4,,23.6,2,43.8,,38.5,,28.9,,90.5,,99.4,
141362,1,80,,,,,,180.4,,24.6,,40.5,,39.4,,31.5,,100.6,,100.8,
141365,1,88.1,,,,,,158.7,,35,,37.5,,37.6,,34.7,,112.9,,115.7,
141366,1,75.6,,,,,,172,,25.6,,42.3,,39,,33.4,,93.2,,97.6,
141367,1,54.7,,,,,,159.9,,21.4,2,35.9,,32.3,,24.4,,77,,91.5,
141368,1,76.1,,,,,,172,,25.7,,39.9,,36.3,,34.4,,98.2,,98.6,
141369,1,60.4,,,,,,164.1,,22.4,2,40.5,,37,,28.4,,72.6,,96.8,
141370,3,104.2,3,,,,,156.8,,42.4,,,1,37,,39.2,,,1,,1
141371,1,64.6,,,,,,176.1,,20.8,2,40.6,,38.4,,28.7,,73.7,,90.8,
141372,1,83.2,,,,,,163.3,,31.2,,38.5,,38.8,,35.1,,108,,106.5,
141374,1,61.6,,,,,,154.5,,25.8,,37.5,,36.3,,30.1,,89.9,,93.7,
141375,1,83,,,,,,164.7,,30.6,,38.4,,40.6,,36.5,,95.7,,115.7,
141377,3,147.2,3,,,,,166.6,,53,,31.5,,,1,,1,,1,,1
141378,1,101.3,,,,,,180.5,,31.1,,41.7,,44.4,,38.7,,108.4,,110.5,
141379,1,79.5,,,,,,177.6,,25.2,,39.7,,41.4,,32.1,,100.5,,99.5,
141381,1,98.3,,,,,,178,,31,,39.5,,41,,37.6,,105.7,,109.8,
141382,1,28.6,,,,,,132.6,,16.3,2,31,,27,,20.2,,56.5,,,
141383,1,91.1,,,,,,185.3,,26.5,,45.1,,40,,35.4,,87.3,,106.5,
141384,1,27.3,,,,,,127.8,,16.7,2,29.9,,28.2,,19.5,,62.1,,,
141385,1,46.4,,,,,,160.8,,17.9,,38,,33,,23.5,,68.6,,86.4,
141386,1,75.5,,,,,,156.7,,30.7,,36.8,,37.9,,33.3,,100.1,,105.2,
141387,1,60.6,,,,,,159.7,,23.8,,34.1,,35,,30.9,,83.5,,95,
141389,1,63.6,,,,,,165.1,,23.3,,38.7,,37.5,,27.9,,82.8,,99,
141390,1,33.2,,,,,,137.3,,17.6,2,29.6,,29.2,,22.9,,62.3,,,
141391,1,33.9,,,,,,162.1,,12.9,1,41.8,,35.4,,18.1,,60.7,,73.3,
141392,1,67.7,,,,,,150.6,,29.8,,30.2,,33.5,,29.7,,102.4,,108.7,
141393,1,73.5,,,,,,170.7,,25.2,,39,,37,,30.2,,92.2,,106.3,
141394,1,65.5,,,,,,153.1,,27.9,4,38.8,,34,,30.9,,93.2,,,
141395,1,108.3,,,,,,165.3,,39.6,,39.3,,38.2,,39.7,,133.5,,125.4,
141396,1,49.3,,,,,,164.2,,18.3,,36.7,,34,,22.2,,77.1,,92.6,
141397,1,69,,,,,,173.1,,23,2,39.5,,39,,28.2,,75.3,,89,
141398,1,54.4,,,,,,162.1,,20.7,,35.2,,33.3,,24.5,,84.6,,87,
141399,1,57.9,,,,,,162.8,,21.8,,36,,35.4,,27.2,,87.5,,93.1,
141401,1,80.9,,,,,,163.9,,30.1,,37.8,,36.5,,36.1,,94.4,,117,
141403,1,82.4,,,,,,179,,25.7,,41.5,,39.2,,31.2,,95.1,,101,
141405,1,58.4,,,,,,151.9,,25.3,,36.2,,34.6,,28,,90.5,,97.1,
141407,1,86.6,,,,,,175.3,,28.2,,39.6,,38,,31.9,,98.6,,108,
141408,1,53.9,,,,,,159.1,,21.3,,36.6,,33,,26.7,,86.5,,95.9,
141412,1,144.4,,,,,,171,,49.4,,43.2,,40.1,,41.1,,146.2,,147.5,
141413,1,82,,,,,,171.8,,27.8,,39.4,,39.5,,30.3,,92.2,,108.6,
141415,1,97.4,,,,,,173.8,,32.2,,33.5,,40.8,,35,,115.3,,110.2,
141417,1,49.1,,,,,,171.5,,16.7,,40.1,,35.5,,24.7,,73.4,,89,
141418,1,133.6,,,,,,165.2,,49,,39.5,,37.2,,43.5,,137,,131.1,
141420,1,111.2,,,,,,189,,31.1,,42,,42.8,,39.5,,110.9,,111.7,
141422,1,56,,,,,,165.6,,20.4,2,40,,37.1,,26.3,,78.2,,90,
141424,1,71.6,,,,,,180,,22.1,,41.5,,40.1,,29.7,,93.5,,94.7,
141425,1,88.1,,,,,,157.2,,35.7,,38.8,,34.3,,36.9,,103.9,,119.5,
141426,1,45.3,,,,,,150.1,,20.1,,34.1,,32.5,,26.6,,69.8,,87.3,
141428,1,127.2,,,,,,169.2,,44.4,,40.9,,39.9,,46,,134.7,,130.8,
141431,1,113.4,,,,,,166.3,,41,,42.9,,42,,42.6,,127.7,,132.9,
141432,1,25.4,,,,,,125.6,,16.1,2,,,24.8,,19.5,,51,,,
141434,1,16.7,,97.3,,,,95.9,,18.2,4,,,19,,19,,54,,,
141435,1,93.6,,,,,,174.8,,30.6,,39.8,,38,,34.8,,104,,108.1,
141439,1,83.4,,,,,,161.9,,31.8,,34.8,,36,,32,,103.8,,112.2,
141441,1,78.5,,,,,,170.4,,27,,38,,37.2,,33.2,,91.1,,103.8,
141442,1,63.4,,,,,,169.3,,22.1,,39.9,,38.5,,30.5,,78.7,,94.3,
141444,1,67.9,,,,,,167.7,,24.1,,38.2,,35.8,,30.2,,79,,100,
141445,1,50.3,,,,,,150.2,,22.3,,35.1,,30.7,,25.6,,77.6,,90.8,
141446,1,83.8,,,,,,167.7,,29.8,,40.4,,39.6,,34.5,,104.9,,119.2,
141447,1,98,,,,,,171.3,,33.4,,35.7,,40.2,,38.8,,107.7,,111.2,
141448,1,44.3,,,,,,151.2,,19.4,,33,,32.1,,22.8,,69.7,,85.3,
141450,1,88.4,,,,,,179.9,,27.3,,40.8,,44.4,,33.5,,112,,101.2,
141453,1,59.7,,,,,,162.8,,22.5,,37.8,,36.2,,29.3,,77.4,,93.6,
141454,1,44.3,,,,,,152.8,,19,,34.8,,34.5,,21.7,,74.9,,81.1,
141455,1,12.4,,93.3,,,,,,,,,,20,,15.2,,,,,
141457,1,13.3,,95.1,,,,93.5,,15.2,2,,,19.5,,15.8,,44.9,,,
141458,1,10.5,,80.5,,,,,,,,,,14,,14.9,,,,,
141459,1,59.5,,,,,,159.9,,23.3,,32.4,,36.5,,24.4,,85.4,,96.2,
141462,1,47.3,,,,,,153.9,,20,,34.5,,34.1,,24.3,,72.7,,92.9,
141464,1,104.2,,,,,,173.5,,34.6,,38.4,,35.9,,38.6,,112.4,,100.4,
141465,3,118.7,3,,,,,143.6,3,57.6,,,1,35,,38.5,,,1,,1
141467,1,91.3,,,,,,158.5,,36.3,,36.2,,37.8,,37.7,,105.6,,120.2,
141468,1,75.5,,,,,,177.4,,24,,39,,38.8,,33,,80.8,,95,
141469,1,100.3,,,,,,184.4,,29.5,,41.5,,39.9,,37,,112,,107.2,
141470,1,83.2,,,,,,165.7,,30.3,,40,,38,,35.2,,110.6,,105.3,
141471,1,24.6,,,,,,130.5,,14.4,2,,,27.2,,19.7,,56.1,,,
141472,1,89.4,,,,,,143.5,,43.4,4,35.5,,34.5,,39.7,,108.2,,,
141476,1,99.7,,,,,,152.8,,42.7,,41.5,,35.6,,40.4,,102.6,,135.3,
141477,1,61.6,,,,,,143.9,,29.7,,34.6,,34.8,,34.5,,95.9,,106.7,
141478,1,60.1,,,,,,160.8,,23.2,,34.2,,35.2,,28.1,,86.9,,96.1,
141479,1,77.5,,,,,,157.2,,31.4,,32.5,,34.8,,33.6,,110.1,,102.2,
141480,1,50.2,,,,,,160.3,,19.5,2,37.1,,34.8,,25.4,,75,,88.5,
141482,1,71.4,,,,,,173.6,,23.7,,43.1,,38.6,,31.5,,83.4,,95.6,
141483,1,53.5,,,,,,153.5,,22.7,,33.3,,32.9,,27.6,,80.4,,97.8,
141484,1,93.7,,,,,,184,,27.7,,40.2,,41.7,,35.9,,99.4,,104.7,
141485,1,108.1,,,,,,183.6,,32.1,,40.7,,42.2,,41.9,,110.1,,121.3,
141487,1,65.8,,,,,,156.5,,26.9,,32.8,,33.6,,31.4,,100.2,,100.8,
141488,1,134.8,,,,,,166.5,3,48.6,,38.6,,38.5,,37.9,,131.5,,148,
141489,1,89.3,,,,,,176.9,,28.5,,40.1,,40.5,,35.3,,103,,101,
141490,1,60.9,,,,,,163.8,,22.7,,36.6,,35.6,,27,,83,,92,
141495,1,89.9,,,,,,162.3,,34.1,,37.2,,37.2,,33.6,,113,,114.9,
141496,3,104,,,,,,154.2,,43.7,,,1,35,,44.6,,,1,,1
141497,1,91.4,,,,,,155.2,,37.9,,32.2,,32.9,,35,,111.3,,125.4,
141499,1,69.1,,,,,,167.9,,24.5,,39.4,,38.5,,30.7,,92.5,,95.8,
141500,1,70.5,,,,,,163.9,,26.2,,36.5,,36.9,,30.8,,89.4,,104.1,
141501,1,128.6,,,,,,166.5,,46.4,,37.8,,39.8,,50.5,,123.1,,132.6,
141502,1,54.6,,,,,,154.6,,22.8,,33.3,,36.1,,24.9,,91.2,,84.5,
141503,1,71.5,,,,,,158.7,,28.4,,36.1,,35.7,,32.7,,102.4,,106.9,
141505,1,41.3,,,,,,160.2,,16.1,,39.2,,35.2,,20.7,,62.4,,81.6,
141506,1,47.2,,,,,,151.1,,20.7,2,34,,30.2,,27.5,,65.6,,83.6,
141507,1,94.3,,,,,,164.2,,35,,34.7,,34.5,,40.2,,120.4,,119.5,
141508,1,94.5,,,,,,174.1,,31.2,,40.5,,38.8,,37.9,,102.8,,102.4,
141510,1,72.5,,,,,,163.7,,27.1,,37.7,,36.4,,30.9,,93.4,,98.4,
141511,1,75.8,,,,,,157.6,,30.5,,34.8,,36.4,,33.6,,98.9,,112.6,
141512,1,74.6,,,,,,167.7,,26.5,3,36.8,,36,,31.9,,92.5,,102.5,
141514,1,59.8,,,,,,134.2,3,33.2,,31.8,,31.6,,29,,96.3,,104.2,
141515,1,76.9,,,,,,166.6,,27.7,,38.7,,37.8,,31.8,,96.3,,93.3,
141516,1,19.4,,,,,,114,,14.9,2,,,22.6,,16.5,,53,,,
141517,3,38.9,,,,,,167.8,,13.8,1,,1,34.2,,19.9,,56.4,,74.6,
141520,1,71,,,,,,159.5,,27.9,,40.5,,32.3,,31,,101.3,,103.1,
141521,1,60.3,,,,,,158.5,,24,,35.9,,34.8,,29.3,,80.2,,98.1,
141524,1,16.4,3,,,,,98.9,,16.8,3,,,20.1,,17.6,,50.9,,,
141525,1,84,,,,,,163.6,,31.4,,37.6,,36.8,,34.5,,96.7,,116.7,
141526,4,,,,,,,,,,,,,,,,,,,,
141527,1,88,,,,,,186.3,,25.4,2,46.2,,38,,33.2,,94.1,,104.4,
141528,1,74,,,,,,183.6,,22,,44.4,,41.5,,29.9,,85.7,,97,
141529,1,68.3,,,,,,149.2,,30.7,,31.4,,33.3,,32.6,,88.4,,101.3,
141532,1,47.7,,,,,,165.1,,17.5,1,40,,35.5,,25.1,,65.4,,81.7,
141535,1,66.9,,,,,,174,,22.1,2,38.8,,36.6,,29.5,,73,,91.5,
141536,1,15,,,,,,100.2,,14.9,2,,,21,,15.6,,45.9,,,
141537,1,58,,,,,,163.9,,21.6,,38,,37.2,,30.4,,74.6,,90.6,
141538,1,107.8,,,,,,164.5,,39.8,,31.6,,37.2,,39.3,,122.6,,132.7,
141539,1,106.3,,,,,,182.3,,32,4,44.5,,39.5,,39.8,,103.2,,120.2,
141540,1,90.1,,,,,,163.2,,33.8,,34.4,,38.9,,35.6,,112.4,,117.8,
141544,1,19.7,3,,,,,115.2,,14.8,2,,,24,,15.7,,53.3,,,
141545,1,23.5,,,,,,134.9,,12.9,1,30.4,,27.8,,16.4,,54.1,,,
141546,3,99.1,3,,,,,167.4,,35.4,4,,1,37.7,,39.4,,,1,,1
141547,1,69.7,,,,,,164.3,,25.8,,37.8,,36.8,,38.7,,89,,103,
141548,1,46.8,,,,,,153.9,,19.8,,34.4,,33,,25.8,,73.7,,83.9,
141549,1,71.8,,,,,,166.3,,26,,37,,35.6,,31.4,,93,,106,
141550,1,92,,,,,,173.9,,30.4,,39.3,,42.5,,35.3,,104.6,,102.5,
141553,1,41.7,,,,,,167.2,,14.9,,42.9,,36.2,,19.7,,63.1,,84.5,
141554,1,14.1,3,99,,,,95.4,,15.5,2,,,20,,15,,50,,,
141555,1,69.9,,,,,,186.9,,20,,46.3,,42.8,,29.2,,77.3,,90.5,
141556,1,8.6,,67.3,,46.1,,,,,,,,15,,16.4,,,,,
141557,1,68.8,,,,,,160.7,,26.6,,36.7,,35.4,,31.7,,93.9,,103.7,
141558,1,77.2,,,,,,168.2,,27.3,,40,,37.5,,36.8,,98.4,,115,
141559,1,19.6,,,,,,108,,16.8,3,,,23.5,,16.6,,57,,,
141561,1,52.4,,,,,,158.3,,20.9,,36.3,,37.8,,24.4,,75.6,,94.9,
141562,3,55.5,3,,,,,160,,21.7,2,,1,35.2,,26.1,,69.5,,,1
141563,1,60.9,,,,,,169.2,,21.3,2,38.2,,36.3,,27,,80.4,,95.6,
141564,1,84.2,,,,,,162,,32.1,,33.9,,33.4,,35,,111.8,,123.8,
141567,3,132.6,,,,,,168.1,,46.9,,35.1,,40.6,,44,,,1,149.9,
141568,1,65.1,,,,,,154.7,,27.2,,34.3,,36.8,,30.9,,90.8,,98.4,
141570,1,55.4,,,,,,144.8,,26.4,,31.7,,31.7,,27.9,,92.1,,96.1,
141571,1,37.4,,,,,,145.7,,17.6,2,35.6,,32.3,,22.6,,67.3,,,
141572,4,,,,,,,,,,,,,,,,,,,,
141573,1,109.2,,,,,,155.6,,45.1,,36.5,,35,,44.4,,129.5,,135.3,
141574,1,88.6,,,,,,160.6,,34.4,,38.3,,34.4,,35.3,,101.5,,113.7,
141575,1,74.2,,,,,,177.4,,23.6,,44.9,,40,,33.9,,88.1,,101.1,
141576,3,97.7,,,,,,149.2,,43.9,,,1,34.4,,39.9,,131.7,,142.2,
141577,1,118.5,,,,,,184.3,,34.9,,44,,42.2,,37.7,,122.3,,118.7,
141578,1,66.6,,,,,,174.2,,21.9,,43,,37.7,,28.9,,88.9,,91.5,
141579,1,88,,,,,,161.4,,33.8,,38.8,,40,,35.5,,102.2,,125.2,
141580,1,86.4,,,,,,160.4,,33.6,,36.5,,38.1,,39.4,,112.4,,121.4,
141581,1,109,,,,,,151.5,,47.5,,32,,37,,47.3,,125.5,,140,
141582,1,42.5,,,,,,145.7,,20,2,34,,31,,24.6,,64.2,,,
141583,1,62.6,,,,,,170.1,,21.6,2,40.5,,35.5,,27.5,,76.2,,100.4,
141585,1,79.9,,,,,,171.6,,27.1,,41.1,,38,,30.1,,101.4,,101.1,
141587,1,33.6,,,,,,137.9,,17.7,2,33.8,,28.5,,22.8,,65.3,,,
141588,1,70.7,,,,,,165.4,,25.8,,33.9,,37,,30.4,,98.2,,104.9,
141589,1,132.5,,,,,,176.5,,42.5,,41.4,,38.5,,43,,129.6,,127.4,
141590,1,87.7,,,,,,165.2,,32.1,4,43.3,,39,,35.3,,97.2,,109.2,
141591,1,81.4,,,,,,177.2,,25.9,,43.8,,38,,30.9,,100.3,,102.4,
141592,3,41.4,,,,,,166.9,,14.9,,,1,36.5,,21.2,,69.3,,,1
141593,1,83.9,,,,,,185.8,,24.3,,45.4,,39.1,,32.1,,84.9,,99.3,
141594,1,73.8,,,,,,172.5,,24.8,,38.8,,40.2,,30.1,,88.9,,98.8,
141595,1,54.1,,,,,,174.4,,17.8,,41.6,,38,,24.2,,69,,91.2,
141596,1,68.3,,,,,,168.7,,24,,38.2,,37.5,,29.1,,93.3,,92.5,
141597,1,68.8,,,,,,170.4,,23.7,,36.2,,35.8,,32.7,,88.4,,90.5,
141599,1,41.6,,,,,,138.5,,21.7,4,33.5,,30,,25,,67.4,,,
141600,1,142.3,,,,,,160.8,,55,,30,,36.2,,51.8,,139.7,,147.2,
141602,1,47.7,,,,,,158.5,,19,,34.7,,33.3,,23.7,,70.4,,88.6,
141605,1,19.7,,,,,,111.7,,15.8,2,,,23.4,,17.6,,55.7,,,
141606,1,57.9,,,,,,169.4,,20.2,2,37.2,,37.1,,26.3,,74.2,,88.4,
141608,1,152.1,,,,,,181,,46.4,,44,,46.6,,46.4,,149.8,,147.5,
141611,1,67.4,,,,,,162.1,,25.7,3,37.4,,34.8,,29.8,,85.5,,102.4,
141612,1,86.2,,,,,,164.7,,31.8,,37.8,,37.2,,36.9,,97.3,,110.2,
141613,1,30.9,,,,,,143.3,,15,2,34.2,,30,,20.8,,59.1,,,
141614,1,71.6,,,,,,153.8,,30.3,,36.1,,35.2,,32.3,,90.6,,110.7,
141615,1,68.1,,,,,,170.1,,23.5,,38.1,,39.1,,29.4,,89.4,,96.2,
141617,1,61.4,,,,,,180.2,,18.9,,44.7,,37.5,,26.4,,75.4,,86.7,
141618,1,51.8,,,,,,177.8,,16.4,2,42.7,,38,,23.1,,65.5,,84.4,
141619,1,32.7,,,,,,121.5,,22.2,4,,,26.8,,23.5,,69.9,,,
141620,1,6.1,,61.7,,39.6,,,,,,,,12,,13.6,,,,,
141621,1,87.7,,,,,,178.4,,27.6,,43,,40,,34,,96.8,,99.8,
141624,1,37.5,,,,,,150.6,,16.5,2,39.4,,31.5,,22.3,,62.5,,,
141625,1,91.4,,,,,,158.3,,36.5,,32.6,,36.5,,37.6,,112.2,,128,
141626,1,93.8,,,,,,182.8,,28.1,,42.7,,40.2,,33.7,,97.5,,108.5,
141627,1,91.9,,,,,,174.9,,30,,40.4,,43.3,,32.7,,109.9,,117.3,
141628,1,89.9,,,,,,164.5,,33.2,,35.8,,37.5,,32,,100.3,,125.7,
141629,1,155.4,,,,,,168.9,,54.5,,40.2,,41.6,,51.3,,145.4,,160.8,
141631,1,82.8,,,,,,156.6,,33.8,,34.1,,35.6,,34.5,,109.7,,117,
141632,1,56.3,,,,,,140.1,,28.7,4,29.4,,31.9,,30.4,,91,,,
141633,1,11.9,,83.3,,,,,,,,,,18,,15.6,,,,,
141634,1,65.6,,,,,,167.4,,23.4,,35,,34.1,,29.1,,87.3,,98.3,
141635,1,68,,,,,,157.7,,27.3,,38.5,,33.7,,30.8,,82,,105.8,
141636,1,67.7,,,,,,167.9,,24,,38.5,,36.4,,30.5,,89.2,,94.4,
141638,1,50.9,,,,,,175.3,,16.6,2,46.5,,36,,22.5,,68.8,,86.8,
141640,1,123.3,,,,,,171,,42.2,,38.5,,38,,46.5,,124.4,,115.2,
141641,1,87.3,,,,,,181.6,,26.5,,42.4,,38.7,,31.9,,98.4,,103,
141642,1,76.3,,,,,,152.7,,32.7,,35.2,,36.9,,33.5,,118,,113.4,
141644,1,177.9,,,,,,171.5,,60.5,,40,,42.5,,55.1,,151.7,,166.5,
141645,1,82.6,,,,,,160.5,,32.1,,37.3,,38,,28.1,,117.7,,119.4,
141646,1,61.9,,,,,,168,,21.9,2,42,,38,,27.2,,76,,96,
141648,1,66.3,,,,,,152.9,,28.4,,37,,34,,32.5,,90.4,,109.4,
141650,1,46.7,,,,,,160.6,,18.1,2,36.3,,36.8,,24,,71,,82,
141651,1,34,,,,,,146.6,,15.8,2,34,,30,,21.5,,61.3,,,
141652,1,12.5,,86.5,,,,,,,,,,18,,17,,,,,
141654,1,78.2,,,,,,174.9,,25.6,,41.1,,40.6,,34.2,,90.9,,92.5,
141655,1,69.1,,,,,,156.6,,28.2,,41,,34,,31.1,,88,,112.8,
141659,1,20.3,,,,,,113.1,,15.9,2,,,25.6,,18.2,,51.1,,,
141660,1,76.5,,,,,,162.1,,29.1,,36.6,,35.6,,31.9,,105.8,,108.6,
141661,1,106,,,,,,158.3,,42.3,,34,,36.5,,40.3,,123.9,,129.3,
141663,1,78.7,,,,,,158.7,,31.2,,36.6,,36,,31.5,,101.7,,114.4,
141664,1,118.2,,,,,,177.5,,37.5,,42,,42.2,,41.1,,128.4,,122.7,
141665,1,55,,,,,,165.8,,20,,38.5,,35.5,,26.3,,80.6,,93.3,
141667,1,28.1,,,,,,133.4,,15.8,2,,,27.4,,19.8,,58.4,,,
141669,1,62.2,,,,,,164.7,,22.9,,39.7,,34.5,,26.6,,77,,102,
141671,1,54.8,,,,,,141.9,,27.2,4,31,,32,,27.7,,86.9,,94.8,
141672,1,61.4,,,,,,175.9,,19.8,,35.7,,38.9,,27.4,,73.2,,88.1,
141673,1,69.6,,,,,,167,,25,,36.5,,34.1,,29.6,,88.6,,104.4,
141675,1,81.9,,,,,,169.3,,28.6,,37.7,,36,,30,,110.2,,112.9,
141676,1,88.8,,,,,,189.9,,24.6,,44,,46.3,,33.5,,95.3,,106.7,
141677,1,88.3,,,,,,168.8,,31,,41.7,,40.7,,35.7,,110.5,,106.2,
141678,1,98.8,,,,,,180.7,,30.3,,43.5,,43.3,,34,,119.4,,122.1,
141679,1,24.8,3,,,,,109.2,,20.8,4,,,24.7,,21,,63.5,,,
141680,1,73.7,,,,,,176.7,,23.6,,40.2,,39.5,,28.4,,85.5,,96.6,
141681,1,52.8,,,,,,150.8,,23.2,,34.1,,32.2,,29.8,,75.5,,93,
141684,1,84.1,,,,,,164.8,,31,,38,,37.7,,37,,104,,112.2,
141685,3,16.1,,96.3,,,,95.2,,17.8,3,,,,1,,1,,1,,
141686,1,44.8,,,,,,136.2,,24.2,3,33,,30.4,,26.7,,81.7,,,
141687,3,108.5,,,,,,,1,,,39,,43.3,,36.4,,,1,,1
141689,1,76.7,,,,,,164.9,,28.2,,34.8,,35.4,,30.2,,109,,109.1,
141690,1,7,,62.3,,42.1,,,,,,,,,,,,,,,
141691,1,108.3,,,,,,160.1,,42.3,,34,,35.5,,38.5,,124.2,,139.1,
141694,1,72.6,,,,,,164.4,3,26.9,,35.7,,37.2,,30.7,,99.4,,90.9,
141696,1,104.9,,,,,,177.2,,33.4,,45.6,,40.6,,36.5,,124.6,,113.5,
141697,1,74.2,,,,,,175.1,,24.2,2,45.4,,37,,28.9,,81.1,,101.2,
141699,1,27.6,,,,,,131.2,,16,2,31.5,,26.9,,18.3,,58.4,,,
141700,1,19.7,,,,,,113.1,,15.4,2,,,24.8,,18.3,,50.3,,,
141701,1,71,,,,,,154.6,,29.7,,35,,35.9,,29.4,,109.5,,111,
141702,1,67,,,,,,171,,22.9,2,41.6,,39.7,,30.7,,76,,89,
141703,1,99.6,,,,,,185.3,,29,,43.6,,39.6,,35.6,,103,,111,
141705,1,10.7,,79.4,,,,,,,,,,15.6,,16.1,,,,,
141706,1,102,,,,,,180.9,,31.2,,43.8,,42.8,,40.2,,118,,106.3,
141707,1,60.2,,,,,,148.1,,27.4,4,33.5,,31.3,,28.6,,95,,,
141708,1,24.8,,,,,,130.2,,14.6,2,26.9,,28.4,,17.8,,52.4,,,
141709,1,99.5,,,,,,159.7,,39,,34.7,,34.5,,38.2,,112.3,,136,
141710,2,146.9,3,,,,,152.8,,62.9,,,1,,1,,1,,1,,1
141711,1,34.2,,,,,,149.4,,15.3,2,34.5,,33,,20.2,,57.4,,,
141713,1,57.8,,,,,,175.6,,18.7,,39.8,,37.4,,24.9,,80.5,,89.9,
141714,1,71.6,,,,,,170.2,,24.7,,42.2,,39.2,,26.8,,89.5,,111.6,
141715,1,84.4,,,,,,162,,32.2,,37.8,,36,,33.1,,113,,104.2,
141717,3,109.4,3,,,,,189.1,,30.6,,,1,43.6,,34.2,,126.1,,,1
141718,3,16.1,,,1,,,103.2,,15.1,2,,,20.5,,17.2,,50,,,
141719,1,63.2,,,,,,160.1,,24.7,,36.4,,37.9,,31.5,,91.4,,92,
141721,1,88.3,,,,,,162.8,,33.3,,37.7,,42,,40,,106.6,,129.4,
141722,1,60.6,,,,,,149.5,,27.1,3,35.5,,32.1,,30.2,,85.7,,90.6,
141723,1,95.2,,,,,,164.5,,35.2,,37.5,,38.6,,40.5,,110.2,,124.1,
141724,1,21.7,,,,,,119.1,,15.3,2,,,24,,18,,53,,,
141728,1,102.7,,,,,,160.2,,40,,36.9,,37.3,,38.8,,117.6,,129.5,
141731,1,74.1,,,,,,157.9,,29.7,,36.1,,35,,31.8,,101.1,,108.9,
141732,1,81.8,,,,,,177.7,,25.9,,40.3,,39.9,,32.7,,96.6,,98.1,
141733,1,25.1,,,,,,135.5,,13.7,1,31.3,,29.5,,18.3,,52.8,,,
141734,1,69.6,,,,,,157.6,,28,,35,,35.5,,29.3,,98.7,,104.2,
141735,1,101.7,,,,,,152.9,,43.5,,39.8,,36,,40.8,,122.2,,123.7,
141736,1,120.7,,,,,,169.1,,42.2,,39,,36.5,,38,,135.3,,133.7,
141737,1,120.3,,,,,,184,,35.5,,45.5,,40.3,,37,,124.2,,121,
141739,1,71.7,,,,,,167.6,,25.5,3,37.2,,38.9,,30.8,,84.5,,109,
141741,1,63.6,,,,,,160.8,,24.6,2,39.6,,36.2,,29,,79.2,,99.9,
141742,1,69.9,,,,,,180.9,,21.4,,41.5,,39.9,,26.6,,83.2,,102.6,
141745,1,53.5,,,,,,156.1,,22,,33.6,,32.6,,28,,80.5,,93.1,
141746,1,65.2,,,,,,146.8,,30.3,,34.5,,33,,31.3,,106.3,,107.9,
141749,1,67.7,,,,,,175.1,,22.1,2,44.9,,39,,26.9,,80.4,,95.8,
141750,1,89.9,,,,,,156.9,,36.5,,32.9,,33.7,,36.6,,116.8,,125.3,
141751,1,24.6,,,,,,130.8,,14.4,2,29.6,,26.3,,17.6,,51.4,,,
141753,1,38.5,,,,,,148.4,,17.5,2,34.7,,33.6,,23.5,,61.1,,,
141756,1,55.9,,,,,,157.4,,22.6,,34.9,,34,,27.7,,79.5,,93.5,
141757,1,68.1,,,,,,168.5,,24,,41.1,,39.6,,32.4,,87,,96.2,
141760,1,43,,,,,,141.8,,21.4,,30.1,,32.1,,25.4,,79.1,,84.6,
141762,1,71.6,,,,,,156.3,,29.3,,32.5,,37.2,,36.5,,98.7,,104.3,
141763,1,123.9,,,,,,158.8,,49.1,,40,,34.5,,45.9,,139.7,,138,
141764,3,73.7,3,,,,,,1,,,,1,38.4,,30.9,,91.6,,93.6,
141765,1,84.9,,,,,,169.6,,29.5,,37.4,,35.7,,34.5,,104,,114.3,
141767,1,59.2,,,,,,152.8,,25.4,4,34.6,,32.3,,29.9,,94.7,,,
141768,1,58.3,,,,,,167.1,,20.9,,39.6,,35.1,,27,,75.3,,97,
141769,1,100,,,,,,164.2,,37.1,,36.5,,42.6,,39,,112.5,,123.1,
141770,1,91.4,,,,,,175.8,,29.6,,40.1,,38.6,,34.5,,97.5,,116.4,
141771,1,89.8,,,,,,168.5,,31.6,,40,,37.3,,40,,95.7,,105.8,
141772,1,82.5,,,,,,179.9,,25.5,,42.1,,38,,33.8,,98,,103.3,
141773,1,89.4,,,,,,179.5,,27.7,,45.3,,37.6,,32.8,,105.7,,107.1,
141774,1,76.7,,,,,,157.9,,30.8,,35,,36.5,,33,,107.8,,102,
141776,1,37.5,,,,,,132.7,,21.3,3,31.3,,27.1,,24.7,,74.7,,,
141777,1,102.4,,,,,,169.2,,35.8,,38.2,,36,,37.1,,114.7,,107.1,
141778,1,81.4,,,,,,166.4,,29.4,4,40,,35.4,,33.6,,100.2,,103.3,
141779,1,29,,,,,,132.2,,16.6,2,29.9,,27.1,,20.5,,61.5,,,
141781,1,113.6,,,,,,171.5,,38.6,,39.8,,37.4,,40.5,,124.5,,140,
141782,1,50.8,,,,,,169,,17.8,2,41.1,,37.6,,25.6,,67.9,,84.3,
141783,1,93,,,,,,169.6,,32.3,,41.8,,39.5,,33.3,,110.7,,108,
141785,1,126.9,,,,,,156.4,,51.9,,32.4,,38.4,,40.4,,125.8,,143.3,
141786,1,18.6,,,,,,108.3,,15.9,2,,,21.5,,16.4,,54.4,,,
141787,3,134.7,,,,,,162.4,,51.1,4,32.8,,37.5,,40.2,,,1,149.8,
141788,1,23.8,,,,,,120.9,,16.3,2,,,26.5,,19.8,,55.5,,,
141790,1,126,,,,,,171.2,,43,,36.5,,38.3,,38,,137.6,,141.1,
141791,1,85.5,,,,,,154.9,,35.6,,37.4,,38.5,,39.5,,101.1,,122.4,
141792,4,,,,,,,,,,,,,,,,,,,,
141793,1,62.9,,,,,,160.5,,24.4,,35.4,,36.5,,30.6,,90.4,,99.7,
141794,1,8.4,,68.8,,,,,,,,,,12.4,,15.7,,,,,
141795,1,83.8,,,,,,159.6,,32.9,,39.2,,36.7,,34.5,,104.9,,120.3,
141796,1,86.7,,,,,,184.3,,25.5,,43.4,,41.9,,31.5,,101.7,,104.6,
141798,1,104.3,,,,,,169.8,,36.2,4,40,,37.8,,37.8,,109.6,,125,
141799,1,67.1,,,,,,159.3,,26.4,3,38,,35,,32.2,,87.9,,102.7,
141801,1,79.8,,,,,,181.3,,24.3,2,43.5,,38.3,,33.1,,81.2,,98,
141802,1,94.5,,,,,,164.6,,34.9,,42,,38,,38.2,,99.3,,116,
141803,1,67.7,,,,,,168.6,,23.8,,42.7,,35,,32,,84,,93.8,
141804,1,53.7,,,,,,147.4,,24.7,3,32.1,,31.3,,30.5,,86.1,,,
141805,1,82.8,,,,,,176.4,,26.6,,42.5,,42.2,,32.8,,96,,111.1,
141809,1,25,,,,,,120.8,,17.1,2,,,26.3,,20.3,,60.9,,,
141811,1,57.1,,,,,,171.4,,19.4,,39.6,,39,,26.5,,83.2,,87.3,
141812,1,91.5,,,,,,169.5,,31.8,,35.1,,35.4,,34.2,,116.8,,109.1,
141813,1,64,,,,,,166.7,,23,,39.5,,38,,31,,82.4,,93,
141815,1,86.3,,,,,,179.8,,26.7,,39.7,,43.1,,32.7,,94.8,,98.3,
141818,1,73.5,,,,,,180.8,,22.5,,46.4,,41.1,,30.1,,82.7,,93.4,
141819,1,70.4,,,,,,179.2,,21.9,2,45.2,,40.2,,31.5,,74.5,,95.8,
141821,1,80.1,,,,,,175.4,,26,,36.2,,39.7,,33,,96.4,,100.3,
141822,1,7.2,,65.5,,43.1,,,,,,,,12.9,,15,,,,,
141824,1,88.1,,,,,,156.6,,35.9,,38.5,,37,,35.8,,111,,113.7,
141825,1,48.9,,,,,,170,,16.9,1,39,,35,,23.5,,65,,85,
141826,1,85.9,,,,,,176.5,,27.6,,41,,41.5,,33.5,,102.4,,102.2,
141827,1,73.8,,,,,,174.8,,24.2,,41.2,,40.2,,31.5,,83.2,,97.2,
141828,1,53.4,,,,,,143.4,,26,4,31,,31.5,,27,,89.7,,,
141829,1,49,,,,,,152.9,,21,3,32.8,,34,,25.6,,71.5,,,
141830,1,72.5,,,,,,150.8,,31.9,4,39,,35.1,,33.4,,98.7,,,
141832,1,64.2,,,,,,170.1,,22.2,,41.4,,37.1,,28.4,,80.2,,88.2,
141833,1,61.2,,,,,,173.9,,20.2,2,39.2,,38,,26,,75.5,,,
141834,1,80.8,,,,,,173.8,,26.7,,39.3,,39.8,,32.6,,93.8,,100.1,
141839,1,47.4,,,,,,151.3,,20.7,2,36.2,,31.5,,26,,65.4,,87.1,
141840,1,50.2,,,,,,143.6,,24.3,3,32.4,,32.6,,27.4,,80.4,,90.7,
141841,1,17.4,,99.2,,,,97.3,,18.4,4,,,20.2,,16.8,,57,,,
141842,1,58,,,,,,150.6,,25.6,,34.3,,32.5,,28.6,,79.6,,94.9,
141843,3,104.3,3,,,,,147.1,,48.2,,,1,36.7,,35.3,,,1,,1
141844,1,80.6,,,,,,174.7,,26.4,,38.5,,39.2,,32.2,,100.2,,106.7,
141845,1,89.8,,,,,,172.6,,30.1,,37.7,,37,,33.3,,106.9,,107.6,
141846,1,74.1,,,,,,159.2,,29.2,,37.8,,37.5,,31.4,,93.4,,108.5,
141847,1,131.6,,,,,,165.8,,47.9,,38.5,,36.1,,43,,134.7,,136.6,
141848,1,76.6,,,,,,177.6,,24.3,,42.5,,40.6,,30.3,,93.7,,97.4,
141850,1,60.2,,,,,,155.2,,25,,37.5,,35.8,,31.5,,88,,99.6,
141851,1,77.9,,,,,,194.1,,20.7,,48.1,,40.3,,29.5,,79.9,,100,
141852,1,68.8,,,,,,155.2,,28.6,4,35.3,,30.5,,32.6,,90.7,,,
141856,1,91.5,,,,,,169.5,,31.8,,40,,36.3,,36.6,,96,,115,
141857,1,70.4,,,,,,150.2,,31.2,4,36.1,,33.7,,37.1,,97,,,
141858,1,91.4,,,,,,187.5,,26,,42,,43.9,,34.9,,104.8,,102.1,
141860,1,80.3,,,,,,166.4,,29,,35.7,,33.7,,33.6,,105.5,,106.1,
141861,1,66.5,,,,,,164.1,,24.7,,37,,34.7,,29.6,,94,,97,
141862,1,85.1,,,,,,166.4,,30.7,,37.6,,37.3,,33.7,,104.9,,110.4,
141863,1,109.8,,,,,,168,,38.9,,39.8,,38.8,,40.1,,120.7,,129.3,
141865,1,57.1,,,,,,143.9,,27.6,4,33.8,,30.7,,29.7,,90.7,,,
141866,1,92.2,,,,,,171.5,,31.3,,38.9,,40.2,,36.1,,108.5,,104.6,
141867,1,99.1,,,,,,166,,36,,40.6,,39.4,,39.1,,114.7,,121.8,
141869,1,77.2,,,,,,166.2,,27.9,,37.7,,36.9,,34.5,,97.8,,103.3,
141871,1,120.5,,,,,,175.7,,39,,41.2,,38.4,,40.5,,117,,128.4,
141872,1,71.1,,,,,,155.8,,29.3,,35,,38,,33.2,,89.2,,101.3,
141873,1,69.2,,,,,,161.2,,26.6,,37.9,,36,,33.8,,84.5,,104.7,
141875,1,94.2,,,,,,171.3,,32.1,,38.2,,36.2,,34.5,,114.7,,111.5,
141877,1,53.8,,,,,,161.3,,20.7,2,37.1,,34.8,,26.9,,72.4,,93,
141878,1,88.6,,,,,,182.3,,26.7,2,45.2,,38.4,,35.1,,91.7,,105.1,
141879,4,,,,,,,,,,,,,,,,,,,,
141880,1,54.8,,,,,,169.3,,19.1,,38.5,,37,,25.8,,77.8,,93,
141881,1,12.2,,86.3,,,,,,,,,,17.2,,15.2,,,,,
141882,1,132.6,,,,,,176,,42.8,,41.5,,41.4,,42.1,,144.2,,128.9,
141884,1,82.8,,,,,,173.4,,27.5,,40,,37,,33.1,,99.8,,108.2,
141885,1,68.9,,,,,,146.1,,32.3,,30.2,,30.2,,33.7,,104.9,,111.2,
141886,1,119.1,,,,,,166.2,,43.1,,34.2,,39.9,,44.5,,132.8,,144.1,
141887,1,10.5,,76.5,,,,,,,,,,14.7,,16.4,,,,,
141888,1,20.3,,,,,,108.9,,17.1,3,,,23.5,,18.3,,55.5,,,
141889,1,119.9,,,,,,183.5,,35.6,,46,,42.1,,39.5,,120.3,,119.2,
141890,1,22.9,,,,,,124,,14.9,2,,,25,,19.5,,55.2,,,
141891,3,21.6,,,,,,112.3,,17.1,2,,,23,,19.6,,,1,,
141893,1,36.7,,,,,,147.2,,16.9,2,37,,30.8,,21.9,,60.6,,,
141894,1,57.7,,,,,,139.9,,29.5,,28.1,,32.4,,28,,90.5,,108.9,
141895,1,47.4,,,,,,155.2,,19.7,2,36.7,,32.2,,23.1,,67.3,,88.7,
141896,1,98.5,,,,,,191.7,,26.8,,45,,44.1,,37.1,,94.7,,106.7,
141897,1,36.9,,,,,,153.5,,15.7,1,35,,33.3,,20.5,,65.4,,77.4,
141899,1,82.4,,,,,,159.5,,32.4,4,42.3,,38.8,,33.9,,92.5,,113.3,
141901,1,63.5,,,,,,165.7,,23.1,,42.8,,37.7,,30.2,,75.7,,99.3,
141902,1,61.1,,,,,,169.8,,21.2,2,41.3,,37.4,,29,,73.1,,91.2,
141903,1,73.8,,,,,,172.8,,24.7,,39.5,,39.2,,31.7,,93.2,,99.4,
141906,1,64.3,,,,,,172.5,,21.6,2,43.2,,38.7,,27.7,,79.1,,94.4,
141907,1,43.7,,,,,,152.4,,18.8,2,33,,34.5,,24.4,,63,,86.9,
141908,1,92,,,,,,151.1,,40.3,,33.1,,36.8,,43.1,,114.2,,129.6,
141909,1,34.6,,,,,,141.8,,17.2,2,36.1,,30.3,,21.4,,67,,,
141910,1,63.6,,,,,,164.1,,23.6,,35.9,,37.5,,26.7,,90,,97,
141912,3,172,,,,,,173.8,,56.9,,,,39,,46,,155.7,,154.9,
141913,1,80.4,,,,,,172.8,,26.9,,41,,40,,34.3,,98,,100.4,
141914,1,71.1,,,,,,173.2,,23.7,,41.4,,36.7,,29.8,,86.8,,97.9,
141915,1,78.4,,,,,,161.3,,30.1,,35.6,,36.5,,33.9,,105.2,,105,
141916,1,54.8,,,,,,156.5,,22.4,,35,,33,,26,,78,,94,
141918,1,65.7,,,,,,160.7,,25.4,,36.7,,36.8,,29.8,,95.8,,105.4,
141921,1,69.1,,,,,,160,,27,,36.9,,36.2,,32.5,,101.2,,106.4,
141922,1,61.4,,,,,,157.1,,24.9,,35.6,,34,,28.7,,89.1,,99.1,
141923,1,80.9,,,,,,159.2,,31.9,,37.6,,34,,35.5,,92.2,,110.7,
141924,1,63,,,,,,158.2,,25.2,,36.9,,34.5,,30.5,,88.7,,89.9,
141926,3,,,,,,,,1,,,,1,39.3,,28.8,,99,,104.3,
141927,1,81.4,,,,,,176.7,,26.1,3,41,,36.4,,34.2,,85,,101.6,
141928,1,99,,,,,,167.4,,35.3,4,40.6,,35.8,,37.7,,99.2,,123.1,
141929,1,77.6,,,,,,179.1,,24.2,3,45.4,,41.1,,30.3,,79.6,,98,
141930,1,10.4,,84.2,,,,81.2,,15.8,2,,,17.8,,14.4,,43.5,,,
141931,1,10.9,,83.1,,,,,,,,,,16,,15.6,,,,,
141932,1,90.7,,,,,,186.6,,26,,43.6,,43,,32,,94.5,,106.2,
141933,1,86.4,,,,,,182.8,,25.9,,44.2,,38.9,,35.1,,96.4,,103.6,
141934,1,106.7,,,,,,176.5,,34.3,,43.4,,41.5,,36.9,,122.6,,112.3,
141937,1,18.4,,108.3,,,,107.5,,15.9,2,,,20.8,,17.5,,50.6,,,
141938,1,77.9,,,,,,181.7,,23.6,,45.7,,40.3,,33.1,,83.5,,98.2,
141940,1,43.4,,,,,,143.6,,21,3,35.8,,32.2,,24.7,,71.9,,,
141941,1,27.9,,,,,,158.4,,11.1,,37,,32.5,,16,,62.8,,74.5,
141944,1,58.1,,,,,,154.2,,24.4,,33,,35,,29.4,,91,,95.9,
141945,1,15.7,,,,,,101.4,,15.3,2,,,20.3,,16.7,,49.9,,,
141948,1,15.7,,96,,,,95,,17.4,3,,,20.1,,16.7,,51.3,,,
141949,1,112.1,,,,,,159.5,,44.1,,35,,36.1,,44.8,,132,,141.2,
141951,1,74.5,,,,,,164.8,,27.4,,37.8,,38,,35.7,,93,,97.5,
141952,1,57.3,,,,,,156.3,,23.5,,35.8,,33.7,,28.6,,79,,98.7,
141953,1,53.5,,,,,,158.8,,21.2,2,35.6,,36,,26,,74.7,,91.6,
141954,1,52.8,,,,,,165.7,,19.2,2,40.7,,37,,27.7,,72.8,,93.7,
141956,1,68.2,,,,,,156.1,,28,3,36.1,,32.4,,31.5,,91.2,,104.5,
141957,1,110.2,,,,,,182.5,,33.1,,41.4,,40.4,,35.5,,113.2,,117.9,
141958,1,66.5,,,,,,154.5,,27.9,,37.2,,36.1,,30.1,,99.1,,101.9,
141959,1,52,,,,,,171,,17.8,2,38.1,,37,,23,,71.2,,84.6,
141960,1,83.1,,,,,,162.8,,31.4,,39.2,,37.2,,36.9,,103.3,,102.5,
141961,1,94.3,,,,,,168.2,,33.3,,40.3,,38,,41,,105.5,,114.1,
141962,1,15.7,,103.7,,,,102.5,,14.9,2,,,21.6,,16.1,,47.7,,,
141963,3,85.9,,,,,,159.5,,33.8,,,1,34.4,,37.2,,120.1,,,1
141964,1,37.2,,,,,,150.7,,16.4,2,36.4,,32.1,,21.9,,61.9,,,
141966,1,144,,,,,,171.8,,48.8,,42.5,,38,,46.2,,143.9,,135.4,
141967,1,108.7,,,,,,169.8,,37.7,,38.1,,40.4,,41.1,,116.6,,133.8,
141968,1,107.8,,,,,,152.1,,46.6,,36,,38.1,,44.7,,130.2,,142.8,
141969,1,64.6,,,,,,158.6,,25.7,,35.4,,35.3,,28.1,,100.1,,104.5,
141971,1,84.9,,,,,,168.8,,29.8,,39.5,,38.5,,37,,95.4,,101.4,
141973,1,77.2,,,,,,164.1,,28.7,,38,,38.9,,32.6,,102.6,,114.9,
141974,1,123.7,,,,,,179.1,,38.6,,40.5,,41.5,,38.2,,130,,123.3,
141975,1,99.7,,,,,,173.7,,33,,36.3,,41.7,,34,,113.4,,114.8,
141976,1,87.2,,,,,,161.2,,33.6,,36.8,,35.6,,34,,99.7,,121.7,
141977,1,86.8,,,,,,181.3,,26.4,,43.5,,41.7,,36.5,,92,,97.6,
141979,4,,,,,,,,,,,,,,,,,,,,
141980,1,106.8,,,,,,185.4,,31.1,4,45.1,,42.5,,36.5,,102.5,,115.2,
141981,1,72.1,,,,,,175.7,,23.4,,44.3,,38.4,,30.1,,88.4,,95.9,
141982,1,32.3,,,,,,130.9,,18.9,3,31.5,,28,,22.3,,64.5,,,
141984,3,38.4,,,,,,160.7,,14.9,1,38.5,,,1,,1,,1,,1
141985,1,55.5,,,,,,153.5,,23.6,,34.5,,33.8,,30.3,,79.4,,91.2,
141986,1,71,,,,,,152.2,,30.6,4,36.8,,36.5,,32.5,,94.5,,100.7,
141987,1,69.2,,,,,,172.2,,23.3,,40,,38.6,,30.9,,86,,104.3,
141988,1,7.7,,75.2,,,,,,,,,,16,,13.3,,,,,
141989,1,70,,,,,,152.9,,29.9,,33.5,,37.6,,33.4,,102.2,,105.8,
141990,1,37.6,,,,,,153.9,,15.9,2,36,,34.2,,20.6,,63,,,
141991,1,26.3,,,,,,116.7,,19.3,4,,,25.4,,22.9,,61.2,,,
141992,1,107,,,,,,170.6,,36.8,,37.5,,39.4,,40.2,,121,,118.3,
141993,1,86.7,,,,,,161.4,,33.3,,40.1,,38,,32.5,,108.2,,119.3,
141994,1,54.3,,,,,,170.6,,18.7,,38.1,,39.6,,25.7,,75.2,,87.8,
141997,1,33.4,,,,,,142.8,,16.4,2,35.1,,31.3,,19.8,,55.5,,,
141998,1,56.2,,,,,,158,,22.5,,36.4,,33.3,,30.4,,79,,85.6,
141999,1,83.9,,,,,,154.3,,35.2,,35.9,,36,,38.6,,113.1,,117.8,
142002,1,83.2,,,,,,169.6,,28.9,,41.3,,37,,33.9,,100,,112.2,
142004,1,79.9,,,,,,156.8,,32.5,4,35.8,,32.2,,36.1,,99.3,,103.1,
142007,1,88.6,,,,,,169.6,,30.8,,37.6,,38.1,,31.9,,112.6,,104.4,
142008,1,108,,,,,,163.2,,40.5,4,40.8,,38.3,,40.7,,115.3,,129.4,
142010,1,22.8,,,,,,127.2,,14.1,2,,,24.5,,17.5,,53.4,,,
142011,3,112.9,3,,,,,167.9,,40,,,1,38.8,,37.7,,,1,,1
142013,1,55.1,,,,,,159.7,,21.6,2,40.5,,33.5,,27.4,,78.8,,95.3,
142015,1,77.1,,,,,,151.6,,33.5,,36,,36.6,,36.3,,101.8,,109.1,
142016,1,88.4,,,,,,184.7,,25.9,,42.4,,39.2,,32.6,,100.8,,102,
142017,1,29.9,,,,,,129.5,,17.8,3,,,27.5,,20.8,,62.3,,,
142019,1,87.2,,,,,,166.8,,31.3,,40.5,,40.8,,37.3,,109.9,,102.5,
142020,1,102.9,,,,,,160.3,,40,,41.3,,37.3,,40.6,,128,,134.9,
142021,1,90.7,,,,,,173.7,,30.1,,39.8,,41,,33.5,,111.4,,107.6,
142022,1,10.1,,82.7,,,,,,,,,,16,,14.2,,,,,
142024,1,87.4,,,,,,184.4,,25.7,,41.4,,38.4,,28.7,,103.2,,102.4,
142025,1,81.9,,,,,,162.3,,31.1,,35,,36.2,,31.9,,108,,111.8,
142030,1,99.4,,,,,,168.3,,35.1,,36.4,,38,,37.3,,121.7,,115.7,
142031,1,56.8,,,,,,154.1,,23.9,3,36.5,,34,,25.7,,87.5,,92.4,
142032,1,62.7,,,,,,168,,22.2,,36,,34.2,,27.5,,69.2,,98.5,
142033,1,101.8,,,,,,174.3,,33.5,,40,,39,,39,,117.1,,112,
142034,1,133.9,,,,,,174,,44.2,,41,,40.5,,40.3,,131.9,,126.5,
142035,4,,,,,,,,,,,,,,,,,,,,
142036,1,109,,,,,,157.7,,43.8,,34.8,,35.7,,42.9,,136.6,,140.8,
142037,1,52.9,,,,,,154.6,,22.1,,35.7,,32.8,,27.4,,84.2,,89.5,
142038,1,80.1,,,,,,159.9,,31.3,,40.2,,37.9,,34.9,,90.8,,109.9,
142039,1,79.7,,,,,,179.1,,24.8,,37.5,,43.7,,31.2,,88.2,,96.4,
142040,1,32.1,,,,,,133.3,,18.1,2,28.2,,28.3,,23.2,,63.2,,,
142042,1,51.1,,,,,,158.8,,20.3,2,36.5,,32,,26.8,,67.6,,91.6,
142043,2,21.2,3,,,,,114.5,,16.2,2,,,,1,,1,,1,,
142045,1,41,,,,,,152.7,,17.6,2,35.9,,31.7,,21.5,,56.4,,80.7,
142046,1,32.6,,,,,,127.5,,20.1,3,29.2,,26.5,,21.6,,63.6,,,
142047,1,95,,,,,,168.5,,33.5,,36,,38.5,,36.3,,114.3,,111.7,
142048,1,79.3,,,,,,182.9,,23.7,,43.9,,39.5,,31.2,,82.7,,101.5,
142049,1,53.9,,,,,,152.6,,23.1,2,36.1,,34.2,,25.5,,76.2,,90.1,
142050,1,147.5,,,,,,183,,44,,44,,43.3,,42.9,,144.9,,134.7,
142051,1,78.6,,,,,,160,,30.7,,37.9,,38.5,,32.2,,102.4,,116.2,
142052,1,48.3,,,,,,165.1,,17.7,2,38.1,,35,,23.7,,63.3,,87.1,
142053,1,78.1,,,,,,160.2,,30.4,4,38.6,,35.7,,30.6,,89.1,,,
142055,1,105.3,,,,,,163.7,,39.3,,37,,37,,42.8,,105.5,,132.7,
142056,1,67.6,,,,,,175,,22.1,,40.5,,36.7,,31.8,,75.5,,92.8,
142057,3,82.4,3,,,,,178.7,,25.8,,,1,38.6,,31.4,,,1,,1
142058,1,64.1,,,,,,159.9,,25.1,,36.5,,34,,28.1,,80,,100.8,
142060,1,83,,,,,,155.3,,34.4,,38.5,,37.7,,38.5,,105.9,,116.5,
142061,1,112.6,,,,,,164.7,,41.5,4,43.1,,42.4,,40.8,,118.4,,130.9,
142062,1,105.5,,,,,,160.4,,41,,34,,36,,49,,116.4,,131.3,
142063,1,89.1,,,,,,169,,31.2,,36,,39.2,,36.5,,110.8,,109,
142065,1,28.4,,,,,,129.6,,16.9,2,,,28.7,,20.2,,57.5,,,
142066,1,94.7,,,,,,166,,34.4,,36,,38.2,,34.9,,112.5,,118.7,
142067,1,74.5,,,,,,166.6,,26.8,,35.7,,36.5,,29.1,,102.8,,100.8,
142068,1,80,,,,,,169.5,,27.8,,40.4,,37.6,,34.7,,88.7,,108,
142069,1,110.4,,,,,,168.2,,39,,37.1,,37.8,,38.4,,127.7,,122.7,
142070,1,56,,,,,,152.6,,24,2,37.1,,34.5,,30,,71.8,,96.6,
142071,1,48.7,,,,,,147.5,,22.4,3,34.5,,30.6,,27.7,,76,,,
142072,1,31,,,,,,114.4,,23.7,4,,,25,,24.4,,73.1,,,
142073,1,73.8,,,,,,168.4,,26,4,41.1,,35.5,,30.4,,88.4,,103.2,
142074,1,55,,,,,,167.8,,19.5,,38.8,,36,,24.9,,73,,94,
142075,1,31,,,,,,136.2,,16.7,2,30.4,,28,,19.9,,64.6,,,
142076,1,78.5,,,,,,180.8,,24,,43.3,,39.5,,31.6,,101,,101.7,
142077,1,65.3,,,,,,157.5,,26.3,,31.5,,36.4,,27.5,,91.4,,100.2,
142078,1,83.2,,,,,,159.6,,32.7,,35,,38,,38,,110.5,,116,
142079,1,144.9,,,,,,182.8,,43.4,,33.9,,43.8,,43.6,,145.3,,137.4,
142080,1,63.5,,,,,,186,,18.4,1,42.6,,38.4,,29,,70.5,,90.2,
142082,1,31.8,,,,,,135.2,,17.4,2,29.8,,30.4,,20.8,,62.8,,,
142083,1,9,,79.2,,,,79.1,,14.4,2,,,14.6,,13.8,,39.8,,,
142084,1,72.3,,,,,,174.7,,23.7,,39.2,,35.6,,29.5,,86.8,,102.6,
142085,1,46.4,,,,,,146.7,,21.6,,32.1,,33.4,,25.7,,82.8,,94.7,
142088,1,71.7,,,,,,165.6,,26.1,,38.9,,36,,27,,87.2,,102.6,
142090,1,15.5,,96.6,,,,95.5,,17,3,,,19.3,,17.5,,49,,,
142091,1,56.6,,,,,,166.4,,20.4,,38.9,,37,,25.8,,79.1,,91.1,
142092,1,24.9,,,,,,130.5,,14.6,2,,,26.5,,17.5,,55.6,,,
142095,1,57.8,,,,,,156.9,,23.5,,38.5,,33.7,,27.1,,90.8,,85.5,
142096,1,62.2,,,,,,159.5,,24.4,3,39.5,,33,,29,,84.2,,84.5,
142098,1,11.6,,77.4,,,,,,,,,,14.5,,17.3,,,,,
142099,1,16.6,,101.3,,,,99.1,,16.9,2,,,21.5,,18.3,,52.2,,,
142100,1,31,,,,,,142.5,,15.3,2,31.3,,29.5,,19.4,,58.2,,,
142103,3,59.2,,,,,,147.7,,27.1,,,,32,,26.5,,97,,99,
142104,1,31.3,,,,,,133.1,,17.7,2,32.7,,29,,21.5,,59.4,,,
142105,1,96.2,,,,,,168.2,,34,,37.8,,37.6,,37.4,,120.4,,121.6,
142106,1,86,,,,,,161.9,,32.8,,39.6,,36.1,,35.6,,110.5,,115.5,
142107,1,85.7,,,,,,168.2,,30.3,,39.9,,38.4,,31.6,,107.9,,104.1,
142108,1,38.9,,,,,,148.3,,17.7,2,31.3,,31.5,,22,,63.2,,,
142109,1,35.8,,,,,,140.3,,18.2,2,32.7,,29.4,,22.7,,64.6,,,
142110,1,104.9,,,,,,163.5,,39.2,,36.9,,36,,42.7,,122.9,,128.5,
142111,1,35.4,,,,,,143.7,,17.1,2,33.7,,30.3,,22.3,,62.5,,,
142112,1,54.7,,,,,,164.1,,20.3,,35.5,,32.3,,26.3,,77.8,,88.9,
142113,1,93.7,,,,,,181,,28.6,4,43.2,,37.5,,34.2,,92.5,,112,
142115,1,148.2,,,,,,183.8,,43.9,,43.5,,38.3,,41.9,,141.9,,148.1,
142116,1,34.5,,,,,,128.3,,21,4,,,26,,24.4,,73,,,
142117,1,78.9,,,,,,174.1,,26,,44,,38.2,,32,,90.9,,101.2,
142118,1,46.2,,,,,,158.5,,18.4,2,37.3,,33,,22.1,,68.3,,87.7,
142119,1,74,,,,,,173.3,,24.6,2,41.1,,35.5,,30.6,,81.3,,101,
142120,1,128.3,,,,,,170.5,,44.1,,34.8,,42.1,,36.8,,134.5,,135.8,
142122,2,67.5,3,,,,,170.7,,23.2,,,1,,1,,1,,1,,1
142129,1,93.2,,,,,,178.1,,29.4,,41.1,,40.5,,35.9,,107,,109.5,
142130,1,80.7,,,,,,166.4,,29.1,4,39.2,,37.4,,31.4,,94.5,,,
142132,1,62.9,,,,,,159.5,,24.7,,37,,35.7,,29.2,,86,,104.3,
142133,1,91.4,,,,,,161.2,,35.2,,38.2,,40.8,,35.7,,111.1,,106.4,
142135,1,21.8,,,,,,118.2,,15.6,2,,,24.4,,16.5,,56.7,,,
142137,1,59.8,,,,,,161.7,,22.9,2,38.5,,37,,29.2,,75.5,,88.6,
142139,1,29.5,,,,,,114.4,,22.5,4,,,26.1,,22.9,,69.5,,,
142140,1,16.2,,,,,,101.9,,15.6,2,,,20.9,,16.5,,53.5,,,
142142,1,83.5,,,,,,177.3,,26.6,3,45.2,,39.5,,34.3,,79.6,,103.6,
142143,1,90.4,,,,,,184.5,,26.6,,45.3,,42.5,,34.8,,95.7,,102.8,
142145,1,82.1,,,,,,168.9,,28.8,,40,,37.5,,31.2,,95.4,,113.7,
142148,1,75,,,,,,165.6,,27.3,,38.9,,38,,34.1,,90,,97,
142151,2,50.9,3,,,,,149.4,,22.8,,,1,,1,,1,,1,,1
142152,1,99.6,,,,,,162.5,,37.7,,31.5,,38.5,,39,,113.9,,115.7,
142153,1,49.8,,,,,,134.1,,27.7,4,31,,31.4,,29.5,,85,,,
142154,1,23.2,,,,,,125.5,,14.7,2,,,26.4,,17.9,,55.7,,,
142155,1,50.6,,,,,,159.4,,19.9,,35.6,,35.5,,23,,75.7,,82.3,
142156,1,62,,,,,,156.2,,25.4,2,37.1,,34.2,,30.4,,76,,98,
142157,1,77.3,,,,,,147.8,,35.4,,34.7,,34.8,,38.3,,108.8,,116.8,
142160,1,10.1,,83.3,,,,81.4,,15.2,2,,,16.4,,13.8,,41.1,,,
142161,1,79.5,,,,,,153.4,,33.8,,32.5,,33.4,,33.6,,112.2,,129.4,
142162,1,92.8,,,,,,180.5,,28.5,,39.6,,39.8,,31.6,,109.5,,104.5,
142164,1,82.3,,,,,,180.2,,25.3,,43,,38.8,,30.6,,103.4,,98.6,
142166,1,15.8,,98.9,,,,98,,16.5,2,,,20.4,,16.5,,50.3,,,
142167,1,80.8,,,,,,162.9,,30.4,4,38.5,,36.9,,32,,108.2,,107,
142168,1,53.9,,,,,,165.4,,19.7,2,38.5,,35.3,,25.8,,72,,91.1,
142169,1,110.8,,,,,,176.6,,35.5,,38.6,,42.1,,35.8,,119,,118.5,
142170,1,115.5,,,,,,163.5,,43.2,,40,,40,,41.6,,127.5,,141.7,
142171,1,98.7,,,,,,172.9,,33,,38.7,,39.2,,36.5,,108.6,,112.5,
142172,1,57,,,,,,162.6,,21.6,,34.8,,35.3,,28,,81.9,,86,
142175,1,17.4,,,,,,113.3,,13.6,2,,,23.3,,16.7,,47.3,,,
142176,1,90.2,,,,,,180.4,,27.7,,39.4,,41.6,,30.8,,103,,104,
142177,1,94.6,,,,,,167.4,,33.8,,40.1,,40.3,,36.2,,108,,103.9,
142178,1,66.7,,,,,,161.5,,25.6,,37.3,,36.7,,30.5,,85,,94,
142179,1,53.7,,,,,,164.5,,19.8,,34.8,,36.2,,26.7,,72.7,,92.9,
142182,1,84.5,,,,,,167.8,,30,,38.5,,39,,35.2,,89.6,,124.9,
142184,1,11.7,,83.6,,,,,,,,,,18.2,,16.5,,,,,
142185,1,81.1,,,,,,162.8,,30.6,,35.1,,34.6,,36.8,,108.5,,111.7,
142186,1,64.1,,,,,,164.8,,23.6,,38,,36.6,,29.2,,86,,90.3,
142187,1,89.8,,,,,,165.2,,32.9,4,38.7,,38.2,,36,,103.1,,112.2,
142189,1,69.2,,,,,,169.6,,24.1,2,41.5,,37.7,,31.6,,78.8,,97,
142190,1,24.6,,,,,,134,,13.7,1,28.2,,27.2,,17.5,,55.9,,,
142191,1,60.9,,,,,,162.7,,23,,37.9,,33.8,,30,,81.1,,99.9,
142193,1,85.5,,,,,,175.2,,27.9,,40,,39,,35.8,,108.7,,100.6,
142194,1,35.2,,,,,,140.2,,17.9,2,34.2,,29.6,,22.5,,61,,,
142195,1,15.3,,100.2,,,,98.6,,15.7,2,,,20.8,,15.9,,51.6,,,
142196,3,59.5,4,,,,,163.3,,22.3,,,1,39.7,,26.8,,83.5,,95,
142197,1,61.8,,,,,,163.4,,23.1,,37.5,,35.5,,26.4,,91.6,,93.6,
142198,1,94.8,,,,,,178.6,,29.7,,38.1,,41.6,,36.1,,104.8,,107.2,
142199,1,49.2,,,,,,159.2,3,19.4,,37.9,,35.4,,23.7,,75.4,,90.6,
142200,1,90.3,,,,,,179.3,,28.1,,42,,39.2,,30.8,,107.2,,105,
142201,1,21.9,,,,,,112.1,,17.4,2,,,23.7,,20.1,,55.5,,,
142202,3,8.8,,,1,,,,,,,,,,1,,1,,,,
142203,1,63.6,,,,,,171,,21.8,,40.5,,39.2,,30.2,,81,,90.9,
142204,3,80.7,3,,,,,164.1,,30,,,1,37,,30.2,,,1,,1
142205,1,86.1,,,,,,166.8,,30.9,,41.5,,38.5,,40.1,,108.4,,114.1,
142206,1,100.7,,,,,,176.8,,32.2,,41.7,,40.5,,40.2,,111.3,,105.5,
142208,1,88.1,,,,,,159,,34.8,,35.5,,36.5,,36,,104.4,,110,
142210,2,17.7,3,,,,,107.4,,15.3,2,,,,1,,1,,1,,
142211,1,86,,,,,,179.6,,26.7,,42.3,,40.1,,33.4,,100.8,,106.6,
142212,1,62.2,,,,,,167.9,,22.1,,35,,41.4,,28.7,,82.4,,100.5,
142213,1,51.5,,,,,,153.6,,21.8,,37.4,,32,,26.5,,80.2,,89.4,
142214,1,71.4,,,,,,173.3,,23.8,,41,,39,,29.2,,89,,95,
142215,1,134.7,,,,,,170,,46.6,,40.5,,40.6,,39.9,,142.5,,141.8,
142216,1,72.1,,,,,,171.4,,24.5,,39.2,,38.4,,31.1,,90.1,,97.6,
142218,1,76.6,3,,,,,161.8,,29.3,,41.9,,37.5,,36.3,,91.5,,100.6,
142219,1,55.8,,,,,,160.3,,21.7,,34,,37.2,,26.5,,69,,95.5,
142221,1,80.4,,,,,,172.7,,27,,38,,36.2,,31.6,,97,,100.5,
142225,1,73,,,,,,165.9,,26.5,3,39.1,,36.4,,32.1,,88.2,,104.9,
142226,1,112.3,,,,,,162.8,,42.4,,34.5,,38.4,,40,,122.9,,121.5,
142227,1,109.3,,,,,,168.7,,38.4,,36.4,,42,,40.9,,120.7,,129.9,
142228,1,92.6,,,,,,174.8,,30.3,,38.4,,40.4,,35.5,,118.7,,103.5,
142230,1,169.6,,,,,,178.6,,53.2,,42.4,,38,,46.3,,157.1,,161.5,
142231,1,25,,,,,,125.4,,15.9,2,,,29.1,,18.7,,56.6,,,
142232,1,55.6,,,,,,154.7,,23.2,,37.1,,33.8,,25.6,,86.5,,96,
142233,1,102.1,,,,,,175.8,,33,4,44.5,,42.4,,38.9,,103.6,,118.4,
142234,1,20,,,,,,111.7,,16,2,,,24,,17.5,,52.5,,,
142236,1,65.7,,,,,,155.5,,27.2,,34.9,,35,,31,,95.8,,103.2,
142239,1,60.2,,,,,,154.6,,25.2,,32.6,,34,,28,,83.9,,103.3,
142240,1,6,,64.8,,,,,,,,,,12.5,,13,,,,,
142241,1,102.4,,,,,,173.5,,34,,40.1,,37.3,,36.3,,123.5,,113.8,
142242,1,42.8,,,,,,155.4,,17.7,,33.7,,33.4,,22.8,,74.5,,84.8,
142243,1,79.2,,,,,,173.3,,26.4,,39,,38.2,,31.1,,106.5,,97,
142244,1,29.1,,,,,,126.2,,18.3,3,28.7,,26,,20,,59.8,,,
142245,1,52.4,,,,,,162.3,,19.9,,35.1,,35.7,,26.1,,83.5,,91.2,
142246,1,19.2,,112.5,,,,111,,15.6,2,,,23,,18.6,,49.3,,,
142247,1,85,,,,,,178.7,,26.6,,40.7,,37.3,,33.6,,92,,107,
142248,1,5.1,,58.6,,38.4,,,,,,,,10,,13,,,,,
142249,1,96.1,,,,,,152.4,,41.4,,34.4,,34.7,,37.3,,116.9,,128.9,
142251,3,15.2,,,,,,107.9,,13.1,1,,,22.1,,15.6,,,1,,
142252,1,80.6,,,,,,182.8,,24.1,,43.6,,42.2,,32.5,,92.1,,100.6,
142253,1,68.5,,,,,,158.5,,27.3,,35.5,,33.7,,27.7,,91.2,,105.7,
142255,1,63.9,,,,,,161.4,,24.5,,38,,36.8,,28.8,,90.7,,99.5,
142258,1,59.4,,,,,,154.9,,24.8,,33,,35,,27.8,,93,,97.5,
142259,1,122.2,,,,,,168.5,,43,,37.6,,39,,45.5,,120.8,,130,
142262,1,36.5,,,,,,130.2,,21.5,4,28.2,,29.9,,24.2,,73.9,,,
142263,1,61.3,,,,,,164.8,,22.6,,37,,33.3,,26.3,,80.4,,95,
142264,1,71.2,,,,,,159.1,,28.1,,30.7,,34.3,,29,,89.3,,114.5,
142265,1,25.3,,,,,,115.4,,19,3,,,24.5,,21.5,,62.5,,,
142266,1,87.3,,,,,,169.9,,30.2,,36.6,,35.3,,32.1,,108.6,,129.2,
142267,1,74.4,,,,,,176.9,,23.8,,40.4,,39.5,,31.9,,91.6,,96.8,
142268,1,75.9,,,,,,179.8,,23.5,,45.4,,40,,32.3,,88.9,,100.6,
142269,3,152.4,,,,,,,1,,,39.5,,38,,53.1,,149.3,,147.2,
142271,1,27.8,,,,,,130.5,,16.3,2,30.4,,25.4,,19.8,,56.5,,,
142272,1,49.8,,,,,,166.3,,18,2,40,,33.2,,22,,67.2,,86,
142273,1,54.8,,,,,,165.5,,20,2,38.2,,36.9,,27.1,,71.5,,87,
142274,1,25.6,,,,,,134.1,,14.2,2,,,28.6,,18.2,,55.6,,,
142275,1,48.5,,,,,,159.7,,19,2,40.2,,34.4,,24.5,,68.5,,81,
142277,1,17,,93.7,,,,89.5,,21.2,4,,,19,,18.6,,56,,,
142278,1,83.1,,,,,,166,,30.2,,42.2,,37.6,,30.6,,111,,106.4,
142279,1,95.7,,,,,,177,,30.5,,42,,40.5,,32.6,,109.4,,105,
142280,1,112.9,,,,,,171.4,,38.4,,41.6,,39.7,,36.4,,124.1,,130,
142282,1,16.4,,101.8,,,,102.3,,15.7,2,,,21.4,,16.8,,51.7,,,
142283,1,134.3,,,,,,171.3,,45.8,,40.8,,37.1,,40.5,,137.2,,145.7,
142284,1,94.1,,,,,,188.2,,26.6,,45.3,,40.3,,35.7,,99.5,,106.6,
142286,1,82.6,,,,,,171.8,,28,,38.9,,38.5,,33.4,,105.7,,99.7,
142287,1,71.3,,,,,,173.2,,23.8,,40.9,,40,,29.1,,88.5,,96.8,
142288,1,58.2,,,,,,158.7,,23.1,,36,,34.6,,27.4,,84.6,,98,
142289,1,46.4,,,,,,148.9,,20.9,,34.3,,34.6,,26.7,,68.6,,80.9,
142290,1,104.3,,,,,,177.5,,33.1,,41.3,,41.9,,35.8,,113.9,,109.9,
142292,1,29.5,,,,,,132.2,,16.9,2,29.5,,27.8,,19.5,,57.7,,,
142293,1,83.1,,,,,,170.6,,28.6,,38.5,,38.6,,33.9,,102.4,,102.7,
142295,1,94,,,,,,168.5,,33.1,,37.6,,41,,38.9,,111.2,,120.8,
142298,1,111.4,,,,,,170,,38.5,,37.3,,38.9,,39.4,,136.3,,125.6,
142299,1,113.8,,,,,,178.5,,35.7,,40,,40,,39.8,,121.8,,113.3,
142300,1,75.2,,,,,,151.8,,32.6,,34,,34.7,,35.6,,97.6,,115.4,
142301,2,82.2,3,,,,,164.3,,30.5,,,1,,1,,1,,1,,1
142302,1,55.8,,,,,,161.5,,21.4,,39.3,,35.9,,25,,79.7,,85.6,
142303,1,70.8,,,,,,159.2,,27.9,,34.1,,35,,32.3,,111,,104.5,
142304,1,48.9,,,,,,162.4,,18.5,2,38.3,,37,,21.7,,69.6,,81.4,
142305,1,60.4,,,,,,151.4,,26.4,,33.2,,32.4,,31.2,,89,,96.4,
142306,1,25.3,,,,,,128,,15.4,2,32,,25,,19,,57.7,,,
142307,3,,1,,,,,143.8,,,,,1,34,,35.4,,,1,,1
142308,1,79.3,,,,,,173.3,,26.4,,41.8,,40,,30.6,,98.4,,97.7,
142309,1,81.9,,,,,,179.1,,25.5,,44,,40,,30.8,,96,,103.3,
142310,1,72.1,,,,,,161.7,,27.6,,34.2,,34,,33.5,,110.8,,115,
